wt-circle src,shop2-review-attribution,shop2-review-attribution 2,shop2-review-attribution href,screen-reader-only,prose,wt-display-block href,listing-image src,wt-display-table-cell
https://i.etsystatic.com/site-assets/images/avatars/default_avatar.png?width=75,"on Jun 9, 2026",Jorden,https://www.etsy.com/people/Woodedchimp?ref=shop_review,4 out of 5 stars,Bought the Dewey shirt for my sisters birthday and she couldn't be happier.,https://www.etsy.com/listing/1654529380/dewey-shirt-dewey-homage-t-shirt-dewey?ref=shop_review,https://i.etsystatic.com/5725487208/r/il/1f1334/5725487208/il_170x135.5725487208_bfze.jpg,"DEWEY Shirt, Dewey Homage T-Shirt, Dewey Kenneth Wilkerson Malcolm In The Middle Character Vintage Merch, Erik Per Sullivan Tee Fan Gift"
https://i.etsystatic.com/iusa/c1aac1/89126804/iusa_75x75.89126804_25h4.jpg?version=0,"on Jun 9, 2026",jocelyn,https://www.etsy.com/people/jocelynsafko?ref=shop_review,5 out of 5 stars,Bought this for myself as I am a big fan and I was not disappointed,https://www.etsy.com/listing/1570160248/retro-fitzwilliam-darcy-shirt?ref=shop_review,https://i.etsystatic.com/5378968662/r/il/538e1a/5378968662/il_170x135.5378968662_hj0z.jpg,"Retro Fitzwilliam Darcy Shirt, Fitzwilliam Darcy Tees, Vintage Fitzwilliam Darcy T-shirt, Pride and Prejudice, Gift for fan"
https://i.etsystatic.com/iusa/d6772b/27493462/iusa_75x75.27493462_e8ra.jpg?version=0,"on Feb 10, 2026",Ellen,https://www.etsy.com/people/ellenbowden1?ref=shop_review,5 out of 5 stars,Came earlier than it was supposed to and it's perfect.,https://www.etsy.com/listing/1192937070/princess-diana-retro-shirt-princess?ref=shop_review,https://i.etsystatic.com/3824318635/r/il/845fc0/3824318635/il_170x135.3824318635_r8u5.jpg,"Princess Diana Retro Shirt, Princess Diana Fan Shirt, Princess Diana Shirt, Princess Diana Unisex Shirt, Princess Diana Public Figure Tee"
https://i.etsystatic.com/site-assets/images/avatars/default_avatar.png?width=75,"on Jan 21, 2026",Mark,https://www.etsy.com/people/markbarefield?ref=shop_review,5 out of 5 stars,Perfect for the Darcy lover in your life.,https://www.etsy.com/listing/1570160248/retro-fitzwilliam-darcy-shirt?ref=shop_review,https://i.etsystatic.com/5427133755/r/il/2ef252/5427133755/il_170x135.5427133755_h6r5.jpg,"Retro Fitzwilliam Darcy Shirt, Fitzwilliam Darcy Tees, Vintage Fitzwilliam Darcy T-shirt, Pride and Prejudice, Gift for fan"
https://i.etsystatic.com/iusa/84baf4/67727904/iusa_75x75.67727904_5gva.jpg?version=0,"on Jan 3, 2026",Etsy buyer,https://www.etsy.com/people/thimmmarie?ref=shop_review,5 out of 5 stars,"It was a gift, my girlfriend was thrilled.",https://www.etsy.com/listing/1192937070/princess-diana-retro-shirt-princess?ref=shop_review,https://i.etsystatic.com/3824318691/r/il/b1e155/3824318691/il_170x135.3824318691_7wi4.jpg,"Princess Diana Retro Shirt, Princess Diana Fan Shirt, Princess Diana Shirt, Princess Diana Unisex Shirt, Princess Diana Public Figure Tee"
https://i.etsystatic.com/site-assets/images/avatars/default_avatar.png?width=75,"on Jun 8, 2026",Ashlee,https://www.etsy.com/people/fubve3ls?ref=shop_review,5 out of 5 stars,Awesome buying experience. Shirt arrived super fast and great quality. Highly recommend. A+,https://www.etsy.com/listing/1834290285/james-mcavoy-tribute-t-shirt-james?ref=shop_review,https://i.etsystatic.com/6468940610/r/il/9293bf/6468940610/il_170x135.6468940610_p36q.jpg,"JAMES MCAVOY Tribute T-shirt - James Mcavoy Fans Gift, James Mcavoy Vintage Shirt, James Mcavoy Retro Shirt, James Mcavoy Long Sleeve Shirt"
https://i.etsystatic.com/site-assets/images/avatars/default_avatar.png?width=75,"on May 27, 2026",Taylor,https://www.etsy.com/people/ks4mwkd10xc3qzw9?ref=shop_review,5 out of 5 stars,A great gift for my partner!,https://www.etsy.com/listing/1396813695/retro-taika-waititi-shirt-taika-fans?ref=shop_review,https://i.etsystatic.com/4584085859/r/il/bb4e35/4584085859/il_170x135.4584085859_mmst.jpg,"RETRO TAIKA WAITITI Shirt, Taika Fans Tees, New Zealand Filmmaker, Actor, Comedian Tees, Thor, Taika Waititi Retro 90 Sweater, Taika Waititi"
https://i.etsystatic.com/site-assets/images/avatars/default_avatar.png?width=75,"on May 24, 2026",Kelly,https://www.etsy.com/people/kmdodson3?ref=shop_review,5 out of 5 stars,I love the shirt. Looks great.,https://www.etsy.com/listing/4484442548/david-attenborough-shirt-david?ref=shop_review,https://i.etsystatic.com/7886116380/r/il/b537da/7886116380/il_170x135.7886116380_cf9m.jpg,"DAVID ATTENBOROUGH Shirt, David Attenborough Tshirt, David Attenborough Sweateshirt, David Attenborough Merch, David Attenboroug Shirt"
https://i.etsystatic.com/site-assets/images/avatars/default_avatar.png?width=75,"on May 23, 2026",Santanna,https://www.etsy.com/people/ikx474rlpfev5x8m?ref=shop_review,5 out of 5 stars,"love love love love wear this alllll the time. fits great to size, has beautiful mr shore on it, it's great 🥰",https://www.etsy.com/listing/1820103134/limited-pauly-shore-shirt-pauly-shore?ref=shop_review,https://i.etsystatic.com/6517100837/r/il/3e3b05/6517100837/il_170x135.6517100837_fgju.jpg,"Limited Pauly Shore shirt, Pauly Shore vintage retro design tees, Comedian Shirt, Retro 90's Pauly Shore Shirt, Gift for Fan"
https://i.etsystatic.com/iusa/87e44d/65189052/iusa_75x75.65189052_4tr2.jpg?version=0,"on May 20, 2026",Ib,https://www.etsy.com/people/nbjs1hgs?ref=shop_review,5 out of 5 stars,nice shirt,https://www.etsy.com/listing/1610700137/mia-khalifa-retro-t-shirt-mia-khalifa?ref=shop_review,https://i.etsystatic.com/5503370160/r/il/58d7b5/5503370160/il_170x135.5503370160_otj2.jpg,"MIA KHALIFA Retro T-shirt - Mia Khalifa Tee, Mia Khalifa Long Sleeve Shirt, Mia Khalifa Homage Tees, Mia Khalifa Fans Gifts"
https://i.etsystatic.com/site-assets/images/avatars/default_avatar.png?width=75,"on Feb 13, 2026",Aaron,https://www.etsy.com/people/ud9q4uljinr0gdp9?ref=shop_review,5 out of 5 stars,It's my favorite sweater I own,https://www.etsy.com/listing/1212859497/princess-diana-retro-sweatshirt-princess?ref=shop_review,https://i.etsystatic.com/3846564497/r/il/f4d40c/3846564497/il_170x135.3846564497_nq13.jpg,"Princess Diana Retro Sweatshirt, Princess Diana Homage Sweatshirt, Princess Diana Sweatshirt, Princess Diana Unisex Sweatshirt, Princess"
https://i.etsystatic.com/iusa/d6772b/27493462/iusa_75x75.27493462_e8ra.jpg?version=0,"on Feb 10, 2026",Ellen,https://www.etsy.com/people/ellenbowden1?ref=shop_review,5 out of 5 stars,I love Patrick Swayze and I love this shirt,https://www.etsy.com/listing/1668693419/patrick-swayze-shirt-patrick-swayze?ref=shop_review,https://i.etsystatic.com/5718885418/r/il/5e89fc/5718885418/il_170x135.5718885418_dmxt.jpg,"PATRICK SWAYZE Shirt, Patrick Swayze Homage T-Shirt, Patrick Wayne Swayze Vintage Retro 90s Bootleg Merch, Funny Patrick Swayze Fans Gift"
https://i.etsystatic.com/iusa/d6772b/27493462/iusa_75x75.27493462_e8ra.jpg?version=0,"on Feb 10, 2026",Ellen,https://www.etsy.com/people/ellenbowden1?ref=shop_review,5 out of 5 stars,Perfect shirt! You don't see a lot of Rick Moranis merch out there. Im glad I found this shirt.,https://www.etsy.com/listing/1834302285/retro-rick-moranis-shirt-rick-moranis?ref=shop_review,https://i.etsystatic.com/6468996822/r/il/cf2b12/6468996822/il_170x135.6468996822_gmtf.jpg,"RETRO RICK MORANIS Shirt - Rick Moranis Vintage tees ,Rick Moranis Sweatshirt, Rick Moranis crewneck,Homage Rick Moranis 90's Gift Tees"
https://i.etsystatic.com/iusa/e405cb/75844237/iusa_75x75.75844237_7081.jpg?version=0,"on Feb 10, 2026",Sarah,https://www.etsy.com/people/rjnjk4eo?ref=shop_review,5 out of 5 stars,Love this shirt! It made a fantastic gift for my best friend!,https://www.etsy.com/listing/1654522970/selena-quintanilla-tshirt-quintanilla?ref=shop_review,https://i.etsystatic.com/5766944845/r/il/3a266d/5766944845/il_170x135.5766944845_qxfd.jpg,"SELENA QUINTANILLA Tshirt, Quintanilla Family Shirt, Pop r&b Selena Quintanilla-Pérez, Vintage Tee, Selena Quintanilla Sweatshirt Merch Tees"
https://i.etsystatic.com/iusa/8e2f3a/92298536/iusa_75x75.92298536_chkg.jpg?version=0,"on Feb 8, 2026",Ryan,https://www.etsy.com/people/htxt4vyj?ref=shop_review,5 out of 5 stars,Lovely item and quick delivery,https://www.etsy.com/listing/1212859497/princess-diana-retro-sweatshirt-princess?ref=shop_review,https://i.etsystatic.com/3799033146/r/il/d298c5/3799033146/il_170x135.3799033146_1kyw.jpg,"Princess Diana Retro Sweatshirt, Princess Diana Homage Sweatshirt, Princess Diana Sweatshirt, Princess Diana Unisex Sweatshirt, Princess"
https://i.etsystatic.com/iusa/cc1f9a/58098395/iusa_75x75.58098395_ikx5.jpg?version=0,"on Feb 8, 2026",Jordan,https://www.etsy.com/people/jordanbilbrey?ref=shop_review,5 out of 5 stars,"Great, love it so much",https://www.etsy.com/listing/1610683443/john-mulaney-retro-shirt-john-mulaney?ref=shop_review,https://i.etsystatic.com/5551423667/r/il/b17f7a/5551423667/il_170x135.5551423667_rh59.jpg,"John Mulaney Retro Shirt, John Mulaney Homage Shirt, John Mulaney Fan Shirt, John Mulaney Unisex Shirt, John Mulaney Stand Up Comedian Tee"
https://i.etsystatic.com/iusa/6824a0/94206328/iusa_75x75.94206328_8g2f.jpg?version=0,"on Feb 6, 2026",kiara,https://www.etsy.com/people/anhgwguicksop44v?ref=shop_review,5 out of 5 stars,got it as a gift for my friend whos a tzuyu ult and he loved it lol,https://www.etsy.com/listing/1534461527/tzuyu-twice-tzuyu-shirt-tzuyu-fan-tees?ref=shop_review,https://i.etsystatic.com/5140050398/r/il/8f79cd/5140050398/il_170x135.5140050398_kktt.jpg,"Tzuyu Twice, Tzuyu Shirt, Tzuyu Fan Tees, Tzuyu Twice Merch, Tzuyu Vintage Shirt, Retro Tzuyu Korean Singer Tshirt, Tzuyu Poster Shirt, Momo"
https://i.etsystatic.com/site-assets/images/avatars/default_avatar.png?width=75,"on Feb 5, 2026",Vicente,https://www.etsy.com/people/zs52gurmz1hp57ka?ref=shop_review,5 out of 5 stars,I loved the overall product,https://www.etsy.com/listing/1493186144/jihyo-twice-jihyo-shirt-momo-fan-tees?ref=shop_review,https://i.etsystatic.com/5017025492/r/il/df00e3/5017025492/il_170x135.5017025492_7c72.jpg,"Jihyo Twice, Jihyo Shirt, Momo Fan Tees, Jihyo Twice Merch, Jihyo Vintage Shirt, Retro Jihyo Korean Tour Tshirt, Jihyo Poster Shirt"
https://i.etsystatic.com/iusa/35f07f/24805672/iusa_75x75.24805672_ax22.jpg?version=0,"on Feb 3, 2026",Kris,https://www.etsy.com/people/RetroRiot11?ref=shop_review,5 out of 5 stars,It came out so good! My mom loved it.,https://www.etsy.com/listing/1237255925/custom-order-vintage-shirt-up-to-you?ref=shop_review,https://i.etsystatic.com/3889504952/r/il/1908ec/3889504952/il_170x135.3889504952_muab.jpg,"Custom Order Vintage Shirt, Up to You Shirt, Insert Your Design, Personalized Shirt, Customized Shirt, Change Your Design Here Shirt"
https://i.etsystatic.com/site-assets/images/avatars/default_avatar.png?width=75,"on Jan 15, 2026",Hannah,https://www.etsy.com/people/yheo8k4p?ref=shop_review,5 out of 5 stars,Looks just like the picture!,https://www.etsy.com/listing/1546400233/nayeon-twice-nayeon-shirt-nayeon-fan?ref=shop_review,https://i.etsystatic.com/5196278074/r/il/a762e7/5196278074/il_170x135.5196278074_6vrc.jpg,"Nayeon Twice, Nayeon Shirt, Nayeon Fan Tees, Nayeon Twice Merch, Nayeon Vintage Shirt, Retro Nayeon Korean Girl Tour, Nayeon Poster"
https://i.etsystatic.com/iusa/19a609/62553798/iusa_75x75.62553798_dewi.jpg?version=0,"on Jan 15, 2026",Madeleine,https://www.etsy.com/people/tblzxqaq?ref=shop_review,5 out of 5 stars,The shirt made a great birthday gift! It looked just like the picture.,https://www.etsy.com/listing/4394737693/retro-jack-twist-shirt-jack-twist-retro?ref=shop_review,https://i.etsystatic.com/7333592026/r/il/b9050a/7333592026/il_170x135.7333592026_rzro.jpg,"RETRO JACK TWIST Shirt, Jack Twist Retro T-Shirt, Jack Twist Vintage Fan Tees, Jack Twist Kids Tee, Jack Twist Merch Gift,Jack Twist Lover"
https://i.etsystatic.com/site-assets/images/avatars/default_avatar.png?width=75,"Inactive account on Jan 13, 2026",,,5 out of 5 stars,GOOD STUFF AND VERY AWESOME DESIGNS,https://www.etsy.com/listing/1534461527/tzuyu-twice-tzuyu-shirt-tzuyu-fan-tees?ref=shop_review,https://i.etsystatic.com/5140050398/r/il/8f79cd/5140050398/il_170x135.5140050398_kktt.jpg,"Tzuyu Twice, Tzuyu Shirt, Tzuyu Fan Tees, Tzuyu Twice Merch, Tzuyu Vintage Shirt, Retro Tzuyu Korean Singer Tshirt, Tzuyu Poster Shirt, Momo"
https://i.etsystatic.com/iusa/56be55/82593007/iusa_75x75.82593007_b9a6.jpg?version=0,"on Jan 12, 2026",Nicole,https://www.etsy.com/people/toolitnicole?ref=shop_review,5 out of 5 stars,Good quality! i appreciate the fast shipping too,https://www.etsy.com/listing/1596533846/nayeon-twice-nayeon-shirt-nayeon-fan?ref=shop_review,https://i.etsystatic.com/5551489997/r/il/237f25/5551489997/il_170x135.5551489997_llu9.jpg,"Nayeon Twice, Nayeon Shirt, Nayeon Fan Tees, Nayeon Twice Merch, Nayeon Vintage Shirt, Retro Nayeon Korean Girl Singer Tour, Nayeon Poster"
https://i.etsystatic.com/site-assets/images/avatars/default_avatar.png?width=75,"on Jan 9, 2026",Rodney,https://www.etsy.com/people/qahnuooy?ref=shop_review,5 out of 5 stars,I really enjoy the shirt that I received. It came very quickly as well. Top purchase!,https://www.etsy.com/listing/1744586626/winona-ryder-winona-ryder-shirt-winona?ref=shop_review,https://i.etsystatic.com/6159559957/r/il/c9d88a/6159559957/il_170x135.6159559957_45lh.jpg,"Winona Ryder, Winona Ryder Shirt, Winona Ryder Merch, Winona Ryder Fan Tees, Retro Winona Ryder Film, Vintage Winona Ryder Poster Shirt"
https://i.etsystatic.com/site-assets/images/avatars/default_avatar.png?width=75,"on Jan 8, 2026",Dre,https://www.etsy.com/people/scov77fob2c2k3dv?ref=shop_review,5 out of 5 stars,The best tee shirt ever!,https://www.etsy.com/listing/1529301963/robert-barone-shirt-frank-everybody?ref=shop_review,https://i.etsystatic.com/5116515868/r/il/55d3e5/5116515868/il_170x135.5116515868_2ant.jpg,"ROBERT BARONE Shirt, Frank Everybody Loves Raymond Funny T-shirt, Everybody Loves Raymond Brad Garrett, Funny Raymond Ray Barone Tees"
https://i.etsystatic.com/site-assets/images/avatars/default_avatar.png?width=75,"on Jan 7, 2026",Karina,https://www.etsy.com/people/dsfd29ua9twwng58?ref=shop_review,5 out of 5 stars,Love my T-shirt! Thank you!,https://www.etsy.com/listing/1668699599/cha-eunwoo-t-shirt-cha-eunwoo-fans-shirt?ref=shop_review,https://i.etsystatic.com/5718913486/r/il/3603d6/5718913486/il_170x135.5718913486_4axc.jpg,"CHA EUNWOO T-shirt - Cha Eunwoo Fans Shirt, Cha Eunwoo Vintage Tees, Cha Eunwoo Retro Shirt, Cha Eunwoo Shirt, Cha Eunwoo Bootleg Shirt"
https://i.etsystatic.com/iusa/b984c1/100856863/iusa_75x75.100856863_3jmh.jpg?version=0,"on Jan 7, 2026",Trish,https://www.etsy.com/people/xxyhsgxp?ref=shop_review,5 out of 5 stars,Was cool. Thanks for the item,https://www.etsy.com/listing/1654529362/elena-gilbert-shirt-elena-gilbert-homage?ref=shop_review,https://i.etsystatic.com/5718909604/r/il/a624a4/5718909604/il_170x135.5718909604_4yeg.jpg,"ELENA GILBERT Shirt, Elena Gilbert Homage T-Shirt, Nina Kamenova Dobreva Canadian Actress Vintage Merch, The Vampire Diaries Tee Fan Gift"
https://i.etsystatic.com/site-assets/images/avatars/default_avatar.png?width=75,"on Jan 6, 2026",Kerrin,https://www.etsy.com/people/pzvtzwmc?ref=shop_review,5 out of 5 stars,Texture is a bit rough but looks good and arrived quickly,https://www.etsy.com/listing/1391242333/chishiya-shirt-shuntaro-chishiya-homage?ref=shop_review,https://i.etsystatic.com/4512166448/r/il/0b5816/4512166448/il_170x135.4512166448_3fhn.jpg,CHISHIYA Shirt | Shuntaro Chishiya Homage T-Shirt | Vintage Cheshire Alice In Borderland Bootleg Merch Fans Gift | Funny Cheshire Retro Tee
https://i.etsystatic.com/site-assets/images/avatars/default_avatar.png?width=75,"on Jan 7, 2026",charlotte,https://www.etsy.com/people/bfgxwr0f?ref=shop_review,4 out of 5 stars,Good quality and item matches the photos,https://www.etsy.com/listing/1654523092/piper-halliwell-vintage-t-shirt-piper?ref=shop_review,https://i.etsystatic.com/5766950137/r/il/3b7409/5766950137/il_170x135.5766950137_gwgf.jpg,"PIPER HALLIWELL Vintage T-shirt - Piper Halliwell Bootleg Tees, Piper Halliwell Fans Gifts, Piper Halliwell Retro Shirt, Piper Kids Tee"
https://i.etsystatic.com/site-assets/images/avatars/default_avatar.png?width=75,"on Dec 29, 2025",Etsy buyer,https://www.etsy.com/people/pmp118?ref=shop_review,5 out of 5 stars,Great gift! My daughter-in-law loves the shirt. Quick shipping. Good quality.,https://www.etsy.com/listing/1758780019/serj-tankian-vintage-t-shirt-serj?ref=shop_review,https://i.etsystatic.com/6111440716/r/il/e83333/6111440716/il_170x135.6111440716_e0e2.jpg,"SERJ TANKIAN Vintage T-shirt - Serj Tankian Bootleg Tees, Serj Tankian Fans Gifts, Serj Tankian Retro Shirt, Serj Tankian Kids Tee"
https://i.etsystatic.com/iusa/daf728/113186787/iusa_75x75.113186787_2lwo.jpg?version=0,"on Dec 28, 2025",Brit,https://www.etsy.com/people/ka99spzdv3u7vns2?ref=shop_review,5 out of 5 stars,Good shirt fits as advertised,https://www.etsy.com/listing/1820422727/hardin-scott-retro-tshirt-hardin-scott?ref=shop_review,https://i.etsystatic.com/6402424512/r/il/7a8a22/6402424512/il_170x135.6402424512_nbts.jpg,"HARDIN SCOTT Retro Tshirt, Hardin Scott Fan Club Shirt, Hardin Scott Vintage, Hardin Scott Longsleeve, Hero Fiennes Tiffin Gift Tees"
https://i.etsystatic.com/iusa/b643c0/102707843/iusa_75x75.102707843_ssab.jpg?version=0,"on Dec 27, 2025",Maddy,https://www.etsy.com/people/3y0faorx?ref=shop_review,5 out of 5 stars,The seller is so kind and a great communicator.,https://www.etsy.com/listing/1237255925/custom-order-vintage-shirt-up-to-you?ref=shop_review,https://i.etsystatic.com/3889504952/r/il/1908ec/3889504952/il_170x135.3889504952_muab.jpg,"Custom Order Vintage Shirt, Up to You Shirt, Insert Your Design, Personalized Shirt, Customized Shirt, Change Your Design Here Shirt"
https://i.etsystatic.com/iusa/b643c0/102707843/iusa_75x75.102707843_ssab.jpg?version=0,"on Dec 27, 2025",Maddy,https://www.etsy.com/people/3y0faorx?ref=shop_review,5 out of 5 stars,My siblings thought it was great!,https://www.etsy.com/listing/1237255925/custom-order-vintage-shirt-up-to-you?ref=shop_review,https://i.etsystatic.com/3889504952/r/il/1908ec/3889504952/il_170x135.3889504952_muab.jpg,"Custom Order Vintage Shirt, Up to You Shirt, Insert Your Design, Personalized Shirt, Customized Shirt, Change Your Design Here Shirt"
https://i.etsystatic.com/iusa/b643c0/102707843/iusa_75x75.102707843_ssab.jpg?version=0,"on Dec 27, 2025",Maddy,https://www.etsy.com/people/3y0faorx?ref=shop_review,5 out of 5 stars,The shirts look great! The colours are vibrant,https://www.etsy.com/listing/1237255925/custom-order-vintage-shirt-up-to-you?ref=shop_review,https://i.etsystatic.com/3889504952/r/il/1908ec/3889504952/il_170x135.3889504952_muab.jpg,"Custom Order Vintage Shirt, Up to You Shirt, Insert Your Design, Personalized Shirt, Customized Shirt, Change Your Design Here Shirt"
https://i.etsystatic.com/site-assets/images/avatars/default_avatar.png?width=75,"on Dec 27, 2025",Emily,https://www.etsy.com/people/emilyschramm1?ref=shop_review,5 out of 5 stars,"Great shirt! Again, a required review is annoying etsy…",https://www.etsy.com/listing/1610683443/john-mulaney-retro-shirt-john-mulaney?ref=shop_review,https://i.etsystatic.com/5551423667/r/il/b17f7a/5551423667/il_170x135.5551423667_rh59.jpg,"John Mulaney Retro Shirt, John Mulaney Homage Shirt, John Mulaney Fan Shirt, John Mulaney Unisex Shirt, John Mulaney Stand Up Comedian Tee"
https://i.etsystatic.com/site-assets/images/avatars/default_avatar.png?width=75,"on Dec 27, 2025",Emily,https://www.etsy.com/people/emilyschramm1?ref=shop_review,5 out of 5 stars,great shirt. I wish i didnt have to write a review for this notification to go away.,https://www.etsy.com/listing/1610683443/john-mulaney-retro-shirt-john-mulaney?ref=shop_review,https://i.etsystatic.com/5551423667/r/il/b17f7a/5551423667/il_170x135.5551423667_rh59.jpg,"John Mulaney Retro Shirt, John Mulaney Homage Shirt, John Mulaney Fan Shirt, John Mulaney Unisex Shirt, John Mulaney Stand Up Comedian Tee"
https://i.etsystatic.com/site-assets/images/avatars/default_avatar.png?width=75,"on Dec 27, 2025",jope,https://www.etsy.com/people/vlflmtoy?ref=shop_review,5 out of 5 stars,super cute and well made!!,https://www.etsy.com/listing/1668693419/patrick-swayze-shirt-patrick-swayze?ref=shop_review,https://i.etsystatic.com/5718885418/r/il/5e89fc/5718885418/il_170x135.5718885418_dmxt.jpg,"PATRICK SWAYZE Shirt, Patrick Swayze Homage T-Shirt, Patrick Wayne Swayze Vintage Retro 90s Bootleg Merch, Funny Patrick Swayze Fans Gift"
https://i.etsystatic.com/site-assets/images/avatars/default_avatar.png?width=75,"on Dec 26, 2025",Heather,https://www.etsy.com/people/kj3a2pci3o07r1fw?ref=shop_review,5 out of 5 stars,Great shirt. Loved the images,https://www.etsy.com/listing/1843526457/charlie-heaton-retro-t-shirt-charlie?ref=shop_review,https://i.etsystatic.com/6505538330/r/il/00fee6/6505538330/il_170x135.6505538330_s6oa.jpg,"CHARLIE HEATON Retro T-shirt - Charlie Heaton Fan Club, Jonathan Byers Homage T-shirt, Charlie Heaton Fans Gift, Charlie Natalia Couple"
https://i.etsystatic.com/site-assets/images/avatars/default_avatar.png?width=75,"on Dec 24, 2025",Ricardo,https://www.etsy.com/people/pfn7p4fxs2w3qr3t?ref=shop_review,5 out of 5 stars,The print on the shirt was very high quality and the material of the shirt felt very comfortable. It made a great gift.,https://www.etsy.com/listing/1507368461/momo-twice-momo-shirt-momo-fan-tees-momo?ref=shop_review,https://i.etsystatic.com/5017026476/r/il/8b5eba/5017026476/il_170x135.5017026476_8s6x.jpg,"Momo Twice, Momo Shirt, Momo Fan Tees, Momo Twice Merch, Momo Vintage Shirt, Retro Momo Korean Tour Tshirt, Momo Gift Poster Shirt"
https://i.etsystatic.com/iusa/41bc8b/63362515/iusa_75x75.63362515_elk8.jpg?version=0,"on Dec 16, 2025",Kate,https://www.etsy.com/people/whaleyk98?ref=shop_review,5 out of 5 stars,This print is really great! Thank you!,https://www.etsy.com/listing/1202447931/tobey-maguire-retro-shirt-tobey-maguire?ref=shop_review,https://i.etsystatic.com/3807515741/r/il/c187d8/3807515741/il_170x135.3807515741_wxp8.jpg,"Tobey Maguire Retro Shirt, Tobey Maguire Homage Shirt, Tobey Maguire Fan Shirt, Tobey Maguire Shirt, Tobey Maguire Funny Dance Shirt"
https://i.etsystatic.com/site-assets/images/avatars/default_avatar.png?width=75,"on Dec 16, 2025",Etsy buyer,https://www.etsy.com/people/megs5272?ref=shop_review,4 out of 5 stars,"Fast shipping, great item, would buy from again.",https://www.etsy.com/listing/1596586632/shawn-hunter-retro-t-shirt-shawn-hunter?ref=shop_review,https://i.etsystatic.com/5503621720/r/il/ce5cc3/5503621720/il_170x135.5503621720_iygn.jpg,"SHAWN HUNTER Retro T-shirt - Shawn Hunter Homage Tees, Shawn Hunter Vintage Shirt, Rider Strong Fans Gift, Shawn Hunter 90's Shirt"
https://i.etsystatic.com/site-assets/images/avatars/default_avatar.png?width=75,"on Dec 16, 2025",Christie,https://www.etsy.com/people/8r8khrj7hcharsvh?ref=shop_review,5 out of 5 stars,My mom loves this shirt! Perfect gift for her birthday.,https://www.etsy.com/listing/1512770873/olivia-benson-shirt-olivia-benson-homage?ref=shop_review,https://i.etsystatic.com/5090018513/r/il/8e47e8/5090018513/il_170x135.5090018513_i5yw.jpg,"OLIVIA BENSON Shirt, Olivia Benson Homage T-Shirt, Law And Order SVU Vintage Retro Merch Fans Gift, Funny Olivia Benson Bootleg 90s Shirt"
https://i.etsystatic.com/iusa/3f08f8/93367532/iusa_75x75.93367532_sdp6.jpg?version=0,"on Dec 15, 2025",Bryan,https://www.etsy.com/people/swdl6nkw4cb22wkz?ref=shop_review,5 out of 5 stars,Received the item quickly and in a good condition and it also has a great design.,https://www.etsy.com/listing/1190784024/jack-nicholson-retro-shirt-jack?ref=shop_review,https://i.etsystatic.com/3816083687/r/il/2e20d4/3816083687/il_170x135.3816083687_ilm9.jpg,"Jack Nicholson Retro Shirt, Jack Nicholson Homage Shirt, Jack Nicholson Shirt,Jack Nicholson Unisex Shirt, Jack Nicholson Actor Comedian Tee"
https://i.etsystatic.com/site-assets/images/avatars/default_avatar.png?width=75,"on Dec 15, 2025",Sabrina,https://www.etsy.com/people/q92tcwnbtvqum6rm?ref=shop_review,5 out of 5 stars,Great quality of the item,https://www.etsy.com/listing/1820422703/hardin-scott-retro-tshirt-hardin-scott?ref=shop_review,https://i.etsystatic.com/6402423864/r/il/e72769/6402423864/il_170x135.6402423864_ic0w.jpg,"HARDIN SCOTT Retro Tshirt, Hardin Scott Fan Club Shirt, Hardin Scott Vintage, Hardin Scott Longsleeve, Hero Fiennes Tiffin Gift Tees"
https://i.etsystatic.com/iusa/d578b8/104111633/iusa_75x75.104111633_4e6a.jpg?version=0,"on Dec 14, 2025",Holley,https://www.etsy.com/people/holleygirl6?ref=shop_review,5 out of 5 stars,My niece will love this.,https://www.etsy.com/listing/1698044907/leonardo-dicaprio-shirt-dicaprio-jack?ref=shop_review,https://i.etsystatic.com/5849339498/r/il/dad11c/5849339498/il_170x135.5849339498_9ktd.jpg,"LEONARDO DiCaprio Shirt, Dicaprio Jack Dawson Shirt, DiCaprio 1998 Titaniic, Candie Django Movie, Leonard Dicaprio TShirt, Wallstreet Shirt"
https://i.etsystatic.com/site-assets/images/avatars/default_avatar.png?width=75,"on Dec 12, 2025",Trinity,https://www.etsy.com/people/vxgqlx2b?ref=shop_review,5 out of 5 stars,Came fast and as pictured,https://www.etsy.com/listing/1610753401/will-smith-vintage-shirt-will-smith?ref=shop_review,https://i.etsystatic.com/5551736113/r/il/5c95e9/5551736113/il_170x135.5551736113_kyvf.jpg,"WILL SMITH Vintage Shirt, Will Smith Homage Fan Tees, Will Smith Homage Retro, Will Smith Graphic Retro 90s, Will Smith Merch"
https://i.etsystatic.com/site-assets/images/avatars/default_avatar.png?width=75,"on Dec 11, 2025",Sheri,https://www.etsy.com/people/xj477eb9963x5s7t?ref=shop_review,5 out of 5 stars,"Great quality, delivery was quick considering how far it travelled! Would order again :)",https://www.etsy.com/listing/1834301879/salvatore-brothers-shirt-stefan?ref=shop_review,https://i.etsystatic.com/6468997882/r/il/acf25f/6468997882/il_170x135.6468997882_6lee.jpg,"Salvatore Brother's Shirt, Stefan Salvatore Shirt , Damon Salvatore Shirt, Paul Wesley Shirt, Salvatore Brothers Tees , Gift For Fan"
https://i.etsystatic.com/site-assets/images/avatars/default_avatar.png?width=75,"on Dec 9, 2025",Mariah,https://www.etsy.com/people/6yxstevu?ref=shop_review,5 out of 5 stars,Was looking for a silly bootleg shirt for my partner and adore this. Great choice,https://www.etsy.com/listing/1758780019/serj-tankian-vintage-t-shirt-serj?ref=shop_review,https://i.etsystatic.com/6111440716/r/il/e83333/6111440716/il_170x135.6111440716_e0e2.jpg,"SERJ TANKIAN Vintage T-shirt - Serj Tankian Bootleg Tees, Serj Tankian Fans Gifts, Serj Tankian Retro Shirt, Serj Tankian Kids Tee"
https://i.etsystatic.com/site-assets/images/avatars/default_avatar.png?width=75,"on Dec 9, 2025",Heather,https://www.etsy.com/people/sagj9wxkd3klfb49?ref=shop_review,5 out of 5 stars,It was as described. Yay,https://www.etsy.com/listing/1520274356/courtney-love-shirt-courtney-love-homage?ref=shop_review,https://i.etsystatic.com/5188219539/r/il/67ca71/5188219539/il_170x135.5188219539_q83t.jpg,"COURTNEY LOVE Shirt, Courtney Love Homage T-Shirt, Courtney Michelle Love American Vintage Merch, Courtney Love Fan Gift"
https://i.etsystatic.com/site-assets/images/avatars/default_avatar.png?width=75,"on Nov 30, 2025",Misty,https://www.etsy.com/people/gaxwb15j?ref=shop_review,5 out of 5 stars,I love my shirt it is so pretty,https://www.etsy.com/listing/1698018099/gavin-newsom-vintage-shirt-gavin-newsom?ref=shop_review,https://i.etsystatic.com/5849213456/r/il/4508f0/5849213456/il_170x135.5849213456_e0vp.jpg,"GAVIN NEWSOM Vintage Shirt, Gavin Newsom Homage Tshirt, Gavin Newsom Fan Tees, Gavin Newsom Retro 90s Sweater, Gavin"
https://i.etsystatic.com/site-assets/images/avatars/default_avatar.png?width=75,"on Nov 30, 2025",Etsy buyer,https://www.etsy.com/people/oliviak99?ref=shop_review,5 out of 5 stars,"Great birthday present, my friend loved it",https://www.etsy.com/listing/1521750733/michael-cera-shirt-michael-cera-homage-t?ref=shop_review,https://i.etsystatic.com/5130708069/r/il/234042/5130708069/il_170x135.5130708069_o81g.jpg,"MICHAEL CERA Shirt, Michael Cera Homage T-Shirt, Michael Austin Cera Canadian Actor Vintage Retro Bootleg Merch, Michael Cera Fans Gift"
https://i.etsystatic.com/iusa/308fc2/70193226/iusa_75x75.70193226_fr1e.jpg?version=0,"on Nov 29, 2025",Samantha,https://www.etsy.com/people/sgilchrest?ref=shop_review,5 out of 5 stars,Looks just like the photo,https://www.etsy.com/listing/4325840604/fried-rice-shirt-fried-rice-lover-fried?ref=shop_review,https://i.etsystatic.com/7016258359/r/il/7f5f06/7016258359/il_170x135.7016258359_8k3y.jpg,"Fried Rice Shirt, Fried Rice Lover, Fried Rice Funny Shirt, Funny Meme Tees, Fried Rice Merch, Food Lover, Food Lover Merc"
https://i.etsystatic.com/iusa/ae4d55/80994824/iusa_75x75.80994824_7zu8.jpg?version=0,"on Nov 28, 2025",Richy,https://www.etsy.com/people/ygehjvhq?ref=shop_review,5 out of 5 stars,Very lovely and thorough when communicating and it even arrived earlier than expected. Absolutely love it :),https://www.etsy.com/listing/1237255925/custom-order-vintage-shirt-up-to-you?ref=shop_review,https://i.etsystatic.com/3889504952/r/il/1908ec/3889504952/il_170x135.3889504952_muab.jpg,"Custom Order Vintage Shirt, Up to You Shirt, Insert Your Design, Personalized Shirt, Customized Shirt, Change Your Design Here Shirt"
https://i.etsystatic.com/site-assets/images/avatars/default_avatar.png?width=75,"on Nov 27, 2025",Payton,https://www.etsy.com/people/uunqzsb3wg1sjavp?ref=shop_review,5 out of 5 stars,One of my all time favorite t-shirts!!! I would absolutely reccommend this item :),https://www.etsy.com/listing/4347322904/nathan-fillion-retro-shirt-nathan?ref=shop_review,https://i.etsystatic.com/7085332562/r/il/f5177c/7085332562/il_170x135.7085332562_jumb.jpg,"NATHAN FILLION Retro Shirt, Nathan Fillion Retro Tees, Charming Wit T-Shirt, Bold Lead Longsleeve, Nathan Fillion Vintage Sweater"
https://i.etsystatic.com/site-assets/images/avatars/default_avatar.png?width=75,"Etsy buyer on Nov 26, 2025",,,5 out of 5 stars,Just as described! Looks great!,https://www.etsy.com/listing/1683865170/johnny-depp-vintage-shirt-johnny-depp?ref=shop_review,https://i.etsystatic.com/5897429611/r/il/69db99/5897429611/il_170x135.5897429611_pde0.jpg,"JOHNNY DEPP Vintage Shirt, Johnny Depp Homage Fan Tees, Johnny Depp Homage Retro, Johnny Depp Graphic Retro 90s, Johnny Depp Merch"
https://i.etsystatic.com/iusa/ec4def/60861997/iusa_75x75.60861997_5nti.jpg?version=0,"on Nov 23, 2025",Amber,https://www.etsy.com/people/damnationpink?ref=shop_review,5 out of 5 stars,great shirt! print quality is good and hasnt faded in the wash.,https://www.etsy.com/listing/1570160248/retro-fitzwilliam-darcy-shirt?ref=shop_review,https://i.etsystatic.com/5427133755/r/il/2ef252/5427133755/il_170x135.5427133755_h6r5.jpg,"Retro Fitzwilliam Darcy Shirt, Fitzwilliam Darcy Tees, Vintage Fitzwilliam Darcy T-shirt, Pride and Prejudice, Gift for fan"
https://i.etsystatic.com/site-assets/images/avatars/default_avatar.png?width=75,"on Nov 23, 2025",Ash,https://www.etsy.com/people/l884g4b7ur5fhwvz?ref=shop_review,5 out of 5 stars,"Amazing gift for my friend’s birthday, he loved it! Shirt seemed good quality, though the print was a little rough on top. Couldn’t notice when wearing it though! Doesn’t look like a shirt that will peal so all around it looks great!",https://www.etsy.com/listing/1758780019/serj-tankian-vintage-t-shirt-serj?ref=shop_review,https://i.etsystatic.com/6111440716/r/il/e83333/6111440716/il_170x135.6111440716_e0e2.jpg,"SERJ TANKIAN Vintage T-shirt - Serj Tankian Bootleg Tees, Serj Tankian Fans Gifts, Serj Tankian Retro Shirt, Serj Tankian Kids Tee"
https://i.etsystatic.com/iusa/3880a2/100550324/iusa_75x75.100550324_b6sx.jpg?version=0,"on Nov 23, 2025",Laura,https://www.etsy.com/people/sleepyspam98?ref=shop_review,5 out of 5 stars,"The shirt came quickly and looks exactly as described! The quality is great too, thank you!",https://www.etsy.com/listing/1683865216/keshi-retro-t-shirt-keshi-vintage-tee?ref=shop_review,https://i.etsystatic.com/5849336848/r/il/1b003e/5849336848/il_170x135.5849336848_3sve.jpg,"KESHI Retro T-shirt - Keshi Vintage Tee, Keshi Long Sleeve Shirt, Keshi Fans Tee, Keshi Kids Tee, Keshi Fans Shirt, Keshi Homage Shirt"
https://i.etsystatic.com/iusa/6302de/111601141/iusa_75x75.111601141_5cof.jpg?version=0,"on Nov 23, 2025",Amelia,https://www.etsy.com/people/adoremestiles?ref=shop_review,5 out of 5 stars,My friend loved her gift,https://www.etsy.com/listing/1718627942/melissa-barrera-vintage-shirt-melissa?ref=shop_review,https://i.etsystatic.com/6044557035/r/il/732982/6044557035/il_170x135.6044557035_5kr9.jpg,"MELISSA BARRERA Vintage Shirt, Melissa Barrera Homage Tshirt, Melissa Barrera Fan Tees, Melissa Barrera Retro 90s Sweater, MelissaBarreram"
https://i.etsystatic.com/site-assets/images/avatars/default_avatar.png?width=75,"on Nov 9, 2025",Etsy buyer,https://www.etsy.com/people/claircooper123?ref=shop_review,5 out of 5 stars,Perfect item. Matches the description. And arrived ahead of schedule even with shipping to the UK. Thank you!,https://www.etsy.com/listing/4347322904/nathan-fillion-retro-shirt-nathan?ref=shop_review,https://i.etsystatic.com/7085332562/r/il/f5177c/7085332562/il_170x135.7085332562_jumb.jpg,"NATHAN FILLION Retro Shirt, Nathan Fillion Retro Tees, Charming Wit T-Shirt, Bold Lead Longsleeve, Nathan Fillion Vintage Sweater"
https://i.etsystatic.com/site-assets/images/avatars/default_avatar.png?width=75,"on Nov 9, 2025",Nina,https://www.etsy.com/people/Cupcake1308?ref=shop_review,5 out of 5 stars,"Arrived very quickly, looks just like in the pictures",https://www.etsy.com/listing/1820424369/jenna-marbles-retro-t-shirt-jenna?ref=shop_review,https://i.etsystatic.com/6406973864/r/il/38343d/6406973864/il_170x135.6406973864_tjtj.jpg,"JENNA MARBLES Retro T-shirt - Jenna Marbles Homage Tees, Jenna Marbles Vintage Tshirt, Jenna Marbles 90's Tee, Jenna Marbles Shirt"
https://i.etsystatic.com/site-assets/images/avatars/default_avatar.png?width=75,"on Nov 5, 2025",Joanna,https://www.etsy.com/people/nry3mntr?ref=shop_review,5 out of 5 stars,Perfect gift kinda small but I believe it just needs a wash and it will be good,https://www.etsy.com/listing/1584351757/mina-twice-mina-shirt-mina-fan-tees-mina?ref=shop_review,https://i.etsystatic.com/5378996686/r/il/c823b7/5378996686/il_170x135.5378996686_j980.jpg,"MINA Twice, Mina Shirt, Mina Fan Tees, Mina Twice Merch, Mina Vintage Shirt, Retro Mina Korean Tour Tshirt, Mina Gift Poster Shirt"
https://i.etsystatic.com/iusa/dceaa0/105744462/iusa_75x75.105744462_jbi3.jpg?version=0,"on Nov 2, 2025",Mitch,https://www.etsy.com/people/mitchhyatt322?ref=shop_review,5 out of 5 stars,quality is great. definitely would buy from again.,https://www.etsy.com/listing/1596511544/chandler-bing-shirt-friends-tv-series?ref=shop_review,https://i.etsystatic.com/5551403793/r/il/4ae1c6/5551403793/il_170x135.5551403793_94y7.jpg,"CHANDLER BING Shirt, Friends Tv Series Matthew Perry Gift, Vintage Chandler Bing T-shirt Retro 90's, Funny Chandler Friends Fans Merch"
https://i.etsystatic.com/site-assets/images/avatars/default_avatar.png?width=75,"on Nov 2, 2025",Claire,https://www.etsy.com/people/rsqmvfjd?ref=shop_review,5 out of 5 stars,I love this seller and their items. Quick dispatch and delivery to the UK.,https://www.etsy.com/listing/4347323170/retro-tom-sturridge-shirt-tom-sturridge?ref=shop_review,https://i.etsystatic.com/7133279671/r/il/7eaead/7133279671/il_170x135.7133279671_rg3j.jpg,"RETRO Tom Sturridge Shirt, Tom Sturridge Vintage Tees, Tom Sturridge Sweatshirt, Tom Sturridge Fan, Tom Sturridge Merch"
https://i.etsystatic.com/site-assets/images/avatars/default_avatar.png?width=75,"Etsy buyer on Nov 1, 2025",,,5 out of 5 stars,It’s so funny and cute mom will love!,https://www.etsy.com/listing/1512712975/jason-bateman-jason-bateman-shirt-jason?ref=shop_review,https://i.etsystatic.com/5089911077/r/il/7e4151/5089911077/il_170x135.5089911077_bmqj.jpg,"Jason Bateman, Jason Bateman Shirt, Jason Bateman Movie Shirt, Actor Jason Bateman Vintage, Jason Bateman Fan Tees, Jason Bateman Drama Tees"
https://i.etsystatic.com/site-assets/images/avatars/default_avatar.png?width=75,"on Oct 29, 2025",Amy,https://www.etsy.com/people/fojk0x1xwkqy5vww?ref=shop_review,5 out of 5 stars,"arrived very fast, great quality print",https://www.etsy.com/listing/1892029480/retro-nachos-funny-shirt-nachos-tees-y2k?ref=shop_review,https://i.etsystatic.com/6855206009/r/il/78633d/6855206009/il_170x135.6855206009_4ooi.jpg,"Retro Nachos Funny Shirt, Nachos Tees, Y2K Shirt, Nachos Lover, Gift for Food Lover, Food Shirt, Funny Tees"
https://i.etsystatic.com/iusa/71c6be/77424648/iusa_75x75.77424648_nwmi.jpg?version=0,"on Oct 27, 2025",Sheri,https://www.etsy.com/people/sheridodson1?ref=shop_review,5 out of 5 stars,Good product and arrived in time. Thank you.,https://www.etsy.com/listing/1529301815/blair-waldorf-shirt-gossip-girl-blair?ref=shop_review,https://i.etsystatic.com/5164729753/r/il/618292/5164729753/il_170x135.5164729753_ibr9.jpg,"BLAIR WALDORF Shirt, Gossip Girl Blair Waldorf T-shirt, Blair Waldorf Homage Merch, Blair Waldorf Chuck Bass Tee, Leighton Meester Shirt"
https://i.etsystatic.com/iusa/2b6913/95423396/iusa_75x75.95423396_py7i.jpg?version=0,"on Oct 26, 2025",Mira,https://www.etsy.com/people/4wsuwpzw1rnzhdxq?ref=shop_review,5 out of 5 stars,"Literally the perfect gift for my bestie. It arrived very quickly, and is such a silly design she loves it!!",https://www.etsy.com/listing/1610683443/john-mulaney-retro-shirt-john-mulaney?ref=shop_review,https://i.etsystatic.com/5551423667/r/il/b17f7a/5551423667/il_170x135.5551423667_rh59.jpg,"John Mulaney Retro Shirt, John Mulaney Homage Shirt, John Mulaney Fan Shirt, John Mulaney Unisex Shirt, John Mulaney Stand Up Comedian Tee"
https://i.etsystatic.com/site-assets/images/avatars/default_avatar.png?width=75,"on Oct 21, 2025",Ashley,https://www.etsy.com/people/1CBJfan?ref=shop_review,5 out of 5 stars,Thank you so much! Whenever I wear it my friends look at me like I'm crazy which is what I expected with this shirt!,https://www.etsy.com/listing/1683838306/farkle-minkus-retro-t-shirt-farkle?ref=shop_review,https://i.etsystatic.com/5897306949/r/il/e8384b/5897306949/il_170x135.5897306949_2jy4.jpg,"FARKLE MINKUS Retro T-shirt - Farkle Minkus Vintage Shirt, Farkle Minkus Homage Tees, Girl Meets World Farkle Minkus Memes, Corey Fogelmanis"
https://i.etsystatic.com/site-assets/images/avatars/default_avatar.png?width=75,"on Sep 22, 2025",Etsy buyer,https://www.etsy.com/people/mscremin?ref=shop_review,5 out of 5 stars,super great quality thank you!,https://www.etsy.com/listing/1868027621/meg-donelly-vintage-shirt-meg-donelly?ref=shop_review,https://i.etsystatic.com/6613458578/r/il/542f01/6613458578/il_170x135.6613458578_7v0y.jpg,"MEG DONELLY Vintage Shirt, Meg Donelly Homage TShirt, Meg Donelly Fan Tees, Meg Donelly Retro 90s Shirt, Meg Donelly Merch Gift"
https://i.etsystatic.com/iusa/173be6/115337849/iusa_75x75.115337849_lzgo.jpg?version=0,"on Sep 22, 2025",Baylie,https://www.etsy.com/people/ggi2nblr?ref=shop_review,5 out of 5 stars,I love the item! Friends love it too!,https://www.etsy.com/listing/1403693363/damon-salvatore-retro-shirt-damon?ref=shop_review,https://i.etsystatic.com/4565011394/r/il/58a6ec/4565011394/il_170x135.4565011394_8rn7.jpg,"DAMON SALVATORE Retro Shirt, Damon Salvatore  Bootleg T-shirt, Vintage Ian Somerhalder Merch , Movies and Series Tee"
https://i.etsystatic.com/site-assets/images/avatars/default_avatar.png?width=75,"on Sep 17, 2025",Mauricio,https://www.etsy.com/people/kej3vg64t1vqj8ui?ref=shop_review,5 out of 5 stars,Good quality and the picture is beautiful,https://www.etsy.com/listing/1570160248/retro-fitzwilliam-darcy-shirt?ref=shop_review,https://i.etsystatic.com/5427133755/r/il/2ef252/5427133755/il_170x135.5427133755_h6r5.jpg,"Retro Fitzwilliam Darcy Shirt, Fitzwilliam Darcy Tees, Vintage Fitzwilliam Darcy T-shirt, Pride and Prejudice, Gift for fan"
https://i.etsystatic.com/site-assets/images/avatars/default_avatar.png?width=75,"on Sep 17, 2025",Mauricio,https://www.etsy.com/people/kej3vg64t1vqj8ui?ref=shop_review,5 out of 5 stars,Good quality and the picture looks great,https://www.etsy.com/listing/1192937070/princess-diana-retro-shirt-princess?ref=shop_review,https://i.etsystatic.com/3824318637/r/il/39482f/3824318637/il_170x135.3824318637_dn7s.jpg,"Princess Diana Retro Shirt, Princess Diana Fan Shirt, Princess Diana Shirt, Princess Diana Unisex Shirt, Princess Diana Public Figure Tee"
https://i.etsystatic.com/site-assets/images/avatars/default_avatar.png?width=75,"on Sep 16, 2025",Caroline,https://www.etsy.com/people/ex8difc8?ref=shop_review,5 out of 5 stars,Everything met my expectations. Great gift,https://www.etsy.com/listing/1512712843/bette-porter-shirt-bette-porter-homage-t?ref=shop_review,https://i.etsystatic.com/5089907087/r/il/aec98c/5089907087/il_170x135.5089907087_stmu.jpg,"BETTE PORTER Shirt, Bette Porter Homage T-Shirt, Jennifer Beals The L Word Actress Vintage Retro 90s Bootleg Merch, Bette Porter Fan Gift"
https://i.etsystatic.com/iusa/0228f6/61728584/iusa_75x75.61728584_4cxv.jpg?version=0,"on Sep 16, 2025",Ally,https://www.etsy.com/people/aehiggins3?ref=shop_review,5 out of 5 stars,This was a bday gift for my John Krasinski obsessed friend and she loved it!,https://www.etsy.com/listing/1889747007/limited-john-krasinski-shirt-john?ref=shop_review,https://i.etsystatic.com/6771743293/r/il/49ace8/6771743293/il_170x135.6771743293_8j9u.jpg,"Limited John Krasinski Shirt, John Krasinki Movies, john Krasinki Fans, John Krasinki Tees, John Krasinki Retro Shirt, John Krasinki Fan"
https://i.etsystatic.com/site-assets/images/avatars/default_avatar.png?width=75,"on Sep 14, 2025",Rory,https://www.etsy.com/people/yr9ukuuaag2fl2k4?ref=shop_review,5 out of 5 stars,Replied to my query quickly and a fast delivery,https://www.etsy.com/listing/1534461527/tzuyu-twice-tzuyu-shirt-tzuyu-fan-tees?ref=shop_review,https://i.etsystatic.com/5140050398/r/il/8f79cd/5140050398/il_170x135.5140050398_kktt.jpg,"Tzuyu Twice, Tzuyu Shirt, Tzuyu Fan Tees, Tzuyu Twice Merch, Tzuyu Vintage Shirt, Retro Tzuyu Korean Singer Tshirt, Tzuyu Poster Shirt, Momo"
https://i.etsystatic.com/iusa/d44eb1/72247758/iusa_75x75.72247758_bg73.jpg?version=0,"on Sep 12, 2025",Stevie,https://www.etsy.com/people/steviemoore214?ref=shop_review,5 out of 5 stars,Wonderful quality and better in person and I am so excited to wear it.,https://www.etsy.com/listing/1889755151/klaus-mikaelson-shirt-klaus-mikaelson?ref=shop_review,https://i.etsystatic.com/6723753996/r/il/1d2faa/6723753996/il_170x135.6723753996_jkq2.jpg,"Klaus Mikaelson Shirt-Klaus Mikaelson Tshirt,Klaus Mikaelson T shirt,Klaus Mikaelson T-shirt,Klaus Mikaelson Sweatshirt,Joseph Morgan"
https://i.etsystatic.com/site-assets/images/avatars/default_avatar.png?width=75,"on Sep 17, 2025",willy,https://www.etsy.com/people/ewvjco4vjjw458bu?ref=shop_review,5 out of 5 stars,it went well and the product was good,https://www.etsy.com/listing/1404302754/tom-jones-shirt-tom-jones-90s-shirt-tom?ref=shop_review,https://i.etsystatic.com/4680184073/r/il/1e749b/4680184073/il_170x135.4680184073_pji5.jpg,"Tom Jones Shirt, Tom Jones 90's Shirt, Tom Jones Retro Vintage Shirt, Tom Jones Sweatshirt, Tom Jones 58th Shirt, Tom Jones Gift For Fan"
https://i.etsystatic.com/iusa/76594d/89823027/iusa_75x75.89823027_ky7l.jpg?version=0,"on Sep 12, 2025",kimberlee,https://www.etsy.com/people/kims3141?ref=shop_review,5 out of 5 stars,⭐️ ⭐️ ⭐️ ⭐️ ⭐️,https://www.etsy.com/listing/4325848401/yetta-rosenberg-shirt-yetta-rosenberg?ref=shop_review,https://i.etsystatic.com/7016288729/r/il/59b3c7/7016288729/il_170x135.7016288729_gn7x.jpg,"YETTA ROSENBERG Shirt, Yetta Rosenberg Vintage Shirt, Yetta Rosenberg Retro Tshirt, Yetta Bootleg Tee, The Nanny Merch, Yetta Rosenberg Gift"
https://i.etsystatic.com/site-assets/images/avatars/default_avatar.png?width=75,"on Aug 21, 2025",Bra'Lyn,https://www.etsy.com/people/u3h3qmcbvx2kar5w?ref=shop_review,5 out of 5 stars,Good quality and comfy love it,https://www.etsy.com/listing/1610677869/asher-angel-vintage-shirt-asher-angel?ref=shop_review,https://i.etsystatic.com/5503288416/r/il/316997/5503288416/il_170x135.5503288416_h9q1.jpg,"ASHER ANGEL Vintage Shirt, Asher Angel Homage Tshirt, Asher Angel Fan Tees, Asher Angel Retro 90s Sweater, Asher Angel Merch Gift"
https://i.etsystatic.com/iusa/fb2908/105977118/iusa_75x75.105977118_nb4y.jpg?version=0,"Etsy buyer on Aug 18, 2025",,,5 out of 5 stars,Love ❤️ my Selena shirt,https://www.etsy.com/listing/1654522970/selena-quintanilla-tshirt-quintanilla?ref=shop_review,https://i.etsystatic.com/5718878594/r/il/64b505/5718878594/il_170x135.5718878594_5t89.jpg,"SELENA QUINTANILLA Tshirt, Quintanilla Family Shirt, Pop r&b Selena Quintanilla-Pérez, Vintage Tee, Selena Quintanilla Sweatshirt Merch Tees"
https://i.etsystatic.com/iusa/bbf9fb/98626336/iusa_75x75.98626336_iqf3.jpg?version=0,"on Aug 18, 2025",Jenna,https://www.etsy.com/people/jennamarie033?ref=shop_review,5 out of 5 stars,"Bought it for a gift, they loved it!",https://www.etsy.com/listing/1668693419/patrick-swayze-shirt-patrick-swayze?ref=shop_review,https://i.etsystatic.com/5718885452/r/il/30ab70/5718885452/il_170x135.5718885452_8mc4.jpg,"PATRICK SWAYZE Shirt, Patrick Swayze Homage T-Shirt, Patrick Wayne Swayze Vintage Retro 90s Bootleg Merch, Funny Patrick Swayze Fans Gift"
https://i.etsystatic.com/iusa/b41dee/112153347/iusa_75x75.112153347_fgfb.jpg?version=0,"on Aug 18, 2025",A,https://www.etsy.com/people/altagmm8?ref=shop_review,5 out of 5 stars,Great!! Thanks for being patient with my custom,https://www.etsy.com/listing/1237255925/custom-order-vintage-shirt-up-to-you?ref=shop_review,https://i.etsystatic.com/3889504952/r/il/1908ec/3889504952/il_170x135.3889504952_muab.jpg,"Custom Order Vintage Shirt, Up to You Shirt, Insert Your Design, Personalized Shirt, Customized Shirt, Change Your Design Here Shirt"
https://i.etsystatic.com/iusa/b1f639/8648110/iusa_75x75.8648110.jpg?version=0,"on Aug 16, 2025",Megan,https://www.etsy.com/people/meggiemagpie?ref=shop_review,5 out of 5 stars,Looks great and fast shipping!,https://www.etsy.com/listing/1610677825/al-pacino-shirt-al-pacino-homage-t-shirt?ref=shop_review,https://i.etsystatic.com/5551396407/r/il/c45573/5551396407/il_170x135.5551396407_m40b.jpg,"AL PACINO Shirt, Al Pacino Homage T-Shirt, Al Pacino Merch, Al Pacino Vintage Fans Gift, Al Pacino Tees"
https://i.etsystatic.com/iusa/5fde7d/26509270/iusa_75x75.26509270_7izg.jpg?version=0,"on Aug 15, 2025",Etsy buyer,https://www.etsy.com/people/kylawaite?ref=shop_review,5 out of 5 stars,It was exactly as expected! Love it so much!,https://www.etsy.com/listing/1892028664/retro-cheeseburger-shirt-cheeseburger?ref=shop_review,https://i.etsystatic.com/6855201777/r/il/d29da5/6855201777/il_170x135.6855201777_ga3u.jpg,"RETRO Cheeseburger Shirt, Cheeseburger Tees, Y2K Shirt, Funny Food Tees, Funny Meme Shirt, Foodlover, Gift for Her and Him"
https://i.etsystatic.com/site-assets/images/avatars/default_avatar.png?width=75,"on Aug 13, 2025",Nejad,https://www.etsy.com/people/ou671x4sdc43rjlb?ref=shop_review,5 out of 5 stars,"Great shirt, comfy fit, not too tight or loose
Thank you",https://www.etsy.com/listing/1507572876/ross-lynch-shirt-ross-lynch-r5-t-shirt?ref=shop_review,https://i.etsystatic.com/5130705015/r/il/14f3c1/5130705015/il_170x135.5130705015_lfed.jpg,"ROSS LYNCH Shirt, Ross Lynch R5 T-shirt, Ross Lynch Homage Shirt ,Ross Lynch Driver Era Shirt, Funny Ross Lynch Austin and Ally Shirt"
https://i.etsystatic.com/site-assets/images/avatars/default_avatar.png?width=75,"on Aug 11, 2025",Sarah,https://www.etsy.com/people/5p7u2sa7qs62tip9?ref=shop_review,5 out of 5 stars,so great! awesome funny gift,https://www.etsy.com/listing/1480109801/rod-kimble-retro-shirt-rod-kimble-shirt?ref=shop_review,https://i.etsystatic.com/4897854144/r/il/b5f2d6/4897854144/il_170x135.4897854144_kw0n.jpg,"Rod Kimble Retro Shirt, Rod Kimble Shirt, Stuntmant Retro Shirt, Rod Kimble 90's Vintage Homage Shirt, Daredevil, Comedy Character Tees"
https://i.etsystatic.com/site-assets/images/avatars/default_avatar.png?width=75,"on Aug 6, 2025",Allie,https://www.etsy.com/people/alliehill0915?ref=shop_review,5 out of 5 stars,Nice quality tshirt and good printing. Not that sticker-like stuff that peels off and feels weird.,https://www.etsy.com/listing/1570160248/retro-fitzwilliam-darcy-shirt?ref=shop_review,https://i.etsystatic.com/5378968662/r/il/538e1a/5378968662/il_170x135.5378968662_hj0z.jpg,"Retro Fitzwilliam Darcy Shirt, Fitzwilliam Darcy Tees, Vintage Fitzwilliam Darcy T-shirt, Pride and Prejudice, Gift for fan"
https://i.etsystatic.com/iusa/49714e/88066738/iusa_75x75.88066738_h908.jpg?version=0,"on Aug 11, 2025",bajo,https://www.etsy.com/people/prcxq6y6?ref=shop_review,5 out of 5 stars,"Good quality t-shirt, but long shipping",https://www.etsy.com/listing/1289966986/jesse-pinkman-shirt-vintage-jesse?ref=shop_review,https://i.etsystatic.com/4157970320/r/il/d39863/4157970320/il_170x135.4157970320_2lf0.jpg,"Jesse Pinkman Shirt, Vintage Jesse Pinkman Shirt Retro, Breaking Bad Shirt, Jesse Pinkman Shirt, Heisenberg Shirt, Walter White Shirt"
https://i.etsystatic.com/site-assets/images/avatars/default_avatar.png?width=75,"on Jul 15, 2025",Agata,https://www.etsy.com/people/anlkxrzndkt8u1bi?ref=shop_review,5 out of 5 stars,"everything is great, i like it",https://www.etsy.com/listing/1529301815/blair-waldorf-shirt-gossip-girl-blair?ref=shop_review,https://i.etsystatic.com/5164729751/r/il/f1cd0d/5164729751/il_170x135.5164729751_god6.jpg,"BLAIR WALDORF Shirt, Gossip Girl Blair Waldorf T-shirt, Blair Waldorf Homage Merch, Blair Waldorf Chuck Bass Tee, Leighton Meester Shirt"
https://i.etsystatic.com/iusa/a1d174/108816920/iusa_75x75.108816920_g3fy.jpg?version=0,"on Jul 13, 2025",Tabatha,https://www.etsy.com/people/9dlsmvrh?ref=shop_review,5 out of 5 stars,"I love this t-shirt! It is a good material, and the print is great too. Also, item arrived quicker than expected! Will definitely be looking into purchasing more from this seller.",https://www.etsy.com/listing/1541095601/jared-padalecki-vintage-shirt-jared?ref=shop_review,https://i.etsystatic.com/5219879861/r/il/2377d5/5219879861/il_170x135.5219879861_rw1e.jpg,"JARED PADALECKI Vintage Shirt, Jared Padalecki Homage Retro, Jared Padalecki Tees, Jared Padalecki 90s Sweater, Jared Padalecki Merch Gift"
https://i.etsystatic.com/iusa/3920ef/77030090/iusa_75x75.77030090_8en0.jpg?version=0,"on Jul 11, 2025",Joi,https://www.etsy.com/people/joilouise?ref=shop_review,5 out of 5 stars,Love my shirt! It’s going to be a great addition to my graphic tee collection!,https://www.etsy.com/listing/1512724987/michael-b-jordan-shirt-michael-b-jordan?ref=shop_review,https://i.etsystatic.com/5089954911/r/il/78fb6a/5089954911/il_170x135.5089954911_fyja.jpg,"MICHAEL B JORDAN Shirt, Michael B Jordan Homage T-Shirt, Michael Bakari Jordan American Actor Vintage Merch, Michael B Jordan Fans Gift"
https://i.etsystatic.com/site-assets/images/avatars/default_avatar.png?width=75,"on Jul 11, 2025",David,https://www.etsy.com/people/mkxmgnoy776t7m37?ref=shop_review,5 out of 5 stars,Looks really good and i can't wait to wear it.,https://www.etsy.com/listing/1875558518/limited-hayley-marshall-t-shirt-hayley?ref=shop_review,https://i.etsystatic.com/6771741159/r/il/7dff1e/6771741159/il_170x135.6771741159_b56e.jpg,"Limited Hayley Marshall T-Shirt, Hayley Marshall Retro Shirt, Hayley Marshall Tees, Darcy Fitzwilliam, Hayley Marshall Fan gift"
https://i.etsystatic.com/site-assets/images/avatars/default_avatar.png?width=75,"on Jul 10, 2025",Joe,https://www.etsy.com/people/yu7brosje9vp9kdk?ref=shop_review,5 out of 5 stars,"Looks as pictured, great quality :)",https://www.etsy.com/listing/1654529380/dewey-shirt-dewey-homage-t-shirt-dewey?ref=shop_review,https://i.etsystatic.com/5725487208/r/il/1f1334/5725487208/il_170x135.5725487208_bfze.jpg,"DEWEY Shirt, Dewey Homage T-Shirt, Dewey Kenneth Wilkerson Malcolm In The Middle Character Vintage Merch, Erik Per Sullivan Tee Fan Gift"
https://i.etsystatic.com/iusa/507c9b/93229617/iusa_75x75.93229617_e1my.jpg?version=0,"on Jul 9, 2025",Remi,https://www.etsy.com/people/Remikate?ref=shop_review,5 out of 5 stars,"Item is exactly as pictured and shirt material is great! 
It took a bit longer to arrive, but I think it's because I live in Hawai'i and not the fault of the seller.",https://www.etsy.com/listing/1529301837/chandler-bing-shirt-friends-tv-series?ref=shop_review,https://i.etsystatic.com/5116500246/r/il/7c051a/5116500246/il_170x135.5116500246_68de.jpg,"CHANDLER BING Shirt, Friends Tv Series Matthew Perry Gift, Vintage Chandler Bing T-shirt Retro 90's, Funny Chandler Friends Fans Merch"
https://i.etsystatic.com/iusa/507c9b/93229617/iusa_75x75.93229617_e1my.jpg?version=0,"on Jul 9, 2025",Remi,https://www.etsy.com/people/Remikate?ref=shop_review,5 out of 5 stars,"Item is exactly as pictured. Great quality printing and shirt material. Although it took a while to arrive, I think it's more because I live in Hawaii and not the fault of the seller.",https://www.etsy.com/listing/1806360482/troy-bolton-90s-t-shirt-troy-bolton?ref=shop_review,https://i.etsystatic.com/6451231975/r/il/c7c8dc/6451231975/il_170x135.6451231975_3eya.jpg,"Troy Bolton 90's T-shirt - Troy Bolton Bootleg Tees, Troy Bolton Fans Gifts, Troy Bolton Vintage Retro Shirt, Troy Bolton gift for fan"
https://i.etsystatic.com/site-assets/images/avatars/default_avatar.png?width=75,"on Jul 9, 2025",Colette,https://www.etsy.com/people/e1fkkwduy2pb55or?ref=shop_review,5 out of 5 stars,"Very happy with my purchase , speedy delivery !",https://www.etsy.com/listing/1683864956/hans-gruber-retro-t-shirt-hans-gruber?ref=shop_review,https://i.etsystatic.com/5849324282/r/il/8f5fbc/5849324282/il_170x135.5849324282_7poi.jpg,"HANS GRUBER Retro T-shirt - Hans Gruber Tee, Hans Gruber Long Sleeve Shirt, Hans Gruber Youth Tee, Kids Tee, Alan Rickman Fans Gift"
https://i.etsystatic.com/site-assets/images/avatars/default_avatar.png?width=75,"on Jul 5, 2025",Kalynn,https://www.etsy.com/people/cf9ntmr2n117camk?ref=shop_review,5 out of 5 stars,Great gift!! My friend loved it!!,https://www.etsy.com/listing/1426489867/scott-calvin-tim-allen-vintage-shirt?ref=shop_review,https://i.etsystatic.com/4716425109/r/il/ea84e9/4716425109/il_170x135.4716425109_ro95.jpg,"Scott Calvin, TIM ALLEN Vintage Shirt, Actor Tim Allen Homage Tshirt, Tim Allen Fan Tees, Tim Allen Retro 90s Sweater, Tim Allen Merch Gift"
https://i.etsystatic.com/site-assets/images/avatars/default_avatar.png?width=75,"on Jul 5, 2025",Etsy buyer,https://www.etsy.com/people/vanderlooe?ref=shop_review,5 out of 5 stars,LOVE my Leo shirt. Thank you!!,https://www.etsy.com/listing/1698044907/leonardo-dicaprio-shirt-dicaprio-jack?ref=shop_review,https://i.etsystatic.com/5849339498/r/il/dad11c/5849339498/il_170x135.5849339498_9ktd.jpg,"LEONARDO DiCaprio Shirt, Dicaprio Jack Dawson Shirt, DiCaprio 1998 Titaniic, Candie Django Movie, Leonard Dicaprio TShirt, Wallstreet Shirt"
https://i.etsystatic.com/iusa/cb4f7c/57934659/iusa_75x75.57934659_jwnw.jpg?version=0,"on Jun 19, 2025",Natalie,https://www.etsy.com/people/nataliemihalyi?ref=shop_review,5 out of 5 stars,The shirt looks great. Just as described and shipped quickly. Thank you!,https://www.etsy.com/listing/1698044681/jamie-campbell-bower-retro-t-shirt-jamie?ref=shop_review,https://i.etsystatic.com/5897422827/r/il/baed07/5897422827/il_170x135.5897422827_pt3b.jpg,"JAMIE CAMPBELL BOWER Retro T-shirt - Jamie Campbell Tee, Jamie Campbell Long Sleeve Shirt, Jamie Campbell Fans Tee, Jamie Kids Tee"
https://i.etsystatic.com/site-assets/images/avatars/default_avatar.png?width=75,"on Jun 19, 2025",Ian,https://www.etsy.com/people/nightwishfan21?ref=shop_review,5 out of 5 stars,"Fun shirt, great gift for my mother",https://www.etsy.com/listing/1829333766/alan-tudyk-shirt-retro-90s-alan-tudyk?ref=shop_review,https://i.etsystatic.com/6505541118/r/il/0dbca1/6505541118/il_170x135.6505541118_ag2x.jpg,"ALAN TUDYK Shirt, Retro 90s Alan Tudyk Tees, American Voice Actor, Alan Tudyk Sweatshirt, American Actor, Alan Tudyk Merch"
https://i.etsystatic.com/site-assets/images/avatars/default_avatar.png?width=75,"on Jun 11, 2025",melissa,https://www.etsy.com/people/melt1125?ref=shop_review,5 out of 5 stars,Item was exactly what was expected! Daughter was so happy! Thank you!!,https://www.etsy.com/listing/1394379435/chris-evans-shirt-lucas-lee-chris-evans?ref=shop_review,https://i.etsystatic.com/4572796625/r/il/2f801c/4572796625/il_170x135.4572796625_qrby.jpg,"CHRIS EVANS Shirt, Lucas Lee Chris Evans 90s Homage Shirt, Chris Evans America Shirt, Chris Evans Vintage Shirt Chris Evans Bootleg Shirt"
https://i.etsystatic.com/site-assets/images/avatars/default_avatar.png?width=75,"on Jun 10, 2025",Eli,https://www.etsy.com/people/3y5fsl5saziymxev?ref=shop_review,5 out of 5 stars,"It's a gift, thank you so much!! It's perfect!!",https://www.etsy.com/listing/1395782094/rami-malek-vintage-shirt-rami-malek?ref=shop_review,https://i.etsystatic.com/4641087359/r/il/6672fd/4641087359/il_170x135.4641087359_6v1a.jpg,"RAMI MALEK Vintage Shirt, Rami Malek Homage Tshirt, Rami Malek Fan Tees, Rami Malek Retro 90s Sweater, Rami Malek Merch Gift"
https://i.etsystatic.com/site-assets/images/avatars/default_avatar.png?width=75,"Etsy buyer on Jun 9, 2025",,,5 out of 5 stars,Exactly as expected and quality print,https://www.etsy.com/listing/1571629983/evan-buckley-retro-shirt-nine-eleven?ref=shop_review,https://i.etsystatic.com/5314887956/r/il/d7287b/5314887956/il_170x135.5314887956_oogy.jpg,"Evan Buckley Retro Shirt, Nine Eleven Shirt, Series Retro Shirt, Evan Buckley 90's Vintage Homage Shirt, Evan Buckley Gift for fan"
https://i.etsystatic.com/site-assets/images/avatars/default_avatar.png?width=75,"on Jun 9, 2025",Katie,https://www.etsy.com/people/smfcalfq4tkwq5mu?ref=shop_review,5 out of 5 stars,So cute! Such a fun gift!!,https://www.etsy.com/listing/1806360482/troy-bolton-90s-t-shirt-troy-bolton?ref=shop_review,https://i.etsystatic.com/6451231975/r/il/c7c8dc/6451231975/il_170x135.6451231975_3eya.jpg,"Troy Bolton 90's T-shirt - Troy Bolton Bootleg Tees, Troy Bolton Fans Gifts, Troy Bolton Vintage Retro Shirt, Troy Bolton gift for fan"
https://i.etsystatic.com/iusa/96fcc3/115895273/iusa_75x75.115895273_nybp.jpg?version=0,"on Jun 8, 2025",BB,https://www.etsy.com/people/guffmangirl92?ref=shop_review,5 out of 5 stars,My daughter lost her mind. She LOVED IT,https://www.etsy.com/listing/1860305167/retro-top-shirt-choi-seung-hyun-shirt?ref=shop_review,https://i.etsystatic.com/6575919642/r/il/4fa649/6575919642/il_170x135.6575919642_dnqo.jpg,"Retro T.O.P Shirt, CHOI SEUNG-HYUN Shirt - Choi Seung-hyun Vintage Shirt, Choi Seung-hyun Retro 90s Tshirt, Choi Seung-hyun Bootleg"
https://i.etsystatic.com/iusa/bfb9e8/68261711/iusa_75x75.68261711_fz10.jpg?version=0,"on Jun 6, 2025",Claire,https://www.etsy.com/people/zklkwgfj?ref=shop_review,5 out of 5 stars,I love it thank you !,https://www.etsy.com/listing/1507572924/ben-barnes-shirt-ben-barnes-homage-t?ref=shop_review,https://i.etsystatic.com/5130711499/r/il/4e9efa/5130711499/il_170x135.5130711499_evu6.jpg,"BEN BARNES Shirt | Ben Barnes Homage T-Shirt, Benjamin Barnes Vintage Retro 90s Tees, English Actor Ben Barnes Shadow And Bone Grishaverse"
https://i.etsystatic.com/site-assets/images/avatars/default_avatar.png?width=75,"on Jun 5, 2025",Natalia,https://www.etsy.com/people/nataliahernandez?ref=shop_review,5 out of 5 stars,Very happy with the shirt. Exactly as pictured,https://www.etsy.com/listing/1570160248/retro-fitzwilliam-darcy-shirt?ref=shop_review,https://i.etsystatic.com/5378968662/r/il/538e1a/5378968662/il_170x135.5378968662_hj0z.jpg,"Retro Fitzwilliam Darcy Shirt, Fitzwilliam Darcy Tees, Vintage Fitzwilliam Darcy T-shirt, Pride and Prejudice, Gift for fan"
https://i.etsystatic.com/iusa/9ef633/111826972/iusa_75x75.111826972_svc3.jpg?version=0,"on Jun 6, 2025",Void,https://www.etsy.com/people/7p1jv4ptn8ujiurr?ref=shop_review,3 out of 5 stars,Not as vibrant as I would like or as high of quality but I do like it! Shipping is okay.,https://www.etsy.com/listing/1834323917/retro-theo-raeken-theo-raeken-vintage?ref=shop_review,https://i.etsystatic.com/6517113935/r/il/7f6018/6517113935/il_170x135.6517113935_a8f6.jpg,"RETRO THEO RAEKEN, Theo Raeken Vintage Retro Tees, Theo Raeken T-Shirts, Theo Raeken Sweatshirt, Theo Raeken Merch, Gift for Fan"
https://i.etsystatic.com/iusa/0a7d69/80832300/iusa_75x75.80832300_ly92.jpg?version=0,"on May 27, 2025",Hannah,https://www.etsy.com/people/hcharvey57?ref=shop_review,5 out of 5 stars,"Shirt was higher quality than I expected, my friend is gonna love it.",https://www.etsy.com/listing/1507572876/ross-lynch-shirt-ross-lynch-r5-t-shirt?ref=shop_review,https://i.etsystatic.com/5130705015/r/il/14f3c1/5130705015/il_170x135.5130705015_lfed.jpg,"ROSS LYNCH Shirt, Ross Lynch R5 T-shirt, Ross Lynch Homage Shirt ,Ross Lynch Driver Era Shirt, Funny Ross Lynch Austin and Ally Shirt"
https://i.etsystatic.com/site-assets/images/avatars/default_avatar.png?width=75,"on May 24, 2025",Nhina,https://www.etsy.com/people/neensbeans21?ref=shop_review,5 out of 5 stars,Love these!! They look exactly like the picture!,https://www.etsy.com/listing/1683865216/keshi-retro-t-shirt-keshi-vintage-tee?ref=shop_review,https://i.etsystatic.com/5849336848/r/il/1b003e/5849336848/il_170x135.5849336848_3sve.jpg,"KESHI Retro T-shirt - Keshi Vintage Tee, Keshi Long Sleeve Shirt, Keshi Fans Tee, Keshi Kids Tee, Keshi Fans Shirt, Keshi Homage Shirt"
https://i.etsystatic.com/iusa/039e98/91842316/iusa_75x75.91842316_7gj4.jpg?version=0,"on May 24, 2025",Fawn,https://www.etsy.com/people/lxrhppkp?ref=shop_review,5 out of 5 stars,I love my shirt!! Came quickly and exactly what I ordered.,https://www.etsy.com/listing/1758780019/serj-tankian-vintage-t-shirt-serj?ref=shop_review,https://i.etsystatic.com/6111440716/r/il/e83333/6111440716/il_170x135.6111440716_e0e2.jpg,"SERJ TANKIAN Vintage T-shirt - Serj Tankian Bootleg Tees, Serj Tankian Fans Gifts, Serj Tankian Retro Shirt, Serj Tankian Kids Tee"
https://i.etsystatic.com/site-assets/images/avatars/default_avatar.png?width=75,"on May 20, 2025",Luciana,https://www.etsy.com/people/qyiuvodd?ref=shop_review,5 out of 5 stars,I’ve been getting shirts made from this shop for a while now. My friends always love it,https://www.etsy.com/listing/1237255925/custom-order-vintage-shirt-up-to-you?ref=shop_review,https://i.etsystatic.com/3889504952/r/il/1908ec/3889504952/il_170x135.3889504952_muab.jpg,"Custom Order Vintage Shirt, Up to You Shirt, Insert Your Design, Personalized Shirt, Customized Shirt, Change Your Design Here Shirt"
https://i.etsystatic.com/site-assets/images/avatars/default_avatar.png?width=75,"on May 19, 2025",Shawna,https://www.etsy.com/people/qpoqonpm?ref=shop_review,5 out of 5 stars,Excellent quality & fast shipping. Ordered as a gift; recipient LOVED it!,https://www.etsy.com/listing/1546400349/ryan-gosling-vintage-shirt-ryan-gosling?ref=shop_review,https://i.etsystatic.com/5244512579/r/il/c9e1ad/5244512579/il_170x135.5244512579_kwou.jpg,"Ryan Gosling Vintage Shirt, Ryan Gosling Homage Tshirt, Ryan Gosling Fan Tees, Ryan Gosling Retro 90s Sweater, Ryan Gosling Merch Gift"
https://i.etsystatic.com/site-assets/images/avatars/default_avatar.png?width=75,"on May 19, 2025",penni,https://www.etsy.com/people/rgcwukqe?ref=shop_review,4 out of 5 stars,Arrived on time and quality was good.,https://www.etsy.com/listing/1757249065/eddie-diaz-vintage-shirt-eddie-diaz?ref=shop_review,https://i.etsystatic.com/6104463344/r/il/310a08/6104463344/il_170x135.6104463344_64y6.jpg,"EDDIE DIAZ Vintage Shirt, Eddie Diaz Homage Tshirt, Eddie Diaz Fan Tees, Eddie Diaz Retro 90s Sweater, Eddie Diaz Merch Gift"
https://i.etsystatic.com/site-assets/images/avatars/default_avatar.png?width=75,"on May 17, 2025",Etsy buyer,https://www.etsy.com/people/mrschuette1?ref=shop_review,4 out of 5 stars,It was a great gift!,https://www.etsy.com/listing/1512770873/olivia-benson-shirt-olivia-benson-homage?ref=shop_review,https://i.etsystatic.com/5041774828/r/il/69236e/5041774828/il_170x135.5041774828_nxgu.jpg,"OLIVIA BENSON Shirt, Olivia Benson Homage T-Shirt, Law And Order SVU Vintage Retro Merch Fans Gift, Funny Olivia Benson Bootleg 90s Shirt"
https://i.etsystatic.com/iusa/bad484/81724283/iusa_75x75.81724283_aoju.jpg?version=0,"on May 17, 2025",Rebecca,https://www.etsy.com/people/rebeccal05?ref=shop_review,5 out of 5 stars,As advertised. Fast shipping. Thank you.,https://www.etsy.com/listing/1570160248/retro-fitzwilliam-darcy-shirt?ref=shop_review,https://i.etsystatic.com/5378968662/r/il/538e1a/5378968662/il_170x135.5378968662_hj0z.jpg,"Retro Fitzwilliam Darcy Shirt, Fitzwilliam Darcy Tees, Vintage Fitzwilliam Darcy T-shirt, Pride and Prejudice, Gift for fan"
https://i.etsystatic.com/iusa/0e0736/100477098/iusa_75x75.100477098_dxcd.jpg?version=0,"on May 15, 2025",Marissa,https://www.etsy.com/people/kingreyes93?ref=shop_review,5 out of 5 stars,"Got here at the greatest time, awesome",https://www.etsy.com/listing/1570160248/retro-fitzwilliam-darcy-shirt?ref=shop_review,https://i.etsystatic.com/5378968668/r/il/ea1b71/5378968668/il_170x135.5378968668_3bld.jpg,"Retro Fitzwilliam Darcy Shirt, Fitzwilliam Darcy Tees, Vintage Fitzwilliam Darcy T-shirt, Pride and Prejudice, Gift for fan"
https://i.etsystatic.com/site-assets/images/avatars/default_avatar.png?width=75,"on May 13, 2025",Trista,https://www.etsy.com/people/tristamusprime?ref=shop_review,5 out of 5 stars,Item is exactly as pictured.,https://www.etsy.com/listing/1394379435/chris-evans-shirt-lucas-lee-chris-evans?ref=shop_review,https://i.etsystatic.com/4572796669/r/il/e2f0f6/4572796669/il_170x135.4572796669_prr5.jpg,"CHRIS EVANS Shirt, Lucas Lee Chris Evans 90s Homage Shirt, Chris Evans America Shirt, Chris Evans Vintage Shirt Chris Evans Bootleg Shirt"
https://i.etsystatic.com/site-assets/images/avatars/default_avatar.png?width=75,"on May 1, 2025",Christina,https://www.etsy.com/people/lotdnhnl?ref=shop_review,5 out of 5 stars,The shirt is a great quality the pictures printed out clearly. I can’t wait to give it to my niece for her birthday.,https://www.etsy.com/listing/1570160248/retro-fitzwilliam-darcy-shirt?ref=shop_review,https://i.etsystatic.com/5378968662/r/il/538e1a/5378968662/il_170x135.5378968662_hj0z.jpg,"Retro Fitzwilliam Darcy Shirt, Fitzwilliam Darcy Tees, Vintage Fitzwilliam Darcy T-shirt, Pride and Prejudice, Gift for fan"
https://i.etsystatic.com/iusa/203b24/92542479/iusa_75x75.92542479_4jnj.jpg?version=0,"on May 1, 2025",noelle,https://www.etsy.com/people/noellegal2000?ref=shop_review,5 out of 5 stars,The shipping was so so so fast! It was almost shocking how fast my shirt arrived and the quality is great.,https://www.etsy.com/listing/1570160248/retro-fitzwilliam-darcy-shirt?ref=shop_review,https://i.etsystatic.com/5378968662/r/il/538e1a/5378968662/il_170x135.5378968662_hj0z.jpg,"Retro Fitzwilliam Darcy Shirt, Fitzwilliam Darcy Tees, Vintage Fitzwilliam Darcy T-shirt, Pride and Prejudice, Gift for fan"
https://i.etsystatic.com/site-assets/images/avatars/default_avatar.png?width=75,"on Apr 29, 2025",Etsy buyer,https://www.etsy.com/people/tougerlord?ref=shop_review,5 out of 5 stars,I like it so far!!,https://www.etsy.com/listing/1596586686/vanessa-hudgens-shirt-vanessa-hudgens?ref=shop_review,https://i.etsystatic.com/5551734547/r/il/e75d27/5551734547/il_170x135.5551734547_et0c.jpg,"VANESSA HUDGENS Shirt, Vanessa Hudgens Homage T-Shirt, Vanessa Anne Hudgens American Actress Merch Fans Gift, Vanessa Hudgens Bootleg Tee"
https://i.etsystatic.com/iusa/cb6464/63987563/iusa_75x75.63987563_qqo5.jpg?version=0,"on Apr 28, 2025",Crystal,https://www.etsy.com/people/lloydca84?ref=shop_review,5 out of 5 stars,I bought two shirt- one for Shakespeare and Mr. Darcy. Both excellent!,https://www.etsy.com/listing/1212839969/william-shakespeare-shirt-shakespeare?ref=shop_review,https://i.etsystatic.com/3799100556/r/il/79d487/3799100556/il_170x135.3799100556_c4y2.jpg,"William Shakespeare Shirt, Shakespeare Homage Shirt, Shakespeare Shirt, Shakespeare Gift, Shakespeare Unisex Shirt, Shakespeare Poet Shirt"
https://i.etsystatic.com/site-assets/images/avatars/default_avatar.png?width=75,"on Apr 28, 2025",India,https://www.etsy.com/people/ikdjlittle?ref=shop_review,5 out of 5 stars,so good!!! shipped so fast,https://www.etsy.com/listing/1515124762/alice-cullen-shirt-alice-cullen-homage-t?ref=shop_review,https://i.etsystatic.com/5116493634/r/il/ba5061/5116493634/il_170x135.5116493634_6bdj.jpg,"ALICE CULLEN Shirt, Alice Cullen Homage T-Shirt, Alice Cullen Vampire Movie Vintage Merch, Funny Alice Cullen Fans Gift"
https://i.etsystatic.com/iusa/8f03b6/107245387/iusa_75x75.107245387_4zbn.jpg?version=0,"on Apr 27, 2025",Kaeden,https://www.etsy.com/people/wm3w30td29g06kgp?ref=shop_review,5 out of 5 stars,Absolutely obsessed with this sweater!!,https://www.etsy.com/listing/1837385825/evan-buckley-retro-sweatshirt-nine?ref=shop_review,https://i.etsystatic.com/6529953951/r/il/408f49/6529953951/il_170x135.6529953951_temg.jpg,"Evan Buckley Retro Sweatshirt, Nine Eleven Sweathirt, Series Tees, Evan Buckley 90's Vintage Homage Sweathirt, Evan Buckley Gift for fan"
https://i.etsystatic.com/site-assets/images/avatars/default_avatar.png?width=75,"on Apr 26, 2025",Rae,https://www.etsy.com/people/02i27qd9?ref=shop_review,5 out of 5 stars,I love the shirt! Very good quality,https://www.etsy.com/listing/1571629983/evan-buckley-retro-shirt-nine-eleven?ref=shop_review,https://i.etsystatic.com/5314888042/r/il/512be9/5314888042/il_170x135.5314888042_7q6o.jpg,"Evan Buckley Retro Shirt, Nine Eleven Shirt, Series Retro Shirt, Evan Buckley 90's Vintage Homage Shirt, Evan Buckley Gift for fan"
https://i.etsystatic.com/iusa/dbe1dc/9654889/iusa_75x75.9654889.jpg?version=0,"on Apr 26, 2025",Taylor,https://www.etsy.com/people/Outlawd?ref=shop_review,5 out of 5 stars,"The print quality is excellent! The images and text are clear the colors are bright, and the shirt I was going for an oversized look and ordered 3xl but I do wish I had gotten the 2xl. True to size though I always expect things to run smaller so that was my own slip up. I will definitely still be wearing it out and I might just cut it to fit the way I am looking for. The shirt material is nice and I think it’ll soften up with washing.",https://www.etsy.com/listing/1698044719/jeremy-allen-white-jeremy-allen-white?ref=shop_review,https://i.etsystatic.com/5897426207/r/il/d9a0d5/5897426207/il_170x135.5897426207_k2tn.jpg,"Jeremy Allen White, Jeremy Allen White Shirt, Jeremy Allen White Tshirt, Jeremy Allen White Film, Retro Jeremy Allen White Vintage Tees"
https://i.etsystatic.com/site-assets/images/avatars/default_avatar.png?width=75,"on Apr 30, 2025",Addison,https://www.etsy.com/people/yznv26vyg99n479y?ref=shop_review,1 out of 5 stars,I bought this in February it’s now may and still not here I have no idea what’s going.,https://www.etsy.com/listing/1743054352/chappel-roan-vintage-shirt-midwest?ref=shop_review,https://i.etsystatic.com/6152552433/r/il/7be3c9/6152552433/il_170x135.6152552433_r0z7.jpg,"Chappel Roan Vintage Shirt, Midwest Princess, Chappell Roan Shirt, Midwest Princess Tee, Midwest Princess Sweater, Chappell Roan T-Shirt"
https://i.etsystatic.com/iusa/1c4092/72752497/iusa_75x75.72752497_pjjy.jpg?version=0,"on Apr 29, 2025",Gabriela,https://www.etsy.com/people/qfzqq45k?ref=shop_review,5 out of 5 stars,,https://www.etsy.com/listing/1570160248/retro-fitzwilliam-darcy-shirt?ref=shop_review,https://i.etsystatic.com/5378968662/r/il/538e1a/5378968662/il_170x135.5378968662_hj0z.jpg,"Retro Fitzwilliam Darcy Shirt, Fitzwilliam Darcy Tees, Vintage Fitzwilliam Darcy T-shirt, Pride and Prejudice, Gift for fan"
https://i.etsystatic.com/iusa/e22ffa/90022133/iusa_75x75.90022133_i5jf.jpg?version=0,"on Apr 16, 2025",Lillia,https://www.etsy.com/people/9ihalt42?ref=shop_review,5 out of 5 stars,couldn't be more awesome. I love my dewey shirt.,https://www.etsy.com/listing/1654529380/dewey-shirt-dewey-homage-t-shirt-dewey?ref=shop_review,https://i.etsystatic.com/5725487208/r/il/1f1334/5725487208/il_170x135.5725487208_bfze.jpg,"DEWEY Shirt, Dewey Homage T-Shirt, Dewey Kenneth Wilkerson Malcolm In The Middle Character Vintage Merch, Erik Per Sullivan Tee Fan Gift"
https://i.etsystatic.com/iusa/e6aa52/100935378/iusa_75x75.100935378_c25l.jpg?version=0,"on Apr 13, 2025",Etsy buyer,https://www.etsy.com/people/roswelldean?ref=shop_review,5 out of 5 stars,LOVE my shirt! I’ve received so many compliments!!,https://www.etsy.com/listing/1570160248/retro-fitzwilliam-darcy-shirt?ref=shop_review,https://i.etsystatic.com/5378968662/r/il/538e1a/5378968662/il_170x135.5378968662_hj0z.jpg,"Retro Fitzwilliam Darcy Shirt, Fitzwilliam Darcy Tees, Vintage Fitzwilliam Darcy T-shirt, Pride and Prejudice, Gift for fan"
https://i.etsystatic.com/iusa/f8e883/112010538/iusa_75x75.112010538_bqoz.jpg?version=0,"on Apr 10, 2025",Andrew,https://www.etsy.com/people/vxcixgy4du63pkfg?ref=shop_review,5 out of 5 stars,Seller worked with me on getting this shipped in time for a birthday gift!! Super happy with my whole experience and I would order from them again :3,https://www.etsy.com/listing/1853829460/paul-dano-shirt-paul-dano-merchpaul-dano?ref=shop_review,https://i.etsystatic.com/6661555389/r/il/1f463b/6661555389/il_170x135.6661555389_b2b0.jpg,"Paul Dano Shirt ,paul dano merch,paul dano riddler,there will be blood,paul dano crewneck,paul dano hoodie,paul dano tee,paul dano sweater"
https://i.etsystatic.com/iusa/8ea537/113504894/iusa_75x75.113504894_qpic.jpg?version=0,"on Apr 9, 2025",Cassandra,https://www.etsy.com/people/cassiemcfetridge?ref=shop_review,5 out of 5 stars,Amazing! Im going to a screening of Pride and Prejudice for the 20th anniversary and I can't wait to wear this to it :) The seller was very kind and sent me a message to keep me updated on my purchase too!,https://www.etsy.com/listing/1570160238/retro-fitzwilliam-darcy-shirt?ref=shop_review,https://i.etsystatic.com/5427133561/r/il/228f6a/5427133561/il_170x135.5427133561_mxb1.jpg,"Retro Fitzwilliam Darcy Shirt, Fitzwilliam Darcy Tees, Vintage Fitzwilliam Darcy T-shirt, Pride and Prejudice, Gift for fan"
https://i.etsystatic.com/iusa/1b2fee/79354604/iusa_75x75.79354604_jkm6.jpg?version=0,"on Apr 9, 2025",Morgan,https://www.etsy.com/people/u7hcv0i0?ref=shop_review,4 out of 5 stars,"Little scratchy, but I'm sure it will soften up in the wash!",https://www.etsy.com/listing/1570160248/retro-fitzwilliam-darcy-shirt?ref=shop_review,https://i.etsystatic.com/5378968662/r/il/538e1a/5378968662/il_170x135.5378968662_hj0z.jpg,"Retro Fitzwilliam Darcy Shirt, Fitzwilliam Darcy Tees, Vintage Fitzwilliam Darcy T-shirt, Pride and Prejudice, Gift for fan"
https://i.etsystatic.com/site-assets/images/avatars/default_avatar.png?width=75,"on Apr 8, 2025",Kristen,https://www.etsy.com/people/krissyg603?ref=shop_review,5 out of 5 stars,Very nice quality shirt and the print is really nice as well. It got here fast.,https://www.etsy.com/listing/1515124762/alice-cullen-shirt-alice-cullen-homage-t?ref=shop_review,https://i.etsystatic.com/5164724223/r/il/e31df8/5164724223/il_170x135.5164724223_97u4.jpg,"ALICE CULLEN Shirt, Alice Cullen Homage T-Shirt, Alice Cullen Vampire Movie Vintage Merch, Funny Alice Cullen Fans Gift"
https://i.etsystatic.com/site-assets/images/avatars/default_avatar.png?width=75,"on Apr 7, 2025",Ayca,https://www.etsy.com/people/16ua0docguopw7rk?ref=shop_review,5 out of 5 stars,Evetything was perfect and on time,https://www.etsy.com/listing/1654529362/elena-gilbert-shirt-elena-gilbert-homage?ref=shop_review,https://i.etsystatic.com/5718909604/r/il/a624a4/5718909604/il_170x135.5718909604_4yeg.jpg,"ELENA GILBERT Shirt, Elena Gilbert Homage T-Shirt, Nina Kamenova Dobreva Canadian Actress Vintage Merch, The Vampire Diaries Tee Fan Gift"
https://i.etsystatic.com/site-assets/images/avatars/default_avatar.png?width=75,"on Apr 6, 2025",Darla,https://www.etsy.com/people/asmwjv96cix32iqs?ref=shop_review,5 out of 5 stars,"Fits true to size, good quality.",https://www.etsy.com/listing/1571629983/evan-buckley-retro-shirt-nine-eleven?ref=shop_review,https://i.etsystatic.com/5314887956/r/il/d7287b/5314887956/il_170x135.5314887956_oogy.jpg,"Evan Buckley Retro Shirt, Nine Eleven Shirt, Series Retro Shirt, Evan Buckley 90's Vintage Homage Shirt, Evan Buckley Gift for fan"
https://i.etsystatic.com/iusa/350f2b/107155080/iusa_75x75.107155080_g0ci.jpg?version=0,"on Apr 4, 2025",jordan,https://www.etsy.com/people/85by6xw0hqfh1k6u?ref=shop_review,5 out of 5 stars,Nicki Minaj is the Queen of Rap.,https://www.etsy.com/listing/1654522970/selena-quintanilla-tshirt-quintanilla?ref=shop_review,https://i.etsystatic.com/5766944845/r/il/3a266d/5766944845/il_170x135.5766944845_qxfd.jpg,"SELENA QUINTANILLA Tshirt, Quintanilla Family Shirt, Pop r&b Selena Quintanilla-Pérez, Vintage Tee, Selena Quintanilla Sweatshirt Merch Tees"
https://i.etsystatic.com/iusa/dfc478/39732434/iusa_75x75.39732434_iyk1.jpg?version=0,"on Apr 10, 2025",Janise,https://www.etsy.com/people/CoastaReefa?ref=shop_review,5 out of 5 stars,,https://www.etsy.com/listing/1843526417/retro-cynthia-erivo-shirt-cynthia-erivo?ref=shop_review,https://i.etsystatic.com/6553666331/r/il/446fa4/6553666331/il_170x135.6553666331_bfkk.jpg,"RETRO CYNTHIA ERIVO Shirt, Cynthia Erivo Homage Tshirt, Cynthia Erivo Fan Tees, Cynthia Erivo Retro 90s Sweater, Cynthia Erivo Merch Gift"
https://i.etsystatic.com/site-assets/images/avatars/default_avatar.png?width=75,"on Mar 21, 2025",Miranda,https://www.etsy.com/people/mirandadipasquale?ref=shop_review,5 out of 5 stars,I love this shirt! Perfect fit,https://www.etsy.com/listing/1596586632/shawn-hunter-retro-t-shirt-shawn-hunter?ref=shop_review,https://i.etsystatic.com/5503621720/r/il/ce5cc3/5503621720/il_170x135.5503621720_iygn.jpg,"SHAWN HUNTER Retro T-shirt - Shawn Hunter Homage Tees, Shawn Hunter Vintage Shirt, Rider Strong Fans Gift, Shawn Hunter 90's Shirt"
https://i.etsystatic.com/site-assets/images/avatars/default_avatar.png?width=75,"on Mar 20, 2025",Aly,https://www.etsy.com/people/i0bbttbi?ref=shop_review,5 out of 5 stars,"My daughter loved this shirt. She got it to attend a local play production of ""Heathers"" and got many compliments.",https://www.etsy.com/listing/1744586626/winona-ryder-winona-ryder-shirt-winona?ref=shop_review,https://i.etsystatic.com/6111448382/r/il/7ba6bf/6111448382/il_170x135.6111448382_fm5q.jpg,"Winona Ryder, Winona Ryder Shirt, Winona Ryder Merch, Winona Ryder Fan Tees, Retro Winona Ryder Film, Vintage Winona Ryder Poster Shirt"
https://i.etsystatic.com/site-assets/images/avatars/default_avatar.png?width=75,"on Mar 18, 2025",Harper,https://www.etsy.com/people/gk50ifwp6r47ocsc?ref=shop_review,4 out of 5 stars,Great gift! Got this for my friend and she loved it. Good quality nice fit!,https://www.etsy.com/listing/1529301939/nick-nelson-shirt-nick-nelson-homage-t?ref=shop_review,https://i.etsystatic.com/5164743745/r/il/64cfe4/5164743745/il_170x135.5164743745_kwzd.jpg,"NICK NELSON Shirt, Nick Nelson Homage T-Shirt, Kit Sebastian Connor English Actor Vintage Retro Merch, Funny Heartstopper Tees Fans Gift"
https://i.etsystatic.com/site-assets/images/avatars/default_avatar.png?width=75,"on Mar 18, 2025",Meredith,https://www.etsy.com/people/mjone1021?ref=shop_review,5 out of 5 stars,Super cute and comfy washes well,https://www.etsy.com/listing/1212859497/princess-diana-retro-sweatshirt-princess?ref=shop_review,https://i.etsystatic.com/3846564485/r/il/9d37d2/3846564485/il_170x135.3846564485_9wzg.jpg,"Princess Diana Retro Sweatshirt, Princess Diana Homage Sweatshirt, Princess Diana Sweatshirt, Princess Diana Unisex Sweatshirt, Princess"
https://i.etsystatic.com/iusa/4fd78c/75243205/iusa_75x75.75243205_qk3e.jpg?version=0,"on Mar 16, 2025",Becca,https://www.etsy.com/people/diivtud8?ref=shop_review,5 out of 5 stars,"Arrived quickly, just as the image shows. Perfect item to gift",https://www.etsy.com/listing/1392603707/dwight-schrute-shirt-the-office-schrute?ref=shop_review,https://i.etsystatic.com/4518115252/r/il/f6a4e3/4518115252/il_170x135.4518115252_bxi7.jpg,"DWIGHT SCHRUTE Shirt, The Office, Schrute Farms, Regional Manager, Jim Halpert, Pam, Tv Show Offfice, The Offfice Shirt, Dwight Schrute"
https://i.etsystatic.com/site-assets/images/avatars/default_avatar.png?width=75,"on Mar 15, 2025",Etsy buyer,https://www.etsy.com/people/broganvanessa?ref=shop_review,5 out of 5 stars,"This shirt was perfect for my Hot Rod themed birthday haha, quality was amazing too! Highly recommend",https://www.etsy.com/listing/1480109801/rod-kimble-retro-shirt-rod-kimble-shirt?ref=shop_review,https://i.etsystatic.com/4946123955/r/il/b50a8f/4946123955/il_170x135.4946123955_nye6.jpg,"Rod Kimble Retro Shirt, Rod Kimble Shirt, Stuntmant Retro Shirt, Rod Kimble 90's Vintage Homage Shirt, Daredevil, Comedy Character Tees"
https://i.etsystatic.com/site-assets/images/avatars/default_avatar.png?width=75,"on Mar 14, 2025",Elena,https://www.etsy.com/people/uul5hd7a?ref=shop_review,5 out of 5 stars,Love how it feels and it didn’t shrink when washed.,https://www.etsy.com/listing/1575625764/sam-winchestr-vintage-t-shirt-sam?ref=shop_review,https://i.etsystatic.com/5455332319/r/il/8e4c21/5455332319/il_170x135.5455332319_v2vd.jpg,"SAM WINCHESTR Vintage T-shirt - Sam Winchestr Bootleg Tees, Sam Winchestr Fans Gifts, Sam Winchestr Retro Shirt, Sam Winchestr Kids Tee"
https://i.etsystatic.com/site-assets/images/avatars/default_avatar.png?width=75,"on Mar 12, 2025",Amber,https://www.etsy.com/people/amberlynn1110?ref=shop_review,5 out of 5 stars,Absolutely love! Looks just like the picture.,https://www.etsy.com/listing/1860305167/retro-top-shirt-choi-seung-hyun-shirt?ref=shop_review,https://i.etsystatic.com/6624028005/r/il/0cebea/6624028005/il_170x135.6624028005_ryoo.jpg,"Retro T.O.P Shirt, CHOI SEUNG-HYUN Shirt - Choi Seung-hyun Vintage Shirt, Choi Seung-hyun Retro 90s Tshirt, Choi Seung-hyun Bootleg"
https://i.etsystatic.com/site-assets/images/avatars/default_avatar.png?width=75,"Inactive account on Mar 12, 2025",,,5 out of 5 stars,I love this tshirt.arrived pretty quick.good quality,https://www.etsy.com/listing/1557328986/jason-statham-vintage-shirt-jason?ref=shop_review,https://i.etsystatic.com/5362510851/r/il/f2cf44/5362510851/il_170x135.5362510851_oj5z.jpg,"Jason Statham Vintage Shirt, Jason Statham Homage Tshirt, Jason Statham Fan Tees, Jason Statham Retro 90s Sweater, Jason Statham"
https://i.etsystatic.com/iusa/9fb077/29944256/iusa_75x75.29944256_ohyg.jpg?version=0,"on Mar 13, 2025",Shayla,https://www.etsy.com/people/shaylabutler2?ref=shop_review,3 out of 5 stars,Picture was great! Bottom seam came out during first wash,https://www.etsy.com/listing/1512770873/olivia-benson-shirt-olivia-benson-homage?ref=shop_review,https://i.etsystatic.com/5041774828/r/il/69236e/5041774828/il_170x135.5041774828_nxgu.jpg,"OLIVIA BENSON Shirt, Olivia Benson Homage T-Shirt, Law And Order SVU Vintage Retro Merch Fans Gift, Funny Olivia Benson Bootleg 90s Shirt"
https://i.etsystatic.com/site-assets/images/avatars/default_avatar.png?width=75,"on Feb 26, 2025",Abby,https://www.etsy.com/people/ALMc24?ref=shop_review,5 out of 5 stars,Purchased this item as a gift and the recipient loved it.,https://www.etsy.com/listing/1668693241/steve-buscemi-tribute-t-shirt-steve?ref=shop_review,https://i.etsystatic.com/5718876772/r/il/079e06/5718876772/il_170x135.5718876772_n8de.jpg,"STEVE BUSCEMI Tribute T-shirt - Steve Buscemi Homage Tees, Steve Buscemi 90's Tee, Steve Buscemi Vintage Shirt, Steve Buscemi Fanclub"
https://i.etsystatic.com/site-assets/images/avatars/default_avatar.png?width=75,"on Feb 25, 2025",Caitlin,https://www.etsy.com/people/et49x620blvpygf9?ref=shop_review,5 out of 5 stars,Great product and quick delivery,https://www.etsy.com/listing/1834290285/james-mcavoy-tribute-t-shirt-james?ref=shop_review,https://i.etsystatic.com/6468940610/r/il/9293bf/6468940610/il_170x135.6468940610_p36q.jpg,"JAMES MCAVOY Tribute T-shirt - James Mcavoy Fans Gift, James Mcavoy Vintage Shirt, James Mcavoy Retro Shirt, James Mcavoy Long Sleeve Shirt"
https://i.etsystatic.com/site-assets/images/avatars/default_avatar.png?width=75,"on Feb 21, 2025",Josue,https://www.etsy.com/people/UpsetToddler?ref=shop_review,5 out of 5 stars,Super awesome shirt! Great quality!,https://www.etsy.com/listing/1480109775/stefani-germanotta-retro-shirt-stefani?ref=shop_review,https://i.etsystatic.com/4897853082/r/il/cfc59c/4897853082/il_170x135.4897853082_smiq.jpg,"Stefani Germanotta Retro Shirt, Stefani Tee, Pop culture Retro Shirt, 90's Vintage Homage Shirt, Little Monster's Tee, Gift For Musician Fan"
https://i.etsystatic.com/iusa/631c78/46792570/iusa_75x75.46792570_6a49.jpg?version=0,"on Feb 19, 2025",Jade,https://www.etsy.com/people/jadebrito?ref=shop_review,5 out of 5 stars,Exactly how it is marketed!!,https://www.etsy.com/listing/1480109775/stefani-germanotta-retro-shirt-stefani?ref=shop_review,https://i.etsystatic.com/4946122927/r/il/43a804/4946122927/il_170x135.4946122927_9v6y.jpg,"Stefani Germanotta Retro Shirt, Stefani Tee, Pop culture Retro Shirt, 90's Vintage Homage Shirt, Little Monster's Tee, Gift For Musician Fan"
https://i.etsystatic.com/site-assets/images/avatars/default_avatar.png?width=75,"on Feb 18, 2025",AJ,https://www.etsy.com/people/f01kszsm0738c8vt?ref=shop_review,5 out of 5 stars,Great tshirt comfortable and print is quality,https://www.etsy.com/listing/1520274356/courtney-love-shirt-courtney-love-homage?ref=shop_review,https://i.etsystatic.com/5140001824/r/il/fb491b/5140001824/il_170x135.5140001824_j1y6.jpg,"COURTNEY LOVE Shirt, Courtney Love Homage T-Shirt, Courtney Michelle Love American Musician Vintage Bootleg Merch, Courtney Love Fan Gift"
https://i.etsystatic.com/site-assets/images/avatars/default_avatar.png?width=75,"on Feb 13, 2025",Abby,https://www.etsy.com/people/hgvzn9ie7au3dsou?ref=shop_review,5 out of 5 stars,Item was made and shipped in the same day! It was so fast and it looks amazing! Can’t wait to give it to my friend for her birthday!,https://www.etsy.com/listing/1843531769/aaron-taylor-johnson-vintage-shirt-aaron?ref=shop_review,https://i.etsystatic.com/6505541344/r/il/7f5189/6505541344/il_170x135.6505541344_k9sb.jpg,"AARON TAYLOR JOHNSON Vintage Shirt, Aaron Taylor Johnson Homage Tshirt, Aaron Taylor Johnson Fan Tees, Aaron Taylor Retro Sweater Merch Gift"
https://i.etsystatic.com/iusa/7e358c/103561730/iusa_75x75.103561730_lacb.jpg?version=0,"on Feb 13, 2025",bluejay,https://www.etsy.com/people/38uvj6fi25eg1atg?ref=shop_review,5 out of 5 stars,I love it! it came very quickly and before the estimated date i was given and its very comfy !,https://www.etsy.com/listing/1571629983/evan-buckley-retro-shirt-nine-eleven?ref=shop_review,https://i.etsystatic.com/5314887956/r/il/d7287b/5314887956/il_170x135.5314887956_oogy.jpg,"Evan Buckley Retro Shirt, Nine Eleven Shirt, Series Retro Shirt, Evan Buckley 90's Vintage Homage Shirt, Evan Buckley Gift for fan"
https://i.etsystatic.com/site-assets/images/avatars/default_avatar.png?width=75,"Etsy buyer on Feb 12, 2025",,,5 out of 5 stars,Fast arrival and quality material love it thanks,https://www.etsy.com/listing/1737557505/eddie-diaz-vintage-shirt-eddie-diaz?ref=shop_review,https://i.etsystatic.com/6016677390/r/il/b036d5/6016677390/il_170x135.6016677390_3pw1.jpg,"EDDIE DIAZ Vintage Shirt, Eddie Diaz Homage Tshirt, Eddie Diaz Fan Tees, Eddie Diaz Retro 90s Sweater, Eddie Diaz Merch Gift"
https://i.etsystatic.com/iusa/441cef/100466520/iusa_75x75.100466520_r9i5.jpg?version=0,"on Feb 12, 2025",rachsscreations,https://www.etsy.com/people/vo9ihape?ref=shop_review,5 out of 5 stars,Exactly as pictured! I love this shirt! The quality is amazing and the print itself is really nice!!,https://www.etsy.com/listing/1571629983/evan-buckley-retro-shirt-nine-eleven?ref=shop_review,https://i.etsystatic.com/5314888134/r/il/ca31ad/5314888134/il_170x135.5314888134_ldse.jpg,"Evan Buckley Retro Shirt, Nine Eleven Shirt, Series Retro Shirt, Evan Buckley 90's Vintage Homage Shirt, Evan Buckley Gift for fan"
https://i.etsystatic.com/site-assets/images/avatars/default_avatar.png?width=75,"on Feb 11, 2025",James,https://www.etsy.com/people/n82z4dl1regwztyc?ref=shop_review,5 out of 5 stars,My fiance loves the shirt,https://www.etsy.com/listing/1575625714/julia-roberts-julia-roberts-shirt-julia?ref=shop_review,https://i.etsystatic.com/5455317759/r/il/f8a491/5455317759/il_170x135.5455317759_7fo6.jpg,"Julia Roberts, Julia Roberts Shirt, Julia Roberts Merch, Julia Roberts Print, Julia Roberts Tee, Julia Roberts Poster, Julisa Roberts Movie"
https://i.etsystatic.com/iusa/98a54c/111678089/iusa_75x75.111678089_hvxy.jpg?version=0,"on Feb 5, 2025",trinity,https://www.etsy.com/people/hs40ueasqdy65ynm?ref=shop_review,5 out of 5 stars,It was very excellent! Would definitely order from again!,https://www.etsy.com/listing/1737557891/eddie-diaz-vintage-shirt-eddie-diaz?ref=shop_review,https://i.etsystatic.com/6064743693/r/il/8b9d23/6064743693/il_170x135.6064743693_o0hs.jpg,"EDDIE DIAZ Vintage Shirt, Eddie Diaz Homage Tshirt, Eddie Diaz Fan Tees, Eddie Diaz Retro 90s Sweater, Eddie Diaz Merch Gift"
https://i.etsystatic.com/iusa/cf00e5/77772451/iusa_75x75.77772451_b68u.jpg?version=0,"on Feb 5, 2025",Samantha,https://www.etsy.com/people/9yhqooc1?ref=shop_review,5 out of 5 stars,My friend loved her gift.,https://www.etsy.com/listing/1493190774/tom-hiddleston-vintage-shirt-thomas?ref=shop_review,https://i.etsystatic.com/5065314819/r/il/c159e8/5065314819/il_170x135.5065314819_5j46.jpg,"Tom Hiddleston Vintage Shirt, Thomas William  Actor Tees, Tom Hiddleston Fan , Dark World Retro 90s Sweater, Sir Thomas Merch Gift"
https://i.etsystatic.com/site-assets/images/avatars/default_avatar.png?width=75,"on Feb 3, 2025",Sydney,https://www.etsy.com/people/sydneyhyde?ref=shop_review,5 out of 5 stars,"Seller is extremely friendly. Item is great quality, exactly as pictured and arrived quickly.",https://www.etsy.com/listing/1834287969/retro-bill-paxton-shirts-bill-paxton?ref=shop_review,https://i.etsystatic.com/6517040811/r/il/93f47d/6517040811/il_170x135.6517040811_m8o3.jpg,"RETRO BILL PAXTON Shirts, Bill Paxton Vintage Shirt, Bill Paxton Homage Tees, Bill Paxton 90s Shirt, American Actor, Bill Paxton Merch"
https://i.etsystatic.com/site-assets/images/avatars/default_avatar.png?width=75,"on Feb 2, 2025",Ariana,https://www.etsy.com/people/rjnegwktf3uom0cn?ref=shop_review,5 out of 5 stars,The shirt is nice and comfortable,https://www.etsy.com/listing/1546400379/tom-welling-shirt-tom-welling-american?ref=shop_review,https://i.etsystatic.com/5196288228/r/il/822e24/5196288228/il_170x135.5196288228_hhb7.jpg,"TOM WELLING Shirt, Tom Welling American Actor T-shirt, Funny Tom Welling Bootleg Merch Fans Gift, Vintage Tom Welling Retro Homage Tees"
https://i.etsystatic.com/iusa/e61ed8/9117537/iusa_75x75.9117537.jpg?version=0,"on Feb 1, 2025",Etsy buyer,https://www.etsy.com/people/windflower78?ref=shop_review,5 out of 5 stars,This was a gift and the recipient was thrilled with it! Faster than expected shipping.,https://www.etsy.com/listing/1444790416/balki-bartokomous-retro-shirt-balki?ref=shop_review,https://i.etsystatic.com/4856061991/r/il/d4c1e2/4856061991/il_170x135.4856061991_3yi3.jpg,"Balki Bartokomous Retro Shirt, Balki Bartokomous 90's Vintage Homage Shirt, 80's Tv Show, Perfect Strangers Tv Show"
https://i.etsystatic.com/iusa/00b5ae/114220356/iusa_75x75.114220356_ibh0.jpg?version=0,"on Jan 28, 2025",Deacon,https://www.etsy.com/people/2oaqveld?ref=shop_review,5 out of 5 stars,Makes a wonderful christmas gift! arrived super early too,https://www.etsy.com/listing/1532214044/tom-welling-shirt-tom-welling-american?ref=shop_review,https://i.etsystatic.com/5244513343/r/il/a5a03c/5244513343/il_170x135.5244513343_cirj.jpg,"TOM WELLING Shirt, Tom Welling American Actor T-shirt, Funny Tom Welling Bootleg Merch Fans Gift, Vintage Tom Welling Retro Homage Tees"
https://i.etsystatic.com/site-assets/images/avatars/default_avatar.png?width=75,"on Jan 28, 2025",Nadia,https://www.etsy.com/people/se788o0il25iyl2z?ref=shop_review,5 out of 5 stars,I am so obsessed with this shirt!,https://www.etsy.com/listing/1532214044/tom-welling-shirt-tom-welling-american?ref=shop_review,https://i.etsystatic.com/5244513343/r/il/a5a03c/5244513343/il_170x135.5244513343_cirj.jpg,"TOM WELLING Shirt, Tom Welling American Actor T-shirt, Funny Tom Welling Bootleg Merch Fans Gift, Vintage Tom Welling Retro Homage Tees"
https://i.etsystatic.com/site-assets/images/avatars/default_avatar.png?width=75,"on Feb 5, 2025",Schaublin,https://www.etsy.com/people/pschaublin?ref=shop_review,5 out of 5 stars,"impeccable, fast, fast delivery I highly recommend",https://www.etsy.com/listing/1596511534/bryce-dallas-howard-shirt-bryce-dallas?ref=shop_review,https://i.etsystatic.com/5503293044/r/il/9864d8/5503293044/il_170x135.5503293044_l0u3.jpg,"BRYCE DALLAS HOWARD Shirt, Bryce Dallas Howard Vintage T-Shirt, Bryce Dallas Howard Homage Retro Merch, Jurassic Park Tribute Fans Gift"
https://i.etsystatic.com/site-assets/images/avatars/default_avatar.png?width=75,"on Feb 3, 2025",Etsy buyer,https://www.etsy.com/people/loubeauchamp?ref=shop_review,5 out of 5 stars,Great quality and arrived quickly 😊,https://www.etsy.com/listing/1532214044/tom-welling-shirt-tom-welling-american?ref=shop_review,https://i.etsystatic.com/5244513343/r/il/a5a03c/5244513343/il_170x135.5244513343_cirj.jpg,"TOM WELLING Shirt, Tom Welling American Actor T-shirt, Funny Tom Welling Bootleg Merch Fans Gift, Vintage Tom Welling Retro Homage Tees"
https://i.etsystatic.com/site-assets/images/avatars/default_avatar.png?width=75,"on Jan 27, 2025",Ariana,https://www.etsy.com/people/le85ktkslrzkv0mp?ref=shop_review,5 out of 5 stars,,https://www.etsy.com/listing/1493186144/jihyo-twice-jihyo-shirt-momo-fan-tees?ref=shop_review,https://i.etsystatic.com/5017025478/r/il/a2c5c4/5017025478/il_170x135.5017025478_gnp5.jpg,"Jihyo Twice, Jihyo Shirt, Momo Fan Tees, Jihyo Twice Merch, Jihyo Vintage Shirt, Retro Jihyo Korean Singer Tour Tshirt, Jihyo Poster Shirt"
https://i.etsystatic.com/site-assets/images/avatars/default_avatar.png?width=75,"on Jan 20, 2025",Katryna,https://www.etsy.com/people/3jxeoq1dk9b8wn7m?ref=shop_review,5 out of 5 stars,Did not receive the first due to the postal strike - they re-sent immediately and we just received! Thank you!,,,
https://i.etsystatic.com/iusa/19a536/111660686/iusa_75x75.111660686_leko.jpg?version=0,"on Jan 18, 2025",Tyler,https://www.etsy.com/people/ng6drkpn?ref=shop_review,5 out of 5 stars,"I tend to be hesitant when ordering shirts because the quality can be not as advertised or just end up being an iron-on design, but in this case it really exceeded my expectations. The shirt itself is a nice quality, and the printing is well done. And it arrived within a week, so overall two thumbs up from me.",https://www.etsy.com/listing/1571518055/patrick-verona-shirt-things-i-hate-about?ref=shop_review,https://i.etsystatic.com/5362520983/r/il/246b78/5362520983/il_170x135.5362520983_5a2u.jpg,"PATRICK VERONA Shirt, Heath Ledger 10 Things I Hate About You Homage T-shirt, Funny Patrick Verona 10 Things, Hate About You Retro Shirt"
https://i.etsystatic.com/site-assets/images/avatars/default_avatar.png?width=75,"on Jan 17, 2025",magda,https://www.etsy.com/people/yj1slqhnoarnlhxd?ref=shop_review,5 out of 5 stars,My brother loves it :),https://www.etsy.com/listing/1480109801/rod-kimble-retro-shirt-rod-kimble-shirt?ref=shop_review,https://i.etsystatic.com/4946123955/r/il/b50a8f/4946123955/il_170x135.4946123955_nye6.jpg,"Rod Kimble Retro Shirt, Rod Kimble Shirt, Stuntmant Retro Shirt, Rod Kimble 90's Vintage Homage Shirt, Daredevil, Comedy Character Tees"
https://i.etsystatic.com/site-assets/images/avatars/default_avatar.png?width=75,"on Jan 17, 2025",Fabio,https://www.etsy.com/people/lc2xlf66259p938y?ref=shop_review,5 out of 5 stars,"Great quality! Love my new shirt, thank you!",https://www.etsy.com/listing/1610700295/rina-sawayama-retro-t-shirt-rina?ref=shop_review,https://i.etsystatic.com/5503382876/r/il/5e6663/5503382876/il_170x135.5503382876_gaky.jpg,"RINA SAWAYAMA Retro T-shirt - Rina Sawayama Tee, Rina Sawayama Long Sleeve Shirt, Rina Sawayama Youth Tee, Rina Sawayama Kids Tee"
https://i.etsystatic.com/site-assets/images/avatars/default_avatar.png?width=75,"on Jan 17, 2025",Stephanie,https://www.etsy.com/people/nqnsgpsnywyfie4u?ref=shop_review,5 out of 5 stars,It was a great shirt,https://www.etsy.com/listing/1532214044/tom-welling-shirt-tom-welling-american?ref=shop_review,https://i.etsystatic.com/5244513343/r/il/a5a03c/5244513343/il_170x135.5244513343_cirj.jpg,"TOM WELLING Shirt, Tom Welling American Actor T-shirt, Funny Tom Welling Bootleg Merch Fans Gift, Vintage Tom Welling Retro Homage Tees"
https://i.etsystatic.com/site-assets/images/avatars/default_avatar.png?width=75,"on Jan 16, 2025",Jose,https://www.etsy.com/people/9y0xif03f0n4cr3m?ref=shop_review,5 out of 5 stars,Great gifts for a buddy,https://www.etsy.com/listing/1541072379/ben-stiller-shirt-ben-stiller-homage-t?ref=shop_review,https://i.etsystatic.com/5219799609/r/il/b40f17/5219799609/il_170x135.5219799609_d3ve.jpg,"BEN STILLER Shirt, Ben Stiller Homage T-Shirt, Benjamin Edward Meara Stiller American Actor Bootleg Merch, Ben Stiller Vintage Fans Gift"
https://i.etsystatic.com/site-assets/images/avatars/default_avatar.png?width=75,"on Jan 16, 2025",Peyton,https://www.etsy.com/people/zoq4qmug4l6581cn?ref=shop_review,5 out of 5 stars,"Looks just like the picture. Great quality, can withstand the washer and dryer.",https://www.etsy.com/listing/1834323917/retro-theo-raeken-theo-raeken-vintage?ref=shop_review,https://i.etsystatic.com/6469007502/r/il/52b17d/6469007502/il_170x135.6469007502_44xz.jpg,"RETRO THEO RAEKEN, Theo Raeken Vintage Retro Tees, Theo Raeken T-Shirts, Theo Raeken Sweatshirt, Theo Raeken Merch, Gift for Fan"
https://i.etsystatic.com/iusa/579bf8/100829435/iusa_75x75.100829435_flew.jpg?version=0,"on Jan 15, 2025",Kal,https://www.etsy.com/people/roobiefruit?ref=shop_review,5 out of 5 stars,"great quality, quick arrival, friend loved it!",https://www.etsy.com/listing/1571629983/evan-buckley-retro-shirt-nine-eleven?ref=shop_review,https://i.etsystatic.com/5314887956/r/il/d7287b/5314887956/il_170x135.5314887956_oogy.jpg,"Evan Buckley Retro Shirt, Nine Eleven Shirt, Series Retro Shirt, Evan Buckley 90's Vintage Homage Shirt, Evan Buckley Gift for fan"
https://i.etsystatic.com/iusa/94dcfa/91303177/iusa_75x75.91303177_dfy3.jpg?version=0,"on Jan 14, 2025",Leslie,https://www.etsy.com/people/6fmaoaod?ref=shop_review,5 out of 5 stars,"Amazing overall!! (:
Very happy about the quality and arrival time! Would buy again!",https://www.etsy.com/listing/1576904916/jeongyeon-twice-jeongyeon-shirt?ref=shop_review,https://i.etsystatic.com/5413878394/r/il/cda75c/5413878394/il_170x135.5413878394_5sqc.jpg,"Jeongyeon Twice, Jeongyeon Shirt, Jeongyeon Fan Tees, Jeongyeon Twice Merch, Jeongyeon Vintage Tshirt, Retro Jeongyeon Korean Singer Tour"
https://i.etsystatic.com/iusa/e1588e/76542176/iusa_75x75.76542176_iyvh.jpg?version=0,"on Jan 19, 2025",Kristin,https://www.etsy.com/people/t44pf3fi?ref=shop_review,3 out of 5 stars,I am a little disappointed in the quality of the print on the tshirt. I chose to purchase from this seller due to the high ratings. The print looks like it will peel after the first couple of washes.,https://www.etsy.com/listing/1498527018/jacob-black-shirt-jacob-black-homage-t?ref=shop_review,https://i.etsystatic.com/5089910857/r/il/b45d78/5089910857/il_170x135.5089910857_1if4.jpg,"JACOB BLACK Shirt, Jacob Black Homage T-Shirt, Jacob Black Edward Cullen Merch, Jacob Black Taylor Lautner Gift, Jacob Black Bootleg Tee"
https://i.etsystatic.com/iusa/8b9afd/105101528/iusa_75x75.105101528_2xde.jpg?version=0,"on Jan 9, 2025",Oftheirinvestigation,https://www.etsy.com/people/ehhlrq1j?ref=shop_review,5 out of 5 stars,"Funny shirt, got it as a christmas gift for a friend!",https://www.etsy.com/listing/1515124862/jason-sudeikis-shirt-jason-sudeikis?ref=shop_review,https://i.etsystatic.com/5116505132/r/il/6daa12/5116505132/il_170x135.5116505132_3h2v.jpg,"JASON SUDEIKIS Shirt, Jason Sudeikis Homage T-Shirt, Daniel Jason Sudeikis American Actor Vintage Retro Merch, Jason Sudeikis Fans Gift"
https://i.etsystatic.com/site-assets/images/avatars/default_avatar.png?width=75,"on Jan 7, 2025",M,https://www.etsy.com/people/vgwbimvlv6q9xn63?ref=shop_review,5 out of 5 stars,So cute! Friend loved the gift,https://www.etsy.com/listing/1610700295/rina-sawayama-retro-t-shirt-rina?ref=shop_review,https://i.etsystatic.com/5551492881/r/il/4e3876/5551492881/il_170x135.5551492881_2wdj.jpg,"RINA SAWAYAMA Retro T-shirt - Rina Sawayama Tee, Rina Sawayama Long Sleeve Shirt, Rina Sawayama Youth Tee, Rina Sawayama Kids Tee"
https://i.etsystatic.com/site-assets/images/avatars/default_avatar.png?width=75,"on Jan 7, 2025",Mary,https://www.etsy.com/people/fuazxp0h?ref=shop_review,5 out of 5 stars,Amazing t shirt!  Love the color ( I purchased the color daisy) and the print is great!  Pure Gossip Girl!  Thank you so much!  XOXO 💋,https://www.etsy.com/listing/1654529444/blair-waldorf-shirt-gossip-girl-blair?ref=shop_review,https://i.etsystatic.com/5766980829/r/il/e862da/5766980829/il_170x135.5766980829_n16r.jpg,"BLAIR WALDORF Shirt, Gossip Girl Blair Waldorf T-shirt, Blair Waldorf Homage Merch, Blair Waldorf Chuck Bass Tee, Leighton Meester Shirt"
https://i.etsystatic.com/site-assets/images/avatars/default_avatar.png?width=75,"on Jan 6, 2025",Andrew,https://www.etsy.com/people/fnw98ey2lmj4352q?ref=shop_review,5 out of 5 stars,The seller did a wonderful job in all aspects. Super helpful customer service when a thief stole the Kate Middleton shirt out my mailbox.,https://www.etsy.com/listing/1576904932/kate-middleton-shirt-kate-middleton?ref=shop_review,https://i.etsystatic.com/5413882192/r/il/8c6974/5413882192/il_170x135.5413882192_arnu.jpg,"KATE MIDDLETON Shirt, Kate Middleton Homage T-Shirt, Catherine, Princess of Wales Vintage Retro 90s Merch, British Royal Family Fans Gift"
https://i.etsystatic.com/iusa/36f227/91896988/iusa_75x75.91896988_h4b4.jpg?version=0,"on Jan 6, 2025",Haleigh,https://www.etsy.com/people/6vtkf01fvv2h1di2?ref=shop_review,5 out of 5 stars,It looks so good and feels great!! If you love jared I’d definitely buy 🫡,https://www.etsy.com/listing/1541095601/jared-padalecki-vintage-shirt-jared?ref=shop_review,https://i.etsystatic.com/5219879861/r/il/2377d5/5219879861/il_170x135.5219879861_rw1e.jpg,"JARED PADALECKI Vintage Shirt, Jared Padalecki Homage Retro, Jared Padalecki Tees, Jared Padalecki 90s Sweater, Jared Padalecki Merch Gift"
https://i.etsystatic.com/iusa/017190/69192955/iusa_75x75.69192955_49uy.jpg?version=0,"on Jan 5, 2025",Maria,https://www.etsy.com/people/3w9fndq3?ref=shop_review,5 out of 5 stars,"Great product! I was worried the print would be small, but it is not! It’s q great size and beautifully printed. It was a gift for my sister and she loved it!",https://www.etsy.com/listing/1743054352/chappel-roan-vintage-shirt-midwest?ref=shop_review,https://i.etsystatic.com/6152552433/r/il/7be3c9/6152552433/il_170x135.6152552433_r0z7.jpg,"Chappel Roan Vintage Shirt, Midwest Princess, Chappell Roan Shirt, Midwest Princess Tee, Midwest Princess Sweater, Chappell Roan T-Shirt"
https://i.etsystatic.com/iusa/ed85ce/51150166/iusa_75x75.51150166_kgbk.jpg?version=0,"on Jan 5, 2025",Etsy buyer,https://www.etsy.com/people/sararozedust1008?ref=shop_review,5 out of 5 stars,Perfect my mother in law loved it,https://www.etsy.com/listing/1576507968/dean-winchester-shirt-dean-winchester?ref=shop_review,https://i.etsystatic.com/5459973555/r/il/8f5f5f/5459973555/il_170x135.5459973555_bl8o.jpg,"Dean Winchester Shirt , Dean Winchester Supernatural Shirt , Jensen Ackles Actor Retro Shirt, Supernatural Dean Winchester Shirt, Winchester"
https://i.etsystatic.com/site-assets/images/avatars/default_avatar.png?width=75,"on Jan 5, 2025",Jessica,https://www.etsy.com/people/5roltqyp?ref=shop_review,5 out of 5 stars,Great quality! I love my purchase and will be recommending this shop,https://www.etsy.com/listing/1520274680/critical-moist-shirt-moist-cr1tikal?ref=shop_review,https://i.etsystatic.com/5188224989/r/il/745130/5188224989/il_170x135.5188224989_r0va.jpg,"Critikal Moist Shirt, Moist Cr1tikal Homage T-Shirt, Charles Christopher White Jr. American Streamer Vintage 90s Tee, Penguinz0 Fans Gift"
https://i.etsystatic.com/iusa/b07272/97215903/iusa_75x75.97215903_3nge.jpg?version=0,"on Jan 6, 2025",Cambree,https://www.etsy.com/people/gxiybnrm?ref=shop_review,5 out of 5 stars,,https://www.etsy.com/listing/1668693419/patrick-swayze-shirt-patrick-swayze?ref=shop_review,https://i.etsystatic.com/5718885418/r/il/5e89fc/5718885418/il_170x135.5718885418_dmxt.jpg,"PATRICK SWAYZE Shirt, Patrick Swayze Homage T-Shirt, Patrick Wayne Swayze Vintage Retro 90s Bootleg Merch, Funny Patrick Swayze Fans Gift"
https://i.etsystatic.com/iusa/68ec82/107133516/iusa_75x75.107133516_30md.jpg?version=0,"on Jan 6, 2025",Kina,https://www.etsy.com/people/6ufdxvpkq4pcvyuk?ref=shop_review,5 out of 5 stars,,https://www.etsy.com/listing/1493186144/jihyo-twice-jihyo-shirt-momo-fan-tees?ref=shop_review,https://i.etsystatic.com/5017025492/r/il/df00e3/5017025492/il_170x135.5017025492_7c72.jpg,"Jihyo Twice, Jihyo Shirt, Momo Fan Tees, Jihyo Twice Merch, Jihyo Vintage Shirt, Retro Jihyo Korean Singer Tour Tshirt, Jihyo Poster Shirt"
https://i.etsystatic.com/site-assets/images/avatars/default_avatar.png?width=75,"on Jan 1, 2025",Jasmine,https://www.etsy.com/people/q17uck4fylang3b5?ref=shop_review,4 out of 5 stars,Good quality looks just like the advertisement,https://www.etsy.com/listing/1654529362/elena-gilbert-shirt-elena-gilbert-homage?ref=shop_review,https://i.etsystatic.com/5718909604/r/il/a624a4/5718909604/il_170x135.5718909604_4yeg.jpg,"ELENA GILBERT Shirt, Elena Gilbert Homage T-Shirt, Nina Kamenova Dobreva Canadian Actress Vintage Merch, The Vampire Diaries Tee Fan Gift"
https://i.etsystatic.com/site-assets/images/avatars/default_avatar.png?width=75,"on Dec 30, 2024",ADDIE,https://www.etsy.com/people/th1jsylbwl74c421?ref=shop_review,5 out of 5 stars,MY DAUGHTER LOVES THE OFFICE....AND THE T-SHIRT.,https://www.etsy.com/listing/1392603707/dwight-schrute-shirt-the-office-schrute?ref=shop_review,https://i.etsystatic.com/4518115238/r/il/e43a11/4518115238/il_170x135.4518115238_ii7z.jpg,"DWIGHT SCHRUTE Shirt, The Office, Schrute Farms, Regional Manager, Jim Halpert, Pam, Tv Show Offfice, The Offfice Shirt, Dwight Schrute"
https://i.etsystatic.com/site-assets/images/avatars/default_avatar.png?width=75,"on Dec 30, 2024",Christina,https://www.etsy.com/people/wg7ngpwm?ref=shop_review,5 out of 5 stars,This t-shirt was my daughter's favorite gift!,https://www.etsy.com/listing/1571629983/evan-buckley-retro-shirt-nine-eleven?ref=shop_review,https://i.etsystatic.com/5314887956/r/il/d7287b/5314887956/il_170x135.5314887956_oogy.jpg,"Evan Buckley Retro Shirt, Nine Eleven Shirt, Series Retro Shirt, Evan Buckley 90's Vintage Homage Shirt, Evan Buckley Gift for fan"
https://i.etsystatic.com/iusa/17f58a/105325901/iusa_75x75.105325901_y021.jpg?version=0,"on Dec 29, 2024",Brionna,https://www.etsy.com/people/brionnahemmings?ref=shop_review,5 out of 5 stars,I have previously bought the Bette shirt & knew I had to get my friend the Shane shirt! They are so comfortable & great quality. Super fun & cute gift idea!,https://www.etsy.com/listing/1512770919/shane-mccutcheon-shirt-shane-mccutcheon?ref=shop_review,https://i.etsystatic.com/5041781306/r/il/0a15ab/5041781306/il_170x135.5041781306_80s2.jpg,"SHANE MCCUTCHEON Shirt, Shane McCutcheon Homage T-Shirt, Katherine Sian Moennig American Actress Vintage Retro Merch, The L Word Fan"
https://i.etsystatic.com/iusa/9a220b/42784067/iusa_75x75.42784067_4b0a.jpg?version=0,"on Dec 29, 2024",Fred,https://www.etsy.com/people/rappaz?ref=shop_review,5 out of 5 stars,"If I'm being honest, I was not expecting much, but I gotta say I am pleasantly surprised by the quality of the shirt. The printing is really good, the colors are vibrant, we'll see how it stands the test of time. True to size. It even smells  good, but I don't know if that's due to being stuck in a warehouse for a month during the Canada Post strike. Winona Forever!",https://www.etsy.com/listing/1744586626/winona-ryder-winona-ryder-shirt-winona?ref=shop_review,https://i.etsystatic.com/6111448382/r/il/7ba6bf/6111448382/il_170x135.6111448382_fm5q.jpg,"Winona Ryder, Winona Ryder Shirt, Winona Ryder Merch, Winona Ryder Fan Tees, Retro Winona Ryder Film, Vintage Winona Ryder Poster Shirt"
https://i.etsystatic.com/iusa/79d6cc/80659083/iusa_75x75.80659083_ofu2.jpg?version=0,"on Dec 28, 2024",Alyna,https://www.etsy.com/people/42xyb1nj?ref=shop_review,5 out of 5 stars,I got this order so fast maybe because I’m also in Florida but it looked so much better than I expected it too and it’s exactly like the picture.,https://www.etsy.com/listing/1784364801/zayn-malik-shirt-vintage-zayn-malik?ref=shop_review,https://i.etsystatic.com/6272966897/r/il/432801/6272966897/il_170x135.6272966897_11bl.jpg,"ZAYN MALIK Shirt, Vintage Zayn Malik Homage Shirt Retro 90s, Zayn Malik Boyband Shirt, Zayn Malik Concert Shirt, Zayn Malik Fan Shirt Gift"
https://i.etsystatic.com/site-assets/images/avatars/default_avatar.png?width=75,"on Dec 27, 2024",Ariana,https://www.etsy.com/people/rjnegwktf3uom0cn?ref=shop_review,5 out of 5 stars,"it was great, my friend loves it",https://www.etsy.com/listing/1541095605/jared-padalecki-vintage-shirt-jared?ref=shop_review,https://i.etsystatic.com/5171646698/r/il/b022f8/5171646698/il_170x135.5171646698_gn85.jpg,"JARED PADALECKI Vintage Shirt, Jared Padalecki Homage Retro, Jared Padalecki Tees, Jared Padalecki 90s Sweater, Jared Padalecki Merch Gift"
https://i.etsystatic.com/site-assets/images/avatars/default_avatar.png?width=75,"on Dec 27, 2024",Melanie,https://www.etsy.com/people/rockmelanie?ref=shop_review,5 out of 5 stars,Bought as a gift and she absolutely loved it!!!,https://www.etsy.com/listing/1698044907/leonardo-dicaprio-shirt-dicaprio-jack?ref=shop_review,https://i.etsystatic.com/5849339498/r/il/dad11c/5849339498/il_170x135.5849339498_9ktd.jpg,"LEONARDO DiCaprio Shirt, Dicaprio Jack Dawson Shirt, DiCaprio 1998 Titaniic, Candie Django Movie, Leonard Dicaprio TShirt, Wallstreet Shirt"
https://i.etsystatic.com/site-assets/images/avatars/default_avatar.png?width=75,"on Dec 27, 2024",Emily,https://www.etsy.com/people/emily5soss?ref=shop_review,5 out of 5 stars,I always love ordering from this seller and I will continue to get these custom shirts! Love them so much!,https://www.etsy.com/listing/1237255925/custom-order-vintage-shirt-up-to-you?ref=shop_review,https://i.etsystatic.com/3889504952/r/il/1908ec/3889504952/il_170x135.3889504952_muab.jpg,"Custom Order Vintage Shirt, Up to You Shirt, Insert Your Design, Personalized Shirt, Customized Shirt, Change Your Design Here Shirt"
https://i.etsystatic.com/site-assets/images/avatars/default_avatar.png?width=75,"on Dec 27, 2024",samantha,https://www.etsy.com/people/pljgwgli?ref=shop_review,5 out of 5 stars,,https://www.etsy.com/listing/1496235443/jhene-aiko-efuru-chilombo-tees-vintage?ref=shop_review,https://i.etsystatic.com/4969255748/r/il/bda678/4969255748/il_170x135.4969255748_cye6.jpg,"Jhene Aiko Efuru Chilombo Tees, Vintage Tee Aiko, Vintage 90s Unisex T-Shirt rapper Retro Queen of RNB Jhene Aiko Chilombo, Kali Uchis"
https://i.etsystatic.com/iusa/44e761/85811997/iusa_75x75.85811997_2u3b.jpg?version=0,"on Dec 22, 2024",Abigail,https://www.etsy.com/people/abigailtheunicorn?ref=shop_review,4 out of 5 stars,"Great Christmas gift, it arrived fast and is as pictured.",https://www.etsy.com/listing/1743054352/chappel-roan-vintage-shirt-midwest?ref=shop_review,https://i.etsystatic.com/6152552433/r/il/7be3c9/6152552433/il_170x135.6152552433_r0z7.jpg,"Chappel Roan Vintage Shirt, Midwest Princess, Chappell Roan Shirt, Midwest Princess Tee, Midwest Princess Sweater, Chappell Roan T-Shirt"
https://i.etsystatic.com/site-assets/images/avatars/default_avatar.png?width=75,"on Dec 22, 2024",Ginger,https://www.etsy.com/people/vm1s21kapl9gih94?ref=shop_review,5 out of 5 stars,Gift for my daughter. Loved it.,https://www.etsy.com/listing/1212839969/william-shakespeare-shirt-shakespeare?ref=shop_review,https://i.etsystatic.com/3846631225/r/il/b2bc96/3846631225/il_170x135.3846631225_a28f.jpg,"William Shakespeare Shirt, Shakespeare Homage Shirt, Shakespeare Shirt, Shakespeare Gift, Shakespeare Unisex Shirt, Shakespeare Poet Shirt"
https://i.etsystatic.com/iusa/d166bb/91286212/iusa_75x75.91286212_pz8y.jpg?version=0,"on Dec 22, 2024",Zoe,https://www.etsy.com/people/892vmitdphrxcunz?ref=shop_review,5 out of 5 stars,Thank you so much for my order! My friend will love this gift! :),https://www.etsy.com/listing/1744628368/jeff-goldblum-vintage-t-shirt-jeff?ref=shop_review,https://i.etsystatic.com/6159707207/r/il/026f88/6159707207/il_170x135.6159707207_fnr9.jpg,"JEFF GOLDBLUM Vintage T-Shirt - Jeff Goldblum Bootleg Tees, Jeff Goldblum Fans Gifts, Jeff Goldblum Retro Shirt, Jeff Goldblum"
https://i.etsystatic.com/site-assets/images/avatars/default_avatar.png?width=75,"on Dec 21, 2024",Alyssa,https://www.etsy.com/people/c3n5ridremqquk5v?ref=shop_review,5 out of 5 stars,Super cute! I loved it!,https://www.etsy.com/listing/1570170970/monica-geller-shirt-monica-geller-homage?ref=shop_review,https://i.etsystatic.com/5379000346/r/il/d5e082/5379000346/il_170x135.5379000346_drku.jpg,"MONICA GELLER Shirt, Monica Geller Homage T-Shirt, Funny Friends Tv Series Merch, Property of Monica Geller Apartment, Sitcom Drama Fans"
https://i.etsystatic.com/iusa/762aa5/97847775/iusa_75x75.97847775_phs2.jpg?version=0,"on Dec 21, 2024",XxFourLeafCloverxX,https://www.etsy.com/people/j77qy2exyl3sqcbw?ref=shop_review,5 out of 5 stars,"Great, got it for my niece for Christmas and I really hope she loves it.",https://www.etsy.com/listing/1541095605/jared-padalecki-vintage-shirt-jared?ref=shop_review,https://i.etsystatic.com/5171646698/r/il/b022f8/5171646698/il_170x135.5171646698_gn85.jpg,"JARED PADALECKI Vintage Shirt, Jared Padalecki Homage Retro, Jared Padalecki Tees, Jared Padalecki 90s Sweater, Jared Padalecki Merch Gift"
https://i.etsystatic.com/iusa/58c8c6/97054783/iusa_75x75.97054783_iaxk.jpg?version=0,"on Dec 21, 2024",Bella,https://www.etsy.com/people/wewvhnu4med59g91?ref=shop_review,5 out of 5 stars,"Matched perfect, super super cute!!!",https://www.etsy.com/listing/1570160248/retro-fitzwilliam-darcy-shirt?ref=shop_review,https://i.etsystatic.com/5378968662/r/il/538e1a/5378968662/il_170x135.5378968662_hj0z.jpg,"Retro Fitzwilliam Darcy Shirt, Fitzwilliam Darcy Tees, Vintage Fitzwilliam Darcy T-shirt, Pride and Prejudice, Gift for fan"
https://i.etsystatic.com/site-assets/images/avatars/default_avatar.png?width=75,"on Dec 21, 2024",Rachel,https://www.etsy.com/people/h5dnm6uz?ref=shop_review,5 out of 5 stars,so excited to wear this when i go see Z in february 🫶🏻 10/10 shirt definitely recommend.,https://www.etsy.com/listing/1784364801/zayn-malik-shirt-vintage-zayn-malik?ref=shop_review,https://i.etsystatic.com/6272966897/r/il/432801/6272966897/il_170x135.6272966897_11bl.jpg,"ZAYN MALIK Shirt, Vintage Zayn Malik Homage Shirt Retro 90s, Zayn Malik Boyband Shirt, Zayn Malik Concert Shirt, Zayn Malik Fan Shirt Gift"
https://i.etsystatic.com/site-assets/images/avatars/default_avatar.png?width=75,"Etsy buyer on Dec 21, 2024",,,5 out of 5 stars,"Great item, arrived in a timely manner.",https://www.etsy.com/listing/1743054352/chappel-roan-vintage-shirt-midwest?ref=shop_review,https://i.etsystatic.com/6152552433/r/il/7be3c9/6152552433/il_170x135.6152552433_r0z7.jpg,"Chappel Roan Vintage Shirt, Midwest Princess, Chappell Roan Shirt, Midwest Princess Tee, Midwest Princess Sweater, Chappell Roan T-Shirt"
https://i.etsystatic.com/site-assets/images/avatars/default_avatar.png?width=75,"on Dec 20, 2024",hopefulsidney,https://www.etsy.com/people/6efr67g37bffur1n?ref=shop_review,5 out of 5 stars,bought for sisters birthday and she loves it,https://www.etsy.com/listing/1743054352/chappel-roan-vintage-shirt-midwest?ref=shop_review,https://i.etsystatic.com/6152552433/r/il/7be3c9/6152552433/il_170x135.6152552433_r0z7.jpg,"Chappel Roan Vintage Shirt, Midwest Princess, Chappell Roan Shirt, Midwest Princess Tee, Midwest Princess Sweater, Chappell Roan T-Shirt"
https://i.etsystatic.com/site-assets/images/avatars/default_avatar.png?width=75,"on Dec 21, 2024",Katie,https://www.etsy.com/people/katiekenerly16?ref=shop_review,5 out of 5 stars,,https://www.etsy.com/listing/1820560685/walton-goggins-tshirt-walton-goggins?ref=shop_review,https://i.etsystatic.com/6403144228/r/il/bba9db/6403144228/il_170x135.6403144228_mj2b.jpg,"Walton Goggins Tshirt, Walton Goggins Shirt, Walton Goggins Gift, Walton Goggins Vintage Tees, Retro Walton Goggins Clothing, Movie Gift"
https://i.etsystatic.com/iusa/b8285b/112015817/iusa_75x75.112015817_bvq0.jpg?version=0,"on Dec 15, 2024",Emily,https://www.etsy.com/people/emilyedwards442?ref=shop_review,5 out of 5 stars,Came out so well! Such a great gift!,https://www.etsy.com/listing/1743054352/chappel-roan-vintage-shirt-midwest?ref=shop_review,https://i.etsystatic.com/6152552433/r/il/7be3c9/6152552433/il_170x135.6152552433_r0z7.jpg,"Chappel Roan Vintage Shirt, Midwest Princess, Chappell Roan Shirt, Midwest Princess Tee, Midwest Princess Sweater, Chappell Roan T-Shirt"
https://i.etsystatic.com/site-assets/images/avatars/default_avatar.png?width=75,"on Dec 14, 2024",Thanome,https://www.etsy.com/people/6oc9dggc?ref=shop_review,5 out of 5 stars,Exactly as described. Can't wait to give it to my daughter.,https://www.etsy.com/listing/1683865170/johnny-depp-vintage-shirt-johnny-depp?ref=shop_review,https://i.etsystatic.com/5897429611/r/il/69db99/5897429611/il_170x135.5897429611_pde0.jpg,"JOHNNY DEPP Vintage Shirt, Johnny Depp Homage Fan Tees, Johnny Depp Homage Retro, Johnny Depp Graphic Retro 90s, Johnny Depp Merch"
https://i.etsystatic.com/site-assets/images/avatars/default_avatar.png?width=75,"on Dec 14, 2024",Cassandra,https://www.etsy.com/people/ll53pboibna104n4?ref=shop_review,4 out of 5 stars,It was a great gift but the picture is a little small for the shirt,https://www.etsy.com/listing/1743054352/chappel-roan-vintage-shirt-midwest?ref=shop_review,https://i.etsystatic.com/6152552433/r/il/7be3c9/6152552433/il_170x135.6152552433_r0z7.jpg,"Chappel Roan Vintage Shirt, Midwest Princess, Chappell Roan Shirt, Midwest Princess Tee, Midwest Princess Sweater, Chappell Roan T-Shirt"
https://i.etsystatic.com/site-assets/images/avatars/default_avatar.png?width=75,"on Dec 14, 2024",Hope,https://www.etsy.com/people/hopegladish99?ref=shop_review,5 out of 5 stars,Perfect Christmas present for Johnny lovers!!,https://www.etsy.com/listing/1683865170/johnny-depp-vintage-shirt-johnny-depp?ref=shop_review,https://i.etsystatic.com/5897429611/r/il/69db99/5897429611/il_170x135.5897429611_pde0.jpg,"JOHNNY DEPP Vintage Shirt, Johnny Depp Homage Fan Tees, Johnny Depp Homage Retro, Johnny Depp Graphic Retro 90s, Johnny Depp Merch"
https://i.etsystatic.com/iusa/948ff4/90517314/iusa_75x75.90517314_ci1k.jpg?version=0,"on Dec 14, 2024",Amanda,https://www.etsy.com/people/mandyaeqtx?ref=shop_review,5 out of 5 stars,Was just like the picture and I loved the oversized look I ordered. Shipping was fast and would purchase from this seller again.,https://www.etsy.com/listing/1698044841/retro-kate-siegel-vintage-shirt-kate?ref=shop_review,https://i.etsystatic.com/5849336404/r/il/676b89/5849336404/il_170x135.5849336404_cb4j.jpg,"Retro KATE SIEGEL Vintage Shirt, Kate Siegel Homage Fan Tees, Kate Siegel Homage Retro, Kate Siegel Graphic Retro 90s, Kate Siegel Merch"
https://i.etsystatic.com/site-assets/images/avatars/default_avatar.png?width=75,"on Dec 14, 2024",Joanne,https://www.etsy.com/people/j6cmykfk?ref=shop_review,5 out of 5 stars,Arrived at the perfect time,https://www.etsy.com/listing/1737557505/eddie-diaz-vintage-shirt-eddie-diaz?ref=shop_review,https://i.etsystatic.com/6064741615/r/il/074d96/6064741615/il_170x135.6064741615_3c6c.jpg,"EDDIE DIAZ Vintage Shirt, Eddie Diaz Homage Tshirt, Eddie Diaz Fan Tees, Eddie Diaz Retro 90s Sweater, Eddie Diaz Merch Gift"
https://i.etsystatic.com/site-assets/images/avatars/default_avatar.png?width=75,"on Dec 13, 2024",Pam,https://www.etsy.com/people/uut03n6twes64hc4?ref=shop_review,5 out of 5 stars,I love the color and the quality of the shirt.,https://www.etsy.com/listing/1426489867/scott-calvin-tim-allen-vintage-shirt?ref=shop_review,https://i.etsystatic.com/4668187482/r/il/ffae7d/4668187482/il_170x135.4668187482_e4af.jpg,"Scott Calvin, TIM ALLEN Vintage Shirt, Actor Tim Allen Homage Tshirt, Tim Allen Fan Tees, Tim Allen Retro 90s Sweater, Tim Allen Merch Gift"
https://i.etsystatic.com/site-assets/images/avatars/default_avatar.png?width=75,"on Dec 13, 2024",Jacqueline,https://www.etsy.com/people/fadwxtzi?ref=shop_review,5 out of 5 stars,Order arrived quickly and matched the description.,https://www.etsy.com/listing/1654522960/song-kang-vintage-shirt-song-kang-homage?ref=shop_review,https://i.etsystatic.com/5718877652/r/il/58a797/5718877652/il_170x135.5718877652_hpyw.jpg,"SONG KANG Vintage Shirt, Song Kang Homage Tshirt, Song Kang Fan Tees, Song Kang Retro 90s Sweater, Song Kang Merch Gift"
https://i.etsystatic.com/site-assets/images/avatars/default_avatar.png?width=75,"on Dec 13, 2024",Katie,https://www.etsy.com/people/xgvpos2y?ref=shop_review,5 out of 5 stars,Every thing was great :),https://www.etsy.com/listing/1512770873/olivia-benson-shirt-olivia-benson-homage?ref=shop_review,https://i.etsystatic.com/5041774828/r/il/69236e/5041774828/il_170x135.5041774828_nxgu.jpg,"OLIVIA BENSON Shirt, Olivia Benson Homage T-Shirt, Law And Order SVU Vintage Retro Merch Fans Gift, Funny Olivia Benson Bootleg 90s Shirt"
https://i.etsystatic.com/iusa/2e25cf/111246081/iusa_75x75.111246081_qtjc.jpg?version=0,"Etsy buyer on Dec 13, 2024",,,5 out of 5 stars,Looks good. Wish it was a better brand shirt for the price,https://www.etsy.com/listing/1218435446/bored-ape-homage-shirt-bored-ape-style?ref=shop_review,https://i.etsystatic.com/3919931189/r/il/7e7782/3919931189/il_170x135.3919931189_kp0t.jpg,"Bored Ape Homage Shirt, Bored Ape Style 90s Shirt,  Bored Ape Shirt,  Bored Ape Gift For Him Her Tees,  Bored Ape Yacht Club Shirt"
https://i.etsystatic.com/site-assets/images/avatars/default_avatar.png?width=75,"on Dec 10, 2024",jordan,https://www.etsy.com/people/siek8s9d?ref=shop_review,5 out of 5 stars,Looks great. Really happy with the graphic,https://www.etsy.com/listing/1206756265/big-sean-homage-shirt-big-sean-rapper?ref=shop_review,https://i.etsystatic.com/3776477056/r/il/0b4976/3776477056/il_170x135.3776477056_on30.jpg,"Big Sean Homage Shirt, Big Sean Rapper Hip Hop Style 90s Shirt, Bounce Back Shirt, Big Sean Gift For Him Her Tees, Big Sean Shirt"
https://i.etsystatic.com/iusa/ff2d2f/94122343/iusa_75x75.94122343_t4xi.jpg?version=0,"on Dec 10, 2024",mia,https://www.etsy.com/people/hzji8wdh5dvzlhwv?ref=shop_review,5 out of 5 stars,"Customer service was great, very nice :) Shirt is perfect, got it as a birthday gift for my friend!!! They loved it!!",https://www.etsy.com/listing/1507368493/owen-wilson-vintage-shirt-owen-wilson?ref=shop_review,https://i.etsystatic.com/5065257147/r/il/f8e016/5065257147/il_170x135.5065257147_npu0.jpg,"Owen Wilson Vintage Shirt, owen wilson Homage Tshirt, owen wilson Fan Tees, owen wilson Retro 90s Sweater, owen wilson Merch Gift"
https://i.etsystatic.com/site-assets/images/avatars/default_avatar.png?width=75,"on Dec 9, 2024",Charlotte,https://www.etsy.com/people/1yy835oufg912024?ref=shop_review,5 out of 5 stars,My wife is a major Greys fan and she loved it! Thank you!,https://www.etsy.com/listing/1610700129/meredith-grey-shirt-greys-anatomy-doctor?ref=shop_review,https://i.etsystatic.com/5503369498/r/il/4a0de2/5503369498/il_170x135.5503369498_4gyc.jpg,"MEREDITH GREY Shirt, Grey's Anatomy Doctor Shirt, Meredith Grey's Anatomy T-shirt, Doctor Meredith Grey Shirt, Funny Doctor Grey Merch"
https://i.etsystatic.com/iusa/e72201/49920200/iusa_75x75.49920200_h61y.jpg?version=0,"on Dec 9, 2024",Avery,https://www.etsy.com/people/averykroll?ref=shop_review,5 out of 5 stars,Perfect! Just as the image shows!,https://www.etsy.com/listing/1507572876/ross-lynch-shirt-ross-lynch-r5-t-shirt?ref=shop_review,https://i.etsystatic.com/5130705015/r/il/14f3c1/5130705015/il_170x135.5130705015_lfed.jpg,"ROSS LYNCH Shirt, Ross Lynch R5 T-shirt, Ross Lynch Homage Shirt ,Ross Lynch Driver Era Shirt, Funny Ross Lynch Austin and Ally Shirt"
https://i.etsystatic.com/site-assets/images/avatars/default_avatar.png?width=75,"Etsy buyer on Dec 9, 2024",,,5 out of 5 stars,The seller was excellent at responding quickly. The shirt came so quickly even though it was bought in the midst of black friday sales. Wonderful!,https://www.etsy.com/listing/1743054352/chappel-roan-vintage-shirt-midwest?ref=shop_review,https://i.etsystatic.com/6152552433/r/il/7be3c9/6152552433/il_170x135.6152552433_r0z7.jpg,"Chappel Roan Vintage Shirt, Midwest Princess, Chappell Roan Shirt, Midwest Princess Tee, Midwest Princess Sweater, Chappell Roan T-Shirt"
https://i.etsystatic.com/iusa/e5480e/97466537/iusa_75x75.97466537_408o.jpg?version=0,"on Dec 9, 2024",Marie,https://www.etsy.com/people/utim1yxut0yqrea1?ref=shop_review,5 out of 5 stars,fast delivery and great quality,https://www.etsy.com/listing/1396813695/retro-taika-waititi-shirt-taika-fans?ref=shop_review,https://i.etsystatic.com/4536703938/r/il/d46b66/4536703938/il_170x135.4536703938_ojtv.jpg,"RETRO TAIKA WAITITI Shirt, Taika Fans Tees, New Zealand Filmmaker, Actor, Comedian Tees, Thor, Taika Waititi Retro 90 Sweater, Taika Waititi"
https://i.etsystatic.com/site-assets/images/avatars/default_avatar.png?width=75,"on Dec 9, 2024",Lili,https://www.etsy.com/people/sre3nwxh6eeyu9cm?ref=shop_review,5 out of 5 stars,This shirt is just what I was hoping for! Great Christmas gift!!,https://www.etsy.com/listing/1532214044/tom-welling-shirt-tom-welling-american?ref=shop_review,https://i.etsystatic.com/5244513343/r/il/a5a03c/5244513343/il_170x135.5244513343_cirj.jpg,"TOM WELLING Shirt, Tom Welling American Actor T-shirt, Funny Tom Welling Bootleg Merch Fans Gift, Vintage Tom Welling Retro Homage Tees"
https://i.etsystatic.com/iusa/1c356d/51915161/iusa_75x75.51915161_nkqs.jpg?version=0,"on Dec 9, 2024",Elizabeth,https://www.etsy.com/people/ragusaelizabeth1?ref=shop_review,5 out of 5 stars,loved these for my bachelorette,https://www.etsy.com/listing/1683838184/queen-elizabeth-ii-retro-shirt-queen?ref=shop_review,https://i.etsystatic.com/5897302331/r/il/5944cf/5897302331/il_170x135.5897302331_trk5.jpg,"QUEEN ELIZABETH II Retro Shirt, Queen Elizabeth Homage Tshirt, Queen Elizabeth Fan Tees, Queen Elizabeth Retro 90s, Queen Elizabeth Fan"
https://i.etsystatic.com/iusa/1c356d/51915161/iusa_75x75.51915161_nkqs.jpg?version=0,"on Dec 9, 2024",Elizabeth,https://www.etsy.com/people/ragusaelizabeth1?ref=shop_review,5 out of 5 stars,loved these for my bachelorette trip,https://www.etsy.com/listing/1683838184/queen-elizabeth-ii-retro-shirt-queen?ref=shop_review,https://i.etsystatic.com/5897302331/r/il/5944cf/5897302331/il_170x135.5897302331_trk5.jpg,"QUEEN ELIZABETH II Retro Shirt, Queen Elizabeth Homage Tshirt, Queen Elizabeth Fan Tees, Queen Elizabeth Retro 90s, Queen Elizabeth Fan"
https://i.etsystatic.com/iusa/52e900/112031396/iusa_75x75.112031396_n66r.jpg?version=0,"on Dec 9, 2024",Breanna,https://www.etsy.com/people/gfr6rgos85rezc3e?ref=shop_review,5 out of 5 stars,,https://www.etsy.com/listing/1820428453/joseph-gordon-levitt-shirt-shirt-funny?ref=shop_review,https://i.etsystatic.com/6450523721/r/il/15ef12/6450523721/il_170x135.6450523721_dtqx.jpg,"Joseph Gordon-levitt Shirt, Shirt Funny Actor Tee Retro Vintage 70s 80s, 500 Days Summer Tom Hansen, Don Jon"
https://i.etsystatic.com/site-assets/images/avatars/default_avatar.png?width=75,"on Dec 5, 2024",Moo,https://www.etsy.com/people/5ao4t33ikjg16ahb?ref=shop_review,5 out of 5 stars,the material of the shirt is really good. it came on time as estimated,https://www.etsy.com/listing/1570160248/retro-fitzwilliam-darcy-shirt?ref=shop_review,https://i.etsystatic.com/5378968662/r/il/538e1a/5378968662/il_170x135.5378968662_hj0z.jpg,"Retro Fitzwilliam Darcy Shirt, Fitzwilliam Darcy Tees, Vintage Fitzwilliam Darcy T-shirt, Pride and Prejudice, Gift for fan"
https://i.etsystatic.com/site-assets/images/avatars/default_avatar.png?width=75,"on Dec 5, 2024",Priya,https://www.etsy.com/people/UmbridgeBear?ref=shop_review,5 out of 5 stars,Everything I ever wanted for a shirt,https://www.etsy.com/listing/1654529380/dewey-shirt-dewey-homage-t-shirt-dewey?ref=shop_review,https://i.etsystatic.com/5725487208/r/il/1f1334/5725487208/il_170x135.5725487208_bfze.jpg,"DEWEY Shirt, Dewey Homage T-Shirt, Dewey Kenneth Wilkerson Malcolm In The Middle Character Vintage Merch, Erik Per Sullivan Tee Fan Gift"
https://i.etsystatic.com/iusa/1c356d/51915161/iusa_75x75.51915161_nkqs.jpg?version=0,"on Dec 3, 2024",Elizabeth,https://www.etsy.com/people/ragusaelizabeth1?ref=shop_review,5 out of 5 stars,Worked out perfectly for my bachelorette party!,https://www.etsy.com/listing/1683838184/queen-elizabeth-ii-retro-shirt-queen?ref=shop_review,https://i.etsystatic.com/5897302331/r/il/5944cf/5897302331/il_170x135.5897302331_trk5.jpg,"QUEEN ELIZABETH II Retro Shirt, Queen Elizabeth Homage Tshirt, Queen Elizabeth Fan Tees, Queen Elizabeth Retro 90s, Queen Elizabeth Fan"
https://i.etsystatic.com/site-assets/images/avatars/default_avatar.png?width=75,"on Dec 3, 2024",Laney,https://www.etsy.com/people/btuq9kogz2pg7lnx?ref=shop_review,5 out of 5 stars,So nice! Bestfriend loved it for her birthday!!,https://www.etsy.com/listing/1744586764/winston-schmidt-shirt-winston-schmidt?ref=shop_review,https://i.etsystatic.com/6111449792/r/il/2b810a/6111449792/il_170x135.6111449792_g7l4.jpg,"WINSTON SCHMIDT Shirt, Winston Schmidt Homage Vintage Tshirt, Winston Schmidt Retro Fan Tees, Winston Retro 90s Sweater, Schmidt Merch Gift"
https://i.etsystatic.com/site-assets/images/avatars/default_avatar.png?width=75,"on Dec 3, 2024",Giulia,https://www.etsy.com/people/pbx9uirz3z7xw9b4?ref=shop_review,5 out of 5 stars,Item was exactly what I ordered and the person I gifted it to loved it!,https://www.etsy.com/listing/1698017639/austin-butler-90s-t-shirt-austin-butler?ref=shop_review,https://i.etsystatic.com/5897282273/r/il/28ae20/5897282273/il_170x135.5897282273_aeoo.jpg,"AUSTIN BUTLER 90's T-shirt - Austin Butler Bootleg Tees, Austin Butler Fans Gifts, Austin Butler Vintage Retro Shirt, Austin Fans Kids Tee"
https://i.etsystatic.com/site-assets/images/avatars/default_avatar.png?width=75,"on Dec 2, 2024",Kirsty,https://www.etsy.com/people/0ud4jl3e6hw00cnq?ref=shop_review,5 out of 5 stars,"Just the Christmas gift i was looking for, looks amazing and the fabric feels good quality.",https://www.etsy.com/listing/1571629983/evan-buckley-retro-shirt-nine-eleven?ref=shop_review,https://i.etsystatic.com/5314887956/r/il/d7287b/5314887956/il_170x135.5314887956_oogy.jpg,"Evan Buckley Retro Shirt, Nine Eleven Shirt, Series Retro Shirt, Evan Buckley 90's Vintage Homage Shirt, Evan Buckley Gift for fan"
https://i.etsystatic.com/site-assets/images/avatars/default_avatar.png?width=75,"on Dec 1, 2024",Gabriella,https://www.etsy.com/people/ot2tif3rpv9o8fnv?ref=shop_review,4 out of 5 stars,I love my shirt! but be careful when washing. It stained a shirt I washed with it,https://www.etsy.com/listing/1571629983/evan-buckley-retro-shirt-nine-eleven?ref=shop_review,https://i.etsystatic.com/5314887956/r/il/d7287b/5314887956/il_170x135.5314887956_oogy.jpg,"Evan Buckley Retro Shirt, Nine Eleven Shirt, Series Retro Shirt, Evan Buckley 90's Vintage Homage Shirt, Evan Buckley Gift for fan"
https://i.etsystatic.com/site-assets/images/avatars/default_avatar.png?width=75,"on Nov 30, 2024",Lillian,https://www.etsy.com/people/qmd515g273o9ws48?ref=shop_review,5 out of 5 stars,Got this as a gift for my sister’s bday. She absolutely loved it!!,https://www.etsy.com/listing/1737557505/eddie-diaz-vintage-shirt-eddie-diaz?ref=shop_review,https://i.etsystatic.com/6064741615/r/il/074d96/6064741615/il_170x135.6064741615_3c6c.jpg,"EDDIE DIAZ Vintage Shirt, Eddie Diaz Homage Tshirt, Eddie Diaz Fan Tees, Eddie Diaz Retro 90s Sweater, Eddie Diaz Merch Gift"
https://i.etsystatic.com/site-assets/images/avatars/default_avatar.png?width=75,"on Nov 30, 2024",Erin,https://www.etsy.com/people/murphye419?ref=shop_review,5 out of 5 stars,Perfect! My niece is going to love it. Thanks!,https://www.etsy.com/listing/1498527010/jack-dawson-shirt-jack-dawson-homage-t?ref=shop_review,https://i.etsystatic.com/5089910137/r/il/4d5dbe/5089910137/il_170x135.5089910137_fz8m.jpg,"JACK DAWSON Shirt, Jack Dawson Homage T-Shirt, Jack Dawson Titanic Movie Character Vintage Merch, Funny Leonardo DiCaprio Tees Fans Gift"
https://i.etsystatic.com/site-assets/images/avatars/default_avatar.png?width=75,"on Nov 30, 2024",Evan,https://www.etsy.com/people/evangott?ref=shop_review,2 out of 5 stars,Print was off center and crooked - plus a bit smaller than the example.,https://www.etsy.com/listing/1547343734/addison-rae-vintage-retro-shirt-addison?ref=shop_review,https://i.etsystatic.com/5266689564/r/il/6091cf/5266689564/il_170x135.5266689564_hjru.jpg,"Addison Rae Vintage Retro Shirt, Addison Rae Dance Hip Hop, Addison Rae Influencer Shirt, Dancer Shirt, Shirt For Man Woman, Addison Rae Tee"
https://i.etsystatic.com/site-assets/images/avatars/default_avatar.png?width=75,"on Nov 24, 2024",Marie,https://www.etsy.com/people/iy6araikyu1n2jn0?ref=shop_review,5 out of 5 stars,"First time using Etsy, I think it was great.  Very impressed.    Thank you.",https://www.etsy.com/listing/1571629983/evan-buckley-retro-shirt-nine-eleven?ref=shop_review,https://i.etsystatic.com/5314887956/r/il/d7287b/5314887956/il_170x135.5314887956_oogy.jpg,"Evan Buckley Retro Shirt, Nine Eleven Shirt, Series Retro Shirt, Evan Buckley 90's Vintage Homage Shirt, Evan Buckley Gift for fan"
https://i.etsystatic.com/site-assets/images/avatars/default_avatar.png?width=75,"on Nov 23, 2024",Anne,https://www.etsy.com/people/rm1ky5ee?ref=shop_review,5 out of 5 stars,The item was received earlier than expected. Nice quality.,https://www.etsy.com/listing/1507572888/patrick-wilson-vintage-shirt-actor?ref=shop_review,https://i.etsystatic.com/5082474188/r/il/ae9dde/5082474188/il_170x135.5082474188_4qss.jpg,"PATRICK WILSON Vintage Shirt, Actor Wilson Homage Tshirt, Patrick Wilson Fan Tees, Patrick Wilson Retro 90s Sweater, Patrick Wilson Fan Tee"
https://i.etsystatic.com/site-assets/images/avatars/default_avatar.png?width=75,"on Nov 23, 2024",Vivian,https://www.etsy.com/people/q24uqn5pi9o0q6uf?ref=shop_review,5 out of 5 stars,Super cute bought it for a Christmas gift,https://www.etsy.com/listing/1493186144/jihyo-twice-jihyo-shirt-momo-fan-tees?ref=shop_review,https://i.etsystatic.com/5017025492/r/il/df00e3/5017025492/il_170x135.5017025492_7c72.jpg,"Jihyo Twice, Jihyo Shirt, Momo Fan Tees, Jihyo Twice Merch, Jihyo Vintage Shirt, Retro Jihyo Korean Singer Tour Tshirt, Jihyo Poster Shirt"
https://i.etsystatic.com/iusa/e56b77/89386618/iusa_75x75.89386618_pqpf.jpg?version=0,"on Nov 23, 2024",Megan,https://www.etsy.com/people/gvgpu3dx3dx0ahzu?ref=shop_review,5 out of 5 stars,The shirt slays as a gift!,https://www.etsy.com/listing/1570160248/retro-fitzwilliam-darcy-shirt?ref=shop_review,https://i.etsystatic.com/5378968662/r/il/538e1a/5378968662/il_170x135.5378968662_hj0z.jpg,"Retro Fitzwilliam Darcy Shirt, Fitzwilliam Darcy Tees, Vintage Fitzwilliam Darcy T-shirt, Pride and Prejudice, Gift for fan"
https://i.etsystatic.com/iusa/4539e6/8293796/iusa_75x75.8293796.jpg?version=0,"on Nov 22, 2024",Etsy buyer,https://www.etsy.com/people/ashleybault?ref=shop_review,5 out of 5 stars,Super quick shipping and exactly what I ordered! Would use again!,https://www.etsy.com/listing/1744586434/tom-welling-shirt-tom-welling-american?ref=shop_review,https://i.etsystatic.com/6111445158/r/il/428cf9/6111445158/il_170x135.6111445158_6mcm.jpg,"TOM WELLING Shirt, Tom Welling American Actor T-shirt, Funny Tom Welling Bootleg Merch Fans Gift, Vintage Tom Welling Retro Homage Tees"
https://i.etsystatic.com/site-assets/images/avatars/default_avatar.png?width=75,"on Nov 22, 2024",Evelyn,https://www.etsy.com/people/tp4mi71bhqankoar?ref=shop_review,5 out of 5 stars,Got this for my sister as a Christmas gift can’t wait for her to get it 😂,https://www.etsy.com/listing/1784364801/zayn-malik-shirt-vintage-zayn-malik?ref=shop_review,https://i.etsystatic.com/6272966897/r/il/432801/6272966897/il_170x135.6272966897_11bl.jpg,"ZAYN MALIK Shirt, Vintage Zayn Malik Homage Shirt Retro 90s, Zayn Malik Boyband Shirt, Zayn Malik Concert Shirt, Zayn Malik Fan Shirt Gift"
https://i.etsystatic.com/iusa/012f5b/30238081/iusa_75x75.30238081_396p.jpg?version=0,"on Nov 19, 2024",Tanner,https://www.etsy.com/people/tannertharp?ref=shop_review,5 out of 5 stars,Good quality and good fit! thank you 😊,https://www.etsy.com/listing/1571629983/evan-buckley-retro-shirt-nine-eleven?ref=shop_review,https://i.etsystatic.com/5314887956/r/il/d7287b/5314887956/il_170x135.5314887956_oogy.jpg,"Evan Buckley Retro Shirt, Nine Eleven Shirt, Series Retro Shirt, Evan Buckley 90's Vintage Homage Shirt, Evan Buckley Gift for fan"
https://i.etsystatic.com/site-assets/images/avatars/default_avatar.png?width=75,"on Nov 19, 2024",Tiyana,https://www.etsy.com/people/fp2t49tzl2rhojf8?ref=shop_review,5 out of 5 stars,So cute and great quality,https://www.etsy.com/listing/1496235443/jhene-aiko-efuru-chilombo-tees-vintage?ref=shop_review,https://i.etsystatic.com/4969255748/r/il/bda678/4969255748/il_170x135.4969255748_cye6.jpg,"Jhene Aiko Efuru Chilombo Tees, Vintage Tee Aiko, Vintage 90s Unisex T-Shirt rapper Retro Queen of RNB Jhene Aiko Chilombo, Kali Uchis"
https://i.etsystatic.com/site-assets/images/avatars/default_avatar.png?width=75,"on Nov 19, 2024",Etsy buyer,https://www.etsy.com/people/cjbusfriend1?ref=shop_review,5 out of 5 stars,I love the shirt and got it pretty fast,https://www.etsy.com/listing/1743054352/chappel-roan-vintage-shirt-midwest?ref=shop_review,https://i.etsystatic.com/6152552433/r/il/7be3c9/6152552433/il_170x135.6152552433_r0z7.jpg,"Chappel Roan Vintage Shirt, Midwest Princess, Chappell Roan Shirt, Midwest Princess Tee, Midwest Princess Sweater, Chappell Roan T-Shirt"
https://i.etsystatic.com/iusa/bfff8b/95089898/iusa_75x75.95089898_3bw0.jpg?version=0,"on Nov 19, 2024",Lauren,https://www.etsy.com/people/LaurenSavanagh?ref=shop_review,5 out of 5 stars,Great quality and arrived in a timely manner. Thank you!,https://www.etsy.com/listing/1698018099/gavin-newsom-vintage-shirt-gavin-newsom?ref=shop_review,https://i.etsystatic.com/5897308523/r/il/c104cc/5897308523/il_170x135.5897308523_f7p6.jpg,"GAVIN LEATHERWOOD Vintage Shirt, Gavin Leatherwood Homage Tshirt, Gavin Leatherwood Fan Tees, Gavin Leatherwood Retro 90s Sweater, Gavin"
https://i.etsystatic.com/iusa/993903/98018772/iusa_75x75.98018772_1blm.jpg?version=0,"on Nov 10, 2024",Etsy buyer,https://www.etsy.com/people/ncolon077?ref=shop_review,4 out of 5 stars,Love the shirt! The t-shirt is good quality.,https://www.etsy.com/listing/1571629983/evan-buckley-retro-shirt-nine-eleven?ref=shop_review,https://i.etsystatic.com/5314888042/r/il/512be9/5314888042/il_170x135.5314888042_7q6o.jpg,"Evan Buckley Retro Shirt, Nine Eleven Shirt, Series Retro Shirt, Evan Buckley 90's Vintage Homage Shirt, Evan Buckley Gift for fan"
https://i.etsystatic.com/site-assets/images/avatars/default_avatar.png?width=75,"on Nov 9, 2024",Scott,https://www.etsy.com/people/huffman2160?ref=shop_review,5 out of 5 stars,The shirts look great! . The seller is always super friendly and helpful:),https://www.etsy.com/listing/1237255925/custom-order-vintage-shirt-up-to-you?ref=shop_review,https://i.etsystatic.com/3889504952/r/il/1908ec/3889504952/il_170x135.3889504952_muab.jpg,"Custom Order Vintage Shirt, Up to You Shirt, Insert Your Design, Personalized Shirt, Customized Shirt, Change Your Design Here Shirt"
https://i.etsystatic.com/site-assets/images/avatars/default_avatar.png?width=75,"on Nov 8, 2024",Lydia,https://www.etsy.com/people/lydiacaitlin?ref=shop_review,5 out of 5 stars,"great, fine shirt my kid was happy",https://www.etsy.com/listing/1610678197/desmond-benjamin-vintage-shirt-homage?ref=shop_review,https://i.etsystatic.com/5503293992/r/il/2e65b1/5503293992/il_170x135.5503293992_lnsw.jpg,"DESMOND BENJAMIN Vintage Shirt, Homage Tshirt, Desmond Benjamin Fan Tees, Desmond Benjamin Retro 90s Sweater, Desmond Benjamin Merch Gift"
https://i.etsystatic.com/site-assets/images/avatars/default_avatar.png?width=75,"on Nov 7, 2024",Etsy buyer,https://www.etsy.com/people/lillibug301?ref=shop_review,5 out of 5 stars,Came super fast and the image print is good quality not too stiff and the Colors  match the pictures!,https://www.etsy.com/listing/1547343734/addison-rae-vintage-retro-shirt-addison?ref=shop_review,https://i.etsystatic.com/5266689564/r/il/6091cf/5266689564/il_170x135.5266689564_hjru.jpg,"Addison Rae Vintage Retro Shirt, Addison Rae Dance Hip Hop, Addison Rae Influencer Shirt, Dancer Shirt, Shirt For Man Woman, Addison Rae Tee"
https://i.etsystatic.com/iusa/72acb6/84266286/iusa_75x75.84266286_mu4i.jpg?version=0,"on Nov 6, 2024",sarritta,https://www.etsy.com/people/sarrittasam?ref=shop_review,5 out of 5 stars,very good and my bf loved it,https://www.etsy.com/listing/1496235443/jhene-aiko-efuru-chilombo-tees-vintage?ref=shop_review,https://i.etsystatic.com/4969255748/r/il/bda678/4969255748/il_170x135.4969255748_cye6.jpg,"Jhene Aiko Efuru Chilombo Tees, Vintage Tee Aiko, Vintage 90s Unisex T-Shirt rapper Retro Queen of RNB Jhene Aiko Chilombo, Kali Uchis"
https://i.etsystatic.com/site-assets/images/avatars/default_avatar.png?width=75,"on Nov 5, 2024",Gabriella,https://www.etsy.com/people/ot2tif3rpv9o8fnv?ref=shop_review,5 out of 5 stars,Great shirt! Cant wait to wear it,https://www.etsy.com/listing/1571629983/evan-buckley-retro-shirt-nine-eleven?ref=shop_review,https://i.etsystatic.com/5314888042/r/il/512be9/5314888042/il_170x135.5314888042_7q6o.jpg,"Evan Buckley Retro Shirt, Nine Eleven Shirt, Series Retro Shirt, Evan Buckley 90's Vintage Homage Shirt, Evan Buckley Gift for fan"
https://i.etsystatic.com/iusa/2664f7/31676027/iusa_75x75.31676027_j9lf.jpg?version=0,"on Nov 5, 2024",Jemma,https://www.etsy.com/people/jemmymac?ref=shop_review,5 out of 5 stars,Can't wait to give this as a gift.,https://www.etsy.com/listing/1532203510/king-krule-king-krule-shirt-king-krule?ref=shop_review,https://i.etsystatic.com/5196232346/r/il/2c609b/5196232346/il_170x135.5196232346_17m6.jpg,"King Krule, King Krule Shirt, King Krule Fan Tee, King Krule Merch, Vintage King Krule Retro Shirt, King Krule Tour Merch, King Krule Poster"
https://i.etsystatic.com/site-assets/images/avatars/default_avatar.png?width=75,"Inactive account on Nov 4, 2024",,,5 out of 5 stars,I had a problem with the item but I messaged the seller and got it fixed right away.,https://www.etsy.com/listing/1584351757/mina-twice-mina-shirt-mina-fan-tees-mina?ref=shop_review,https://i.etsystatic.com/5378996686/r/il/c823b7/5378996686/il_170x135.5378996686_j980.jpg,"MINA Twice, Mina Shirt, Mina Fan Tees, Mina Twice Merch, Mina Vintage Shirt, Retro Mina Korean Girl Band Tour Tshirt, Mina Gift Poster Shirt"
https://i.etsystatic.com/iusa/e03f2f/49109283/iusa_75x75.49109283_jwq7.jpg?version=0,"on Nov 4, 2024",Alil,https://www.etsy.com/people/alilalet?ref=shop_review,5 out of 5 stars,The person I got this for will love it,https://www.etsy.com/listing/1541095605/jared-padalecki-vintage-shirt-jared?ref=shop_review,https://i.etsystatic.com/5171646722/r/il/81a3fb/5171646722/il_170x135.5171646722_ap4n.jpg,"JARED PADALECKI Vintage Shirt, Jared Padalecki Homage Retro, Jared Padalecki Tees, Jared Padalecki 90s Sweater, Jared Padalecki Merch Gift"
https://i.etsystatic.com/iusa/7fe816/58951950/iusa_75x75.58951950_ejq9.jpg?version=0,"on Oct 17, 2024",Cassidy,https://www.etsy.com/people/cassidypalmateer?ref=shop_review,5 out of 5 stars,I got this as a gift for my best friend and it went over sooooo well!,https://www.etsy.com/listing/1570160248/retro-fitzwilliam-darcy-shirt?ref=shop_review,https://i.etsystatic.com/5427133761/r/il/371bdc/5427133761/il_170x135.5427133761_sd1a.jpg,"Retro Fitzwilliam Darcy Shirt, Fitzwilliam Darcy Tees, Vintage Fitzwilliam Darcy T-shirt, Pride and Prejudice, Gift for fan"
https://i.etsystatic.com/site-assets/images/avatars/default_avatar.png?width=75,"on Oct 16, 2024",Becky,https://www.etsy.com/people/beckycarroll76?ref=shop_review,5 out of 5 stars,My friend loved it so much!!!!,https://www.etsy.com/listing/1596586644/theo-von-vintage-shirt-comedian-theo-von?ref=shop_review,https://i.etsystatic.com/5551731753/r/il/483f8a/5551731753/il_170x135.5551731753_egt8.jpg,"THEO VON Vintage Shirt , Comedian Theo Von Homage Fan Tees, Theo Von Homage Retro, Theo Von Graphic Retro 90s, Theo Von Merch"
https://i.etsystatic.com/iusa/f525be/64373308/iusa_75x75.64373308_qhpm.jpg?version=0,"on Oct 15, 2024",Christina,https://www.etsy.com/people/bt8idwcp?ref=shop_review,5 out of 5 stars,Love it!!! Seller is very sweet and prompt,https://www.etsy.com/listing/1192937070/princess-diana-retro-shirt-princess?ref=shop_review,https://i.etsystatic.com/3824318637/r/il/39482f/3824318637/il_170x135.3824318637_dn7s.jpg,"Princess Diana Retro Shirt, Princess Diana Fan Shirt, Princess Diana Shirt, Princess Diana Unisex Shirt, Princess Diana Public Figure Tee"
https://i.etsystatic.com/site-assets/images/avatars/default_avatar.png?width=75,"on Oct 13, 2024",Linda,https://www.etsy.com/people/l50e?ref=shop_review,4 out of 5 stars,"The owner was agreeable to becoming clearer with his sizing description. Be careful to note that there are youth and adults sizes. He also agreed to make his policy of no exchanges more prominent. I trust he will do so. The quality of the item and the arrival was good, though. Just know that the sizing is important because it can’t be exchanged for a different size.",https://www.etsy.com/listing/1744628728/stephen-sanchez-vintage-t-shirt-stephen?ref=shop_review,https://i.etsystatic.com/6190558447/r/il/5e43f1/6190558447/il_170x135.6190558447_m4ya.jpg,"STEPHEN SANCHEZ Vintage T-Shirt ,Stephen Sanchez Homage Shirt, Stephen Sanchez Fan Tees, Stephen Sanchez Retro, Stephen Sanchez Merch Gift"
https://i.etsystatic.com/site-assets/images/avatars/default_avatar.png?width=75,"on Oct 11, 2024",Christopher,https://www.etsy.com/people/vut2wio72x2432hf?ref=shop_review,5 out of 5 stars,I love my present so much!!,https://www.etsy.com/listing/1507572916/gwen-stefani-shirt-gwen-stefani-homage-t?ref=shop_review,https://i.etsystatic.com/5130709981/r/il/1aac9b/5130709981/il_170x135.5130709981_65gz.jpg,"GWEN STEFANI Shirt, Gwen Stefani Homage T-Shirt, Gwen Renée Stefani American Musician Vintage Retro Bootleg Merch, Gwen Stefani Fans Gift"
https://i.etsystatic.com/site-assets/images/avatars/default_avatar.png?width=75,"on Oct 11, 2024",Heather,https://www.etsy.com/people/heatha4eva23?ref=shop_review,5 out of 5 stars,Everything is good. My son loves it,https://www.etsy.com/listing/1230846243/vanilla-ice-homage-shirt-vanilla-ice?ref=shop_review,https://i.etsystatic.com/3875725356/r/il/70747c/3875725356/il_170x135.3875725356_k9k5.jpg,"Vanilla Ice Homage Shirt, Vanilla Ice Shirt, Vanilla Ice Rapper Hip Hop Style 90s Shirt, Vanilla Ice Ice Baby Shirt, Vanilla Ice Tshirt"
https://i.etsystatic.com/site-assets/images/avatars/default_avatar.png?width=75,"Inactive account on Oct 11, 2024",,,5 out of 5 stars,Love it!! That 70s show has always been my favorite. So happy I found this shirt!,https://www.etsy.com/listing/1698044655/jackie-burkhart-vintage-shirt-jackie?ref=shop_review,https://i.etsystatic.com/5897421879/r/il/8bcd19/5897421879/il_170x135.5897421879_l0k3.jpg,"JACKIE BURKHART Vintage Shirt, Jackie Burkhart Homage Retro, Jackie Burkhart Tees, Jackie Burkhart 90s Sweater, Jackie Burkhart Merch"
https://i.etsystatic.com/site-assets/images/avatars/default_avatar.png?width=75,"Etsy buyer on Oct 9, 2024",,,5 out of 5 stars,Exactly as described. Love it!,https://www.etsy.com/listing/1405607099/pedro-pascal-sweatshirt-actor-pedro?ref=shop_review,https://i.etsystatic.com/4621173103/r/il/dab14b/4621173103/il_170x135.4621173103_llf2.jpg,"PEDRO PASCAL Sweatshirt, Actor Pedro Pascal Sweatshirt Retro 90s, Narco Pedro Pascal Fans Gift, Pedro Pascal Tribute Celebrity Shirt"
https://i.etsystatic.com/site-assets/images/avatars/default_avatar.png?width=75,"on Oct 8, 2024",Jazet,https://www.etsy.com/people/qwajpywv?ref=shop_review,5 out of 5 stars,Good quality and as described,https://www.etsy.com/listing/1498584662/rosalia-shirt-retro-vintage-rosalia-tees?ref=shop_review,https://i.etsystatic.com/5041778590/r/il/959ae9/5041778590/il_170x135.5041778590_mw90.jpg,"Rosalia Shirt, Retro Vintage Rosalia Tees, Spanish Singer, Flamenco inspired, Latin Pop, Spanish Musician Tees, Retro 90's Rosalia Shirt"
https://i.etsystatic.com/site-assets/images/avatars/default_avatar.png?width=75,"on Oct 21, 2024",Pénélope,https://www.etsy.com/people/zcmgy75n06ozl76g?ref=shop_review,5 out of 5 stars,"Thank you, super cool t-shirt!!!",https://www.etsy.com/listing/1654522960/song-kang-vintage-shirt-song-kang-homage?ref=shop_review,https://i.etsystatic.com/5766943901/r/il/9dc16c/5766943901/il_170x135.5766943901_nz3e.jpg,"SONG KANG Vintage Shirt, Song Kang Homage Tshirt, Song Kang Fan Tees, Song Kang Retro 90s Sweater, Song Kang Merch Gift"
https://i.etsystatic.com/iusa/8cc8f9/95177054/iusa_75x75.95177054_9d28.jpg?version=0,"on Oct 1, 2024",Kayla,https://www.etsy.com/people/OMGACKT?ref=shop_review,5 out of 5 stars,LOVE! Very nice print and soft material. Can't wait to wear it.,https://www.etsy.com/listing/1570160238/retro-fitzwilliam-darcy-shirt?ref=shop_review,https://i.etsystatic.com/5378968468/r/il/9226d5/5378968468/il_170x135.5378968468_rjr5.jpg,"Retro Fitzwilliam Darcy Shirt, Fitzwilliam Darcy Tees, Vintage Fitzwilliam Darcy T-shirt, Pride and Prejudice, Gift for fan"
https://i.etsystatic.com/iusa/708e26/68252584/iusa_75x75.68252584_r9rq.jpg?version=0,"on Sep 30, 2024",Etsy buyer,https://www.etsy.com/people/aspensmothers?ref=shop_review,4 out of 5 stars,Quality isn’t as great as pics make it out to be but I still like the shirt - a bit over priced for the item,https://www.etsy.com/listing/1546400389/trisha-paytas-trisha-paytas-shirt-trisha?ref=shop_review,https://i.etsystatic.com/5196288470/r/il/c29903/5196288470/il_170x135.5196288470_9glm.jpg,"Trisha Paytas, Trisha Paytas Shirt, Trisha Paytas Vintage Tshirt, Trisha Paytas Fan Tees, Trisha Paytas Youtuber Poster, Retro Trisha Paytas"
https://i.etsystatic.com/iusa/7b7aca/97583391/iusa_75x75.97583391_c22m.jpg?version=0,"on Sep 30, 2024",Darien,https://www.etsy.com/people/ap9h0uxg?ref=shop_review,5 out of 5 stars,"This shirt is amazing. Like fangirling over the girl dinner that is Chishiya aside, the quality of the shirt is really good. And it fits comfortably which is a major plus.",https://www.etsy.com/listing/1391242333/chishiya-shirt-shuntaro-chishiya-homage?ref=shop_review,https://i.etsystatic.com/4512166448/r/il/0b5816/4512166448/il_170x135.4512166448_3fhn.jpg,CHISHIYA Shirt | Shuntaro Chishiya Homage T-Shirt | Vintage Cheshire Alice In Borderland Bootleg Merch Fans Gift | Funny Cheshire Retro Tee
https://i.etsystatic.com/site-assets/images/avatars/default_avatar.png?width=75,"on Sep 30, 2024",Christine,https://www.etsy.com/people/u4fakvqf8yuvyxfh?ref=shop_review,5 out of 5 stars,I loved my shirt I cannot wait to wear it at my upcoming concert !!!,https://www.etsy.com/listing/1610683303/fred-again-fred-again-shirt-fred-again?ref=shop_review,https://i.etsystatic.com/5503305964/r/il/fcede1/5503305964/il_170x135.5503305964_btef.jpg,"Fred Again, Fred Again Shirt, Fred Again Tshirt, Fred Again Merch, Vintage Fred Again Clothing, Fred Again Tour, Fred Again Fan Tees Poster"
https://i.etsystatic.com/iusa/0022a1/86315016/iusa_75x75.86315016_o9o7.jpg?version=0,"on Sep 29, 2024",Cherokee,https://www.etsy.com/people/cherokeehayden?ref=shop_review,5 out of 5 stars,I absolutely adore the design of this.,https://www.etsy.com/listing/1292414578/custom-order-vintage-sweatshirt-up-to?ref=shop_review,https://i.etsystatic.com/4168539298/r/il/255d3e/4168539298/il_170x135.4168539298_2uer.jpg,"Custom Order Vintage Sweatshirt, Up to You Sweatshirt, Insert Your Design, Personalized Shirt, Customized Sweatshirt, Change Your Design"
https://i.etsystatic.com/site-assets/images/avatars/default_avatar.png?width=75,"Etsy buyer on Sep 28, 2024",,,5 out of 5 stars,Great item and great quality. Arrived in a timely manner.,https://www.etsy.com/listing/1744628342/jc-chasez-vintage-shirt-jc-chasez-homage?ref=shop_review,https://i.etsystatic.com/6111594056/r/il/656bb5/6111594056/il_170x135.6111594056_gs6y.jpg,"JC CHASEZ Vintage Shirt, JC Chasez Homage Tshirt, Jc Chasez Fan Tees, Jc Chasez Retro 90s Sweater, Jc Chasez Merch Gift Clothing #ari"
https://i.etsystatic.com/iusa/6d036a/95061627/iusa_75x75.95061627_mtvs.jpg?version=0,"on Sep 28, 2024",August,https://www.etsy.com/people/x2i9w9b9?ref=shop_review,4 out of 5 stars,The shirt arrived a little bit later after the estimated day. It feel nice but the pictures are a bit grainy. A couple of the jack sparrows pictured arent the johnny depp cap jack sparrow (probably cosplayers). It is the only jack sparrow shirt ive found that actually adds the word captain so it’s not too big a deal. Im sure it wont be too noticeable. It’ll be a nice shirt to wear to disney after i give it a wash.,https://www.etsy.com/listing/1575625684/jack-sparrow-vintage-shirt-jack-sparrow?ref=shop_review,https://i.etsystatic.com/5455315795/r/il/5ad9d9/5455315795/il_170x135.5455315795_eona.jpg,"JACK SPARROW Vintage Shirt, Jack Sparrow Homage Tshirt, Jack Sparrow Fan, Jack Sparrow Retro 90 Sweater, Jack Sparrow Merch Gift"
https://i.etsystatic.com/site-assets/images/avatars/default_avatar.png?width=75,"on Sep 28, 2024",Larissa,https://www.etsy.com/people/littlelola713?ref=shop_review,5 out of 5 stars,"This shirt is perfection! So happy with the way it turned out. The design is crisp and the colors appear true to life from the photo. If you're on the fence, do it! You won't be disappointed.",https://www.etsy.com/listing/1743054352/chappel-roan-vintage-shirt-midwest?ref=shop_review,https://i.etsystatic.com/6152552433/r/il/7be3c9/6152552433/il_170x135.6152552433_r0z7.jpg,"Chappel Roan Vintage Shirt, Midwest Princess, Chappell Roan Shirt, Midwest Princess Tee, Midwest Princess Sweater, Chappell Roan T-Shirt"
https://i.etsystatic.com/site-assets/images/avatars/default_avatar.png?width=75,"on Sep 27, 2024",Luciana,https://www.etsy.com/people/qyiuvodd?ref=shop_review,5 out of 5 stars,Seller picked from the pics I sent and sent back a sample quickly. He changed whatever needed to be changed and was very nice. Got it so fast too,https://www.etsy.com/listing/1237255925/custom-order-vintage-shirt-up-to-you?ref=shop_review,https://i.etsystatic.com/3889504952/r/il/1908ec/3889504952/il_170x135.3889504952_muab.jpg,"Custom Order Vintage Shirt, Up to You Shirt, Insert Your Design, Personalized Shirt, Customized Shirt, Change Your Design Here Shirt"
https://i.etsystatic.com/site-assets/images/avatars/default_avatar.png?width=75,"on Sep 27, 2024",Luciana,https://www.etsy.com/people/qyiuvodd?ref=shop_review,5 out of 5 stars,Seller was really nice and made the custom shirt exactly as described,https://www.etsy.com/listing/1237255925/custom-order-vintage-shirt-up-to-you?ref=shop_review,https://i.etsystatic.com/3889504952/r/il/1908ec/3889504952/il_170x135.3889504952_muab.jpg,"Custom Order Vintage Shirt, Up to You Shirt, Insert Your Design, Personalized Shirt, Customized Shirt, Change Your Design Here Shirt"
https://i.etsystatic.com/site-assets/images/avatars/default_avatar.png?width=75,"on Sep 17, 2024",Michele,https://www.etsy.com/people/2kzmqdakplw060no?ref=shop_review,5 out of 5 stars,Yes it matched the description,https://www.etsy.com/listing/1576507432/carl-gallagher-shirt-carl-gallagher?ref=shop_review,https://i.etsystatic.com/5459961275/r/il/0c91d1/5459961275/il_170x135.5459961275_2py5.jpg,"CARL GALLAGHER Shirt, Carl Gallagher Homage Shirt, Carl Gallagher Shameless Shirt, Carl Gallagher Funny T-Shirt, Carl Gallagher Merch"
https://i.etsystatic.com/site-assets/images/avatars/default_avatar.png?width=75,"on Sep 15, 2024",Nebraska,https://www.etsy.com/people/alyssaproxy?ref=shop_review,5 out of 5 stars,Perfect for the American Pyscho lover !!! Definitely recommend!,https://www.etsy.com/listing/1392505215/patrick-bateman-sweatshirt-american?ref=shop_review,https://i.etsystatic.com/4564992621/r/il/a19a60/4564992621/il_170x135.4564992621_7zhc.jpg,"PATRICK BATEMAN Sweatshirt, American Psychho Sweatshirt, American Horror Film Sweater, Paul Allen Psycho, American Psycho Retro 90s Sweater"
https://i.etsystatic.com/site-assets/images/avatars/default_avatar.png?width=75,"on Sep 14, 2024",Sean,https://www.etsy.com/people/1q79f7527t3fsyeo?ref=shop_review,5 out of 5 stars,Bought it for my daughter and she loved it.,https://www.etsy.com/listing/1758780019/serj-tankian-vintage-t-shirt-serj?ref=shop_review,https://i.etsystatic.com/6111440716/r/il/e83333/6111440716/il_170x135.6111440716_e0e2.jpg,"SERJ TANKIAN Vintage T-shirt - Serj Tankian Bootleg Tees, Serj Tankian Fans Gifts, Serj Tankian Retro Shirt, Serj Tankian Kids Tee"
https://i.etsystatic.com/iusa/b8fa13/68743571/iusa_75x75.68743571_h4t8.jpg?version=0,"on Sep 13, 2024",Arianne,https://www.etsy.com/people/pfjhxfl7?ref=shop_review,5 out of 5 stars,This is the second shirt I bought from this shop (had to get an Eddie to go with the Buck one I got) absolutely adore it and once washed its the comfiest shirt ever!,https://www.etsy.com/listing/1737557891/eddie-diaz-vintage-shirt-eddie-diaz?ref=shop_review,https://i.etsystatic.com/6064743693/r/il/8b9d23/6064743693/il_170x135.6064743693_o0hs.jpg,"EDDIE DIAZ Vintage Shirt, Eddie Diaz Homage Tshirt, Eddie Diaz Fan Tees, Eddie Diaz Retro 90s Sweater, Eddie Diaz Merch Gift"
https://i.etsystatic.com/iusa/4245e7/88811617/iusa_75x75.88811617_77da.jpg?version=0,"on Sep 13, 2024",Catrin,https://www.etsy.com/people/cxjuoc4a?ref=shop_review,5 out of 5 stars,Came really fast for an international send. Good quality and just as expected thank you very much,https://www.etsy.com/listing/1571629983/evan-buckley-retro-shirt-nine-eleven?ref=shop_review,https://i.etsystatic.com/5314887956/r/il/d7287b/5314887956/il_170x135.5314887956_oogy.jpg,"Evan Buckley Retro Shirt, Nine Eleven Shirt, Series Retro Shirt, Evan Buckley 90's Vintage Homage Shirt, Evan Buckley Gift for fan"
https://i.etsystatic.com/site-assets/images/avatars/default_avatar.png?width=75,"on Sep 12, 2024",Whitney,https://www.etsy.com/people/2v1rt5kccckvcqls?ref=shop_review,5 out of 5 stars,Arrived on time and great gift,https://www.etsy.com/listing/1571629983/evan-buckley-retro-shirt-nine-eleven?ref=shop_review,https://i.etsystatic.com/5314887956/r/il/d7287b/5314887956/il_170x135.5314887956_oogy.jpg,"Evan Buckley Retro Shirt, Nine Eleven Shirt, Series Retro Shirt, Evan Buckley 90's Vintage Homage Shirt, Evan Buckley Gift for fan"
https://i.etsystatic.com/site-assets/images/avatars/default_avatar.png?width=75,"on Sep 12, 2024",Taylor,https://www.etsy.com/people/h8n63h6d3z1pa5cf?ref=shop_review,5 out of 5 stars,Great item I love it,https://www.etsy.com/listing/1571629929/evan-buckley-retro-shirt-nine-eleven?ref=shop_review,https://i.etsystatic.com/5314883822/r/il/0e850b/5314883822/il_170x135.5314883822_tnvq.jpg,"Evan Buckley Retro Shirt, Nine Eleven Shirt, Series Retro Shirt, Evan Buckley 90's Vintage Homage Shirt, Evan Buckley Gift for fan"
https://i.etsystatic.com/iusa/eb74b0/73162228/iusa_75x75.73162228_k761.jpg?version=0,"on Sep 11, 2024",Gracie,https://www.etsy.com/people/graciekait88?ref=shop_review,5 out of 5 stars,Perfect! Exactly what I wanted.,https://www.etsy.com/listing/1561523787/elaine-benes-tshirt-elaine-benes-homage?ref=shop_review,https://i.etsystatic.com/5266695784/r/il/5f6d32/5266695784/il_170x135.5266695784_1uv2.jpg,"ELAINE BENES Tshirt - Elaine Benes Homage Shirt, Elaine Benes Memes, Elaine Benes Tribute, Elaine Benes Vintage Longsleeve, Youth, Kids Tee"
https://i.etsystatic.com/site-assets/images/avatars/default_avatar.png?width=75,"on Sep 15, 2024",Allyson,https://www.etsy.com/people/kwaqi1xs?ref=shop_review,5 out of 5 stars,,https://www.etsy.com/listing/1480109801/rod-kimble-retro-shirt-rod-kimble-shirt?ref=shop_review,https://i.etsystatic.com/4946123955/r/il/b50a8f/4946123955/il_170x135.4946123955_nye6.jpg,"Rod Kimble Retro Shirt, Rod Kimble Shirt, Stuntmant Retro Shirt, Rod Kimble 90's Vintage Homage Shirt, Daredevil, Comedy Character Tees"
https://i.etsystatic.com/iusa/523322/115842470/iusa_75x75.115842470_s9g6.jpg?version=0,"on Sep 11, 2024",Tess,https://www.etsy.com/people/up569hpsk285xurw?ref=shop_review,5 out of 5 stars,,https://www.etsy.com/listing/1571629983/evan-buckley-retro-shirt-nine-eleven?ref=shop_review,https://i.etsystatic.com/5314887956/r/il/d7287b/5314887956/il_170x135.5314887956_oogy.jpg,"Evan Buckley Retro Shirt, Nine Eleven Shirt, Series Retro Shirt, Evan Buckley 90's Vintage Homage Shirt, Evan Buckley Gift for fan"
https://i.etsystatic.com/iusa/b242b4/32497709/iusa_75x75.32497709_hwc0.jpg?version=0,"on Sep 7, 2024",Shavi,https://www.etsy.com/people/chavycooper?ref=shop_review,5 out of 5 stars,Awesome shirt. True to the photos.,https://www.etsy.com/listing/1520274310/bernie-mac-shirt-bernie-mac-homage-t?ref=shop_review,https://i.etsystatic.com/5140000198/r/il/c6b721/5140000198/il_170x135.5140000198_6m6l.jpg,"BERNIE MAC Shirt, Bernie Mac Homage T-Shirt, Bernard Jeffrey McCullough American Comedian Vintage Retro Merch, Funny Bernie Mac Fans Gift"
https://i.etsystatic.com/site-assets/images/avatars/default_avatar.png?width=75,"on Sep 4, 2024",Michele,https://www.etsy.com/people/Reggie66?ref=shop_review,5 out of 5 stars,Great shirt! My friend loved it!,https://www.etsy.com/listing/1698044841/retro-kate-siegel-vintage-shirt-kate?ref=shop_review,https://i.etsystatic.com/5849336404/r/il/676b89/5849336404/il_170x135.5849336404_cb4j.jpg,"Retro KATE SIEGEL Vintage Shirt, Kate Siegel Homage Fan Tees, Kate Siegel Homage Retro, Kate Siegel Graphic Retro 90s, Kate Siegel Merch"
https://i.etsystatic.com/iusa/c5373b/71744037/iusa_75x75.71744037_1e2g.jpg?version=0,"on Sep 3, 2024",Wilder,https://www.etsy.com/people/a2o0hfsy?ref=shop_review,5 out of 5 stars,"Lovely shirt, they we're so nice too while shipping",https://www.etsy.com/listing/1571629983/evan-buckley-retro-shirt-nine-eleven?ref=shop_review,https://i.etsystatic.com/5314888200/r/il/2cfd31/5314888200/il_170x135.5314888200_bu24.jpg,"Evan Buckley Retro Shirt, Nine Eleven Shirt, Series Retro Shirt, Evan Buckley 90's Vintage Homage Shirt, Evan Buckley Gift for fan"
https://i.etsystatic.com/iusa/a23e48/95358557/iusa_75x75.95358557_mi5s.jpg?version=0,"on Sep 3, 2024",Emily,https://www.etsy.com/people/emilymcferren737?ref=shop_review,5 out of 5 stars,This is my new favorite shirt,https://www.etsy.com/listing/1737557891/eddie-diaz-vintage-shirt-eddie-diaz?ref=shop_review,https://i.etsystatic.com/6064743693/r/il/8b9d23/6064743693/il_170x135.6064743693_o0hs.jpg,"EDDIE DIAZ Vintage Shirt, Eddie Diaz Homage Tshirt, Eddie Diaz Fan Tees, Eddie Diaz Retro 90s Sweater, Eddie Diaz Merch Gift"
https://i.etsystatic.com/iusa/e54a96/95977715/iusa_75x75.95977715_gzl8.jpg?version=0,"on Sep 1, 2024",suealex,https://www.etsy.com/people/suealew?ref=shop_review,5 out of 5 stars,"I'm obsessed with this shirt, will have to get the Buck one to go with it soon!",https://www.etsy.com/listing/1737557505/eddie-diaz-vintage-shirt-eddie-diaz?ref=shop_review,https://i.etsystatic.com/6064741615/r/il/074d96/6064741615/il_170x135.6064741615_3c6c.jpg,"EDDIE DIAZ Vintage Shirt, Eddie Diaz Homage Tshirt, Eddie Diaz Fan Tees, Eddie Diaz Retro 90s Sweater, Eddie Diaz Merch Gift"
https://i.etsystatic.com/iusa/0022a1/86315016/iusa_75x75.86315016_o9o7.jpg?version=0,"on Sep 1, 2024",Cherokee,https://www.etsy.com/people/cherokeehayden?ref=shop_review,5 out of 5 stars,"I know the shirt says ""Alyssa Edward"" instead of ""Alyssa Edwards"" but I still rate it 5/5. But I only give it that because I bought it aware there was a spelling mistake in her name. Regardless, I love these shirts. The quality is fantastic!",https://www.etsy.com/listing/1507368337/alyssa-edwards-shirt-alyssa-edwards-gift?ref=shop_review,https://i.etsystatic.com/5065251213/r/il/d23ce5/5065251213/il_170x135.5065251213_cdwj.jpg,"Alyssa Edward Shirt, Alyssa Edwards Gift, LGBTQ Shirt, Alyssa Drag Queen, Drag queen Tees, Concert T-shirt, Rupaul's Drag race Tshirt"
https://i.etsystatic.com/iusa/5bd93a/111033493/iusa_75x75.111033493_1fcp.jpg?version=0,"on Aug 31, 2024",Melissa,https://www.etsy.com/people/melissasalazar57?ref=shop_review,5 out of 5 stars,It's amazing! I love my new shirt and I can't wait to wear it for the new upcoming season.,https://www.etsy.com/listing/1571629983/evan-buckley-retro-shirt-nine-eleven?ref=shop_review,https://i.etsystatic.com/5314887956/r/il/d7287b/5314887956/il_170x135.5314887956_oogy.jpg,"Evan Buckley Retro Shirt, Nine Eleven Shirt, Series Retro Shirt, Evan Buckley 90's Vintage Homage Shirt, Evan Buckley Gift for fan"
https://i.etsystatic.com/site-assets/images/avatars/default_avatar.png?width=75,"on Aug 31, 2024",Adam,https://www.etsy.com/people/LiveLoveARob?ref=shop_review,5 out of 5 stars,Great shirt. Fair price. Thank you,https://www.etsy.com/listing/1561523787/elaine-benes-tshirt-elaine-benes-homage?ref=shop_review,https://i.etsystatic.com/5266695784/r/il/5f6d32/5266695784/il_170x135.5266695784_1uv2.jpg,"ELAINE BENES Tshirt - Elaine Benes Homage Shirt, Elaine Benes Memes, Elaine Benes Tribute, Elaine Benes Vintage Longsleeve, Youth, Kids Tee"
https://i.etsystatic.com/iusa/e67348/90521443/iusa_75x75.90521443_9h66.jpg?version=0,"on Aug 31, 2024",Patrick,https://www.etsy.com/people/mcxtw7zq?ref=shop_review,5 out of 5 stars,Great gift loved it so much,https://www.etsy.com/listing/1480109801/rod-kimble-retro-shirt-rod-kimble-shirt?ref=shop_review,https://i.etsystatic.com/4897854144/r/il/b5f2d6/4897854144/il_170x135.4897854144_kw0n.jpg,"Rod Kimble Retro Shirt, Rod Kimble Shirt, Stuntmant Retro Shirt, Rod Kimble 90's Vintage Homage Shirt, Daredevil, Comedy Character Tees"
https://i.etsystatic.com/iusa/70fb96/58384757/iusa_75x75.58384757_fogn.jpg?version=0,"on Aug 31, 2024",Milica,https://www.etsy.com/people/uoumzjej?ref=shop_review,5 out of 5 stars,Love the colour and fit,https://www.etsy.com/listing/1223185986/ludwig-van-beethoven-retro-sweatshirt?ref=shop_review,https://i.etsystatic.com/3953591969/r/il/1e8c7d/3953591969/il_170x135.3953591969_o9j5.jpg,"Ludwig Van Beethoven Retro Sweatshirt, Ludwig Van Beethoven Homage Sweatshirt, Ludwig Van Beethoven Sweatshirt, Ludwig Van Beethoven Unisex"
https://i.etsystatic.com/site-assets/images/avatars/default_avatar.png?width=75,"on Aug 22, 2024",Kathryn,https://www.etsy.com/people/KathrynP?ref=shop_review,5 out of 5 stars,Great shirt. High quality and fits well.,https://www.etsy.com/listing/1571629983/evan-buckley-retro-shirt-nine-eleven?ref=shop_review,https://i.etsystatic.com/5314887956/r/il/d7287b/5314887956/il_170x135.5314887956_oogy.jpg,"Evan Buckley Retro Shirt, Nine Eleven Shirt, Series Retro Shirt, Evan Buckley 90's Vintage Homage Shirt, Evan Buckley Gift for fan"
https://i.etsystatic.com/iusa/9f3219/99274876/iusa_75x75.99274876_hxcv.jpg?version=0,"on Aug 22, 2024",cassidy,https://www.etsy.com/people/gugk5xw55r5109z7?ref=shop_review,5 out of 5 stars,one of my faaaav shirts,https://www.etsy.com/listing/1596533902/rob-lowe-shirt-rob-lowe-homage-t-shirt?ref=shop_review,https://i.etsystatic.com/5503383486/r/il/ee5693/5503383486/il_170x135.5503383486_rxb1.jpg,"ROB LOWE Shirt, Rob Lowe Homage T-Shirt, Robert Hepler Lowe American Actor Vintage Retro 90s Merch, The Outsiders Tribute Tees Fans Gift"
https://i.etsystatic.com/site-assets/images/avatars/default_avatar.png?width=75,"on Aug 20, 2024",Kristine,https://www.etsy.com/people/5wttq9p7uv9h2iz1?ref=shop_review,5 out of 5 stars,This was great and arrived way earlier than expected!,https://www.etsy.com/listing/1584351757/mina-twice-mina-shirt-mina-fan-tees-mina?ref=shop_review,https://i.etsystatic.com/5378996686/r/il/c823b7/5378996686/il_170x135.5378996686_j980.jpg,"MINA Twice, Mina Shirt, Mina Fan Tees, Mina Twice Merch, Mina Vintage Shirt, Retro Mina Korean Girl Band Tour Tshirt, Mina Gift Poster Shirt"
https://i.etsystatic.com/site-assets/images/avatars/default_avatar.png?width=75,"on Aug 18, 2024",Madison,https://www.etsy.com/people/ghrybaka?ref=shop_review,5 out of 5 stars,Bought this as a gift for my niece and she LOVED it!,https://www.etsy.com/listing/1698044907/leonardo-dicaprio-shirt-dicaprio-jack?ref=shop_review,https://i.etsystatic.com/5849339498/r/il/dad11c/5849339498/il_170x135.5849339498_9ktd.jpg,"LEONARDO DiCaprio Shirt, Dicaprio Jack Dawson Shirt, DiCaprio 1998 Titaniic, Candie Django Movie, Leonard Dicaprio TShirt, Wallstreet Shirt"
https://i.etsystatic.com/iusa/28c201/67766235/iusa_75x75.67766235_hmla.jpg?version=0,"on Aug 17, 2024",Ashley,https://www.etsy.com/people/ss5r7qeu?ref=shop_review,5 out of 5 stars,"It’s absolutely perfect. I have several Bill Hader shirts and this one is probably my most favorite. It’s so comfortable, shipping was fast and the quality is amazing. I actually sized up (from a small to medium) and I don’t regret it. So perfect!!",https://www.etsy.com/listing/1698017729/bill-hader-vintage-shirt-bill-hader?ref=shop_review,https://i.etsystatic.com/5849192966/r/il/5c3321/5849192966/il_170x135.5849192966_7d2b.jpg,"BILL HADER Vintage Shirt, Bill Hader Homage Tshirt, Bill Hader Fan Tees, Bill Hader Retro 90s Sweater, Bill Hader Merch Gift #TPC"
https://i.etsystatic.com/iusa/4dbb9d/84668328/iusa_75x75.84668328_3jgf.jpg?version=0,"on Aug 16, 2024",Abigail,https://www.etsy.com/people/u8d60yxolcjt4cca?ref=shop_review,5 out of 5 stars,Got it for a friend and she absolutely loved it,https://www.etsy.com/listing/1541072335/aaron-hotchner-shirt-vintage-90s-graphic?ref=shop_review,https://i.etsystatic.com/5171562528/r/il/f8b5f8/5171562528/il_170x135.5171562528_9pok.jpg,"Aaron Hotchner Shirt, Vintage 90s Graphic Tee Aaron Hotchner Sweatshirt, Aaron Hotchner Hoodie, 90s Vintage Graphic Tees, 90s Vintage Shirt"
https://i.etsystatic.com/iusa/e31ec1/90366290/iusa_75x75.90366290_ja9y.jpg?version=0,"on Aug 16, 2024",emma,https://www.etsy.com/people/l1u4ax0e8pxtzz9p?ref=shop_review,5 out of 5 stars,"I love it, great shirt",https://www.etsy.com/listing/1571629951/evan-buckley-retro-shirt-nine-eleven?ref=shop_review,https://i.etsystatic.com/5363061341/r/il/3ad73a/5363061341/il_170x135.5363061341_6ng9.jpg,"Evan Buckley Retro Shirt, Nine Eleven Shirt, Series Retro Shirt, Evan Buckley 90's Vintage Homage Shirt, Evan Buckley Gift for fan"
https://i.etsystatic.com/iusa/137a43/9153062/iusa_75x75.9153062.jpg?version=0,"on Aug 15, 2024",Samantha,https://www.etsy.com/people/saminwunderland?ref=shop_review,5 out of 5 stars,Absolutely love this shirt! Arrived quickly and just as pictured!,https://www.etsy.com/listing/1571629951/evan-buckley-retro-shirt-nine-eleven?ref=shop_review,https://i.etsystatic.com/5363061341/r/il/3ad73a/5363061341/il_170x135.5363061341_6ng9.jpg,"Evan Buckley Retro Shirt, Nine Eleven Shirt, Series Retro Shirt, Evan Buckley 90's Vintage Homage Shirt, Evan Buckley Gift for fan"
https://i.etsystatic.com/site-assets/images/avatars/default_avatar.png?width=75,"Etsy buyer on Aug 14, 2024",,,5 out of 5 stars,Made sure I had the right address down,https://www.etsy.com/listing/1507572888/patrick-wilson-vintage-shirt-actor?ref=shop_review,https://i.etsystatic.com/5082474188/r/il/ae9dde/5082474188/il_170x135.5082474188_4qss.jpg,"PATRICK WILSON Vintage Shirt, Actor Wilson Homage Tshirt, Patrick Wilson Fan Tees, Patrick Wilson Retro 90s Sweater, Patrick Wilson Fan Tee"
https://i.etsystatic.com/site-assets/images/avatars/default_avatar.png?width=75,"on Aug 17, 2024",Tamara,https://www.etsy.com/people/o0et030cmsmu5slq?ref=shop_review,5 out of 5 stars,"Arrived much quicker than expected and looks really great. It's cut a little differently, but I personally like it.",https://www.etsy.com/listing/1571629983/evan-buckley-retro-shirt-nine-eleven?ref=shop_review,https://i.etsystatic.com/5314887956/r/il/d7287b/5314887956/il_170x135.5314887956_oogy.jpg,"Evan Buckley Retro Shirt, Nine Eleven Shirt, Series Retro Shirt, Evan Buckley 90's Vintage Homage Shirt, Evan Buckley Gift for fan"
https://i.etsystatic.com/site-assets/images/avatars/default_avatar.png?width=75,"on Aug 3, 2024",Chiara,https://www.etsy.com/people/pvfwdsslqgfzlcql?ref=shop_review,5 out of 5 stars,Loved this shirt! I wear it all the time and it's super comfy!,https://www.etsy.com/listing/1576507968/dean-winchester-shirt-dean-winchester?ref=shop_review,https://i.etsystatic.com/5459973555/r/il/8f5f5f/5459973555/il_170x135.5459973555_bl8o.jpg,"Dean Winchester Shirt , Dean Winchester Supernatural Shirt , Jensen Ackles Actor Retro Shirt, Supernatural Dean Winchester Shirt, Winchester"
https://i.etsystatic.com/site-assets/images/avatars/default_avatar.png?width=75,"on Aug 3, 2024",tomo,https://www.etsy.com/people/83qfmrgl91gi9bxn?ref=shop_review,5 out of 5 stars,I like the T-shirts !!,https://www.etsy.com/listing/1192937070/princess-diana-retro-shirt-princess?ref=shop_review,https://i.etsystatic.com/3824318637/r/il/39482f/3824318637/il_170x135.3824318637_dn7s.jpg,"Princess Diana Retro Shirt, Princess Diana Fan Shirt, Princess Diana Shirt, Princess Diana Unisex Shirt, Princess Diana Public Figure Tee"
https://i.etsystatic.com/iusa/318ece/91257939/iusa_75x75.91257939_cl2g.jpg?version=0,"on Aug 2, 2024",Iris,https://www.etsy.com/people/feavzqkd?ref=shop_review,5 out of 5 stars,"Needed it by June 6 for Janet's concert, and luckily was able to have it arrive on time! For context, I had ordered pretty late, maybe only a week in advance. The shirt is soft and comfortable. I recommend sizing up if you are like me and like an oversize fit as these are true to size.",https://www.etsy.com/listing/1698045013/janet-jackson-retro-t-shirt-janet?ref=shop_review,https://i.etsystatic.com/5897424345/r/il/8e285d/5897424345/il_170x135.5897424345_ro4z.jpg,"JANET JACKSON Retro T-shirt - Janet Jackson Tribute Actress Tee, Janet Jackson Vintage Long Sleeve Shirt, Janet Jackson 90's Tees"
https://i.etsystatic.com/site-assets/images/avatars/default_avatar.png?width=75,"on Aug 2, 2024",Myleigh,https://www.etsy.com/people/b96gg0bnoqz3wq1h?ref=shop_review,5 out of 5 stars,"Awesome texture, but the graphics were a little sticky,the item matched the description perfectly, and the item exceeded my expectations!!!",https://www.etsy.com/listing/1610683463/josh-hutcherson-90s-t-shirt-josh?ref=shop_review,https://i.etsystatic.com/5551424621/r/il/b6834a/5551424621/il_170x135.5551424621_8oj2.jpg,"JOSH HUTCHERSON 90's T-shirt - Josh Hutcherson Bootleg Tees, Josh Hutcherson Fans Gifts, Josh Hutcherson Vintage Retro Shirt, Youth Kids Tee"
https://i.etsystatic.com/site-assets/images/avatars/default_avatar.png?width=75,"on Aug 2, 2024",Sophia,https://www.etsy.com/people/nyogfs125on6srdx?ref=shop_review,5 out of 5 stars,"Very nice, would recommend it",https://www.etsy.com/listing/1532213898/aaron-hotchner-shirt-vintage-90s-graphic?ref=shop_review,https://i.etsystatic.com/5314343077/r/il/d6a12d/5314343077/il_170x135.5314343077_ohd0.jpg,"Aaron Hotchner Shirt, Vintage 90s Graphic Tee Aaron Hotchner Sweatshirt, Aaron Hotchner Hoodie, 90s Vintage Graphic Tees, 90s Vintage Shirt"
https://i.etsystatic.com/iusa/fa74d9/96695748/iusa_75x75.96695748_f7f9.jpg?version=0,"on Aug 1, 2024",John,https://www.etsy.com/people/ccnidhzf11fgc5eb?ref=shop_review,5 out of 5 stars,Did a great job communicating with me.,https://www.etsy.com/listing/1237255925/custom-order-vintage-shirt-up-to-you?ref=shop_review,https://i.etsystatic.com/3889504952/r/il/1908ec/3889504952/il_170x135.3889504952_muab.jpg,"Custom Order Vintage Shirt, Up to You Shirt, Insert Your Design, Personalized Shirt, Customized Shirt, Change Your Design Here Shirt"
https://i.etsystatic.com/site-assets/images/avatars/default_avatar.png?width=75,"on Jul 31, 2024",Joia,https://www.etsy.com/people/e6dsim7z8evdgzub?ref=shop_review,5 out of 5 stars,The color was exactly as picture. Really soft and comfy shirt material. True to size!,https://www.etsy.com/listing/1732816885/retro-90s-lucky-daye-shirt-lucky-daye?ref=shop_review,https://i.etsystatic.com/5996472620/r/il/0c3fc0/5996472620/il_170x135.5996472620_dfuc.jpg,"Retro 90's Lucky daye Shirt Lucky daye Shirt, Lucky daye Tees, Lucky daye Merch, Lucky daye Tshirt, American Singer, Lucky Daye gift for fan"
https://i.etsystatic.com/site-assets/images/avatars/default_avatar.png?width=75,"on Jul 31, 2024",Lene,https://www.etsy.com/people/louiex?ref=shop_review,5 out of 5 stars,As with the accompanying Buck shirt I acquired this is a good quality shirt with a hearty print that isn’t going anywhere. Will wear this until they have to pry it off my body :),https://www.etsy.com/listing/1737557505/eddie-diaz-vintage-shirt-eddie-diaz?ref=shop_review,https://i.etsystatic.com/6064741615/r/il/074d96/6064741615/il_170x135.6064741615_3c6c.jpg,"EDDIE DIAZ Vintage Shirt, Eddie Diaz Homage Tshirt, Eddie Diaz Fan Tees, Eddie Diaz Retro 90s Sweater, Eddie Diaz Merch Gift"
https://i.etsystatic.com/site-assets/images/avatars/default_avatar.png?width=75,"on Jul 31, 2024",Lene,https://www.etsy.com/people/louiex?ref=shop_review,5 out of 5 stars,"Gorgeous print that looks like it will wear well over time and survive being washed multiple times. I say this as someone who’s loved a shirt, washed it once, and watched all the ink tear away because of poor quality. Love this shirt!",https://www.etsy.com/listing/1571629983/evan-buckley-retro-shirt-nine-eleven?ref=shop_review,https://i.etsystatic.com/5314887956/r/il/d7287b/5314887956/il_170x135.5314887956_oogy.jpg,"Evan Buckley Retro Shirt, Nine Eleven Shirt, Series Retro Shirt, Evan Buckley 90's Vintage Homage Shirt, Evan Buckley Gift for fan"
https://i.etsystatic.com/site-assets/images/avatars/default_avatar.png?width=75,"on Jul 31, 2024",Shelley,https://www.etsy.com/people/nanaolivas112755?ref=shop_review,5 out of 5 stars,Love the quality of my shirt!  LOVE MY SHIRT!!,https://www.etsy.com/listing/1507572916/gwen-stefani-shirt-gwen-stefani-homage-t?ref=shop_review,https://i.etsystatic.com/5130709995/r/il/f05e50/5130709995/il_170x135.5130709995_qw3k.jpg,"GWEN STEFANI Shirt, Gwen Stefani Homage T-Shirt, Gwen Renée Stefani American Musician Vintage Retro Bootleg Merch, Gwen Stefani Fans Gift"
https://i.etsystatic.com/site-assets/images/avatars/default_avatar.png?width=75,"on Jul 26, 2024",Brittnie,https://www.etsy.com/people/Bwittnie?ref=shop_review,5 out of 5 stars,Got it fast and love it 😍,https://www.etsy.com/listing/1570160248/retro-fitzwilliam-darcy-shirt?ref=shop_review,https://i.etsystatic.com/5378968662/r/il/538e1a/5378968662/il_170x135.5378968662_hj0z.jpg,"Retro Fitzwilliam Darcy Shirt, Fitzwilliam Darcy Tees, Vintage Fitzwilliam Darcy T-shirt, Pride and Prejudice, Gift for fan"
https://i.etsystatic.com/iusa/0022a1/86315016/iusa_75x75.86315016_o9o7.jpg?version=0,"on Jul 24, 2024",Cherokee,https://www.etsy.com/people/cherokeehayden?ref=shop_review,5 out of 5 stars,"purchased as a gift for my friend, she loves it!",https://www.etsy.com/listing/1465912738/sasha-colby-retro-shirt-sasha-colby-90s?ref=shop_review,https://i.etsystatic.com/4897853176/r/il/598fb1/4897853176/il_170x135.4897853176_pno5.jpg,"Sasha Colby Retro Shirt, Sasha Colby 90's Vintage Homage Shirt, Drag Queen Reality Show, Drag Queen Season 15, Gift For Fan"
https://i.etsystatic.com/iusa/c1a1d7/116938396/iusa_75x75.116938396_4ujt.jpg?version=0,"on Jul 23, 2024",Cari,https://www.etsy.com/people/zdy9b6umrl89r6wx?ref=shop_review,5 out of 5 stars,My sister loved the shirt!,https://www.etsy.com/listing/1541095601/jared-padalecki-vintage-shirt-jared?ref=shop_review,https://i.etsystatic.com/5219879861/r/il/2377d5/5219879861/il_170x135.5219879861_rw1e.jpg,"JARED PADALECKI Vintage Shirt, Jared Padalecki Homage Retro, Jared Padalecki Tees, Jared Padalecki 90s Sweater, Jared Padalecki Merch Gift"
https://i.etsystatic.com/iusa/c1a1d7/116938396/iusa_75x75.116938396_4ujt.jpg?version=0,"on Jul 23, 2024",Cari,https://www.etsy.com/people/zdy9b6umrl89r6wx?ref=shop_review,5 out of 5 stars,My sister loved this shirt!,https://www.etsy.com/listing/1575625764/sam-winchestr-vintage-t-shirt-sam?ref=shop_review,https://i.etsystatic.com/5455332319/r/il/8e4c21/5455332319/il_170x135.5455332319_v2vd.jpg,"SAM WINCHESTR Vintage T-shirt - Sam Winchestr Bootleg Tees, Sam Winchestr Fans Gifts, Sam Winchestr Retro Shirt, Sam Winchestr Kids Tee"
https://i.etsystatic.com/site-assets/images/avatars/default_avatar.png?width=75,"on Jul 23, 2024",Mollie,https://www.etsy.com/people/17y6k6ly2xmwizwy?ref=shop_review,5 out of 5 stars,Delivery was fast and quality is great!,https://www.etsy.com/listing/1584351807/salvatore-brothers-shirt-stefan?ref=shop_review,https://i.etsystatic.com/5379004834/r/il/aa320d/5379004834/il_170x135.5379004834_133t.jpg,"Salvatore Brother's Shirt, Stefan Salvatore Shirt , Damon Salvatore Shirt, Paul Wesley Shirt, The Vampie Diaries Shirt, Gift For Fan"
https://i.etsystatic.com/iusa/2c1211/88567485/iusa_75x75.88567485_ofom.jpg?version=0,"on Jul 22, 2024",Halee,https://www.etsy.com/people/haleea?ref=shop_review,5 out of 5 stars,"Perfect, looks just as pictured and fits great!",https://www.etsy.com/listing/1568100016/cillian-murphy-cillian-murphy-shirt?ref=shop_review,https://i.etsystatic.com/5416541261/r/il/ef3f51/5416541261/il_170x135.5416541261_52p9.jpg,"Cillian Murphy, Cillian Murphy Shirt, Cillian Murphy Tshirt, Cillian Murphy Poster, Cillian Murphy Movies Shirt, Retro Cillian Murphy Tees"
https://i.etsystatic.com/iusa/af0f3a/22380332/iusa_75x75.22380332_3780.jpg?version=0,"on Jul 22, 2024",Maria,https://www.etsy.com/people/beenthere07?ref=shop_review,5 out of 5 stars,Fast shipping and excellent quality!,https://www.etsy.com/listing/1654523034/rowoon-retro-t-shirt-sf9-rowoon-shirt?ref=shop_review,https://i.etsystatic.com/5766945809/r/il/7b5928/5766945809/il_170x135.5766945809_e49m.jpg,"Rowoon Retro T-shirt, SF9 Rowoon Shirt, SF9 Rowoon Kpop Merch, Kpop Gift for her or him, Kpop Merch Shirt, SF9 Retro Style Tee"
https://i.etsystatic.com/iusa/2c3770/96735418/iusa_75x75.96735418_dagf.jpg?version=0,"on Jul 22, 2024",Sam,https://www.etsy.com/people/jgffbchf?ref=shop_review,5 out of 5 stars,"Quality is great and the design is exactly as pictured, I’m obsessed!!",https://www.etsy.com/listing/1480109801/rod-kimble-retro-shirt-rod-kimble-shirt?ref=shop_review,https://i.etsystatic.com/4946123955/r/il/b50a8f/4946123955/il_170x135.4946123955_nye6.jpg,"Rod Kimble Retro Shirt, Rod Kimble Shirt, Stuntmant Retro Shirt, Rod Kimble 90's Vintage Homage Shirt, Daredevil, Comedy Character Tees"
https://i.etsystatic.com/iusa/0022a1/86315016/iusa_75x75.86315016_o9o7.jpg?version=0,"on Jul 20, 2024",Cherokee,https://www.etsy.com/people/cherokeehayden?ref=shop_review,5 out of 5 stars,I love this shirt so much!,https://www.etsy.com/listing/1458991081/anetra-retro-shirt-anetra-90s-vintage?ref=shop_review,https://i.etsystatic.com/4807794614/r/il/56f51a/4807794614/il_170x135.4807794614_75vx.jpg,"Anetra Retro Shirt, Anetra 90's Vintage Homage Shirt, American Drag Queen, Drag Queen Season 15, Gift For Fan"
https://i.etsystatic.com/iusa/b5cae4/94093078/iusa_75x75.94093078_sx8y.jpg?version=0,"on Jul 20, 2024",Brandi,https://www.etsy.com/people/nnjqtyoz?ref=shop_review,5 out of 5 stars,i love it!,https://www.etsy.com/listing/1683865216/keshi-retro-t-shirt-keshi-vintage-tee?ref=shop_review,https://i.etsystatic.com/5849336848/r/il/1b003e/5849336848/il_170x135.5849336848_3sve.jpg,"KESHI Retro T-shirt - Keshi Vintage Tee, Keshi Long Sleeve Shirt, Keshi Fans Tee, Keshi Kids Tee, Keshi Fans Shirt, Keshi Homage Shirt"
https://i.etsystatic.com/iusa/1fd32a/101808416/iusa_75x75.101808416_f3zm.jpg?version=0,"Etsy buyer on Jul 15, 2024",,,5 out of 5 stars,it’s amazing!! i love it so much,https://www.etsy.com/listing/1571629983/evan-buckley-retro-shirt-nine-eleven?ref=shop_review,https://i.etsystatic.com/5314887956/r/il/d7287b/5314887956/il_170x135.5314887956_oogy.jpg,"Evan Buckley Retro Shirt, Nine Eleven Shirt, Series Retro Shirt, Evan Buckley 90's Vintage Homage Shirt, Evan Buckley Gift for fan"
https://i.etsystatic.com/site-assets/images/avatars/default_avatar.png?width=75,"on Jul 15, 2024",Jessica,https://www.etsy.com/people/xoce8y8t?ref=shop_review,5 out of 5 stars,It is a Great shirt,https://www.etsy.com/listing/1610683303/fred-again-fred-again-shirt-fred-again?ref=shop_review,https://i.etsystatic.com/5503305964/r/il/fcede1/5503305964/il_170x135.5503305964_btef.jpg,"Fred Again, Fred Again Shirt, Fred Again Tshirt, Fred Again Merch, Vintage Fred Again Clothing, Fred Again Tour, Fred Again Fan Tees Poster"
https://i.etsystatic.com/iusa/33d1a7/108282292/iusa_75x75.108282292_br13.jpg?version=0,"on Jul 15, 2024",Miles,https://www.etsy.com/people/8xj1mcl3rft0y2ju?ref=shop_review,5 out of 5 stars,Love this shirt so much!,https://www.etsy.com/listing/1571629983/evan-buckley-retro-shirt-nine-eleven?ref=shop_review,https://i.etsystatic.com/5314887956/r/il/d7287b/5314887956/il_170x135.5314887956_oogy.jpg,"Evan Buckley Retro Shirt, Nine Eleven Shirt, Series Retro Shirt, Evan Buckley 90's Vintage Homage Shirt, Evan Buckley Gift for fan"
https://i.etsystatic.com/site-assets/images/avatars/default_avatar.png?width=75,"on Jul 12, 2024",Jes,https://www.etsy.com/people/ufzeivtb?ref=shop_review,5 out of 5 stars,Arrived quickly & very well made,https://www.etsy.com/listing/1363884044/carl-gallagher-retro-shirt-carl?ref=shop_review,https://i.etsystatic.com/4504478011/r/il/53b9fb/4504478011/il_170x135.4504478011_m2b4.jpg,"Carl Gallagher Retro Shirt, Carl Gallagher Shirt, Carl Gallagher, Carl Gallagher 90's Vintage Homage Shirt, Carl Gallagher Gift for fan"
https://i.etsystatic.com/iusa/1b9022/88937882/iusa_75x75.88937882_rosd.jpg?version=0,"on Jul 12, 2024",Sierra,https://www.etsy.com/people/sierrareams1?ref=shop_review,5 out of 5 stars,Gifting to my niece for her 14th birthday! She is going to love it!,https://www.etsy.com/listing/1571518049/patrick-verona-shirt-heath-ledger-10?ref=shop_review,https://i.etsystatic.com/5362520651/r/il/119ca0/5362520651/il_170x135.5362520651_nql1.jpg,"PATRICK VERONA Shirt, Heath Ledger 10 Things I Hate About You Homage T-shirt, Funny Patrick Verona 10 Things, Hate About You Retro Shirt"
https://i.etsystatic.com/iusa/64953c/36744852/iusa_75x75.36744852_ldkz.jpg?version=0,"on Jul 11, 2024",Michelle,https://www.etsy.com/people/mlayers?ref=shop_review,5 out of 5 stars,Shirt looks just as pictured.,https://www.etsy.com/listing/1192937070/princess-diana-retro-shirt-princess?ref=shop_review,https://i.etsystatic.com/3824318635/r/il/845fc0/3824318635/il_170x135.3824318635_r8u5.jpg,"Princess Diana Retro Shirt, Princess Diana Fan Shirt, Princess Diana Shirt, Princess Diana Unisex Shirt, Princess Diana Public Figure Tee"
https://i.etsystatic.com/site-assets/images/avatars/default_avatar.png?width=75,"on Jul 11, 2024",Etsy buyer,https://www.etsy.com/people/imonmywaytohogwarts?ref=shop_review,5 out of 5 stars,"Great product, love so deeply, need 17 more eddie diaz shirts stat",https://www.etsy.com/listing/1737557505/eddie-diaz-vintage-shirt-eddie-diaz?ref=shop_review,https://i.etsystatic.com/6064741615/r/il/074d96/6064741615/il_170x135.6064741615_3c6c.jpg,"EDDIE DIAZ Vintage Shirt, Eddie Diaz Homage Tshirt, Eddie Diaz Fan Tees, Eddie Diaz Retro 90s Sweater, Eddie Diaz Merch Gift"
https://i.etsystatic.com/iusa/555def/57618284/iusa_75x75.57618284_on5b.jpg?version=0,"on Jul 11, 2024",Etsy buyer,https://www.etsy.com/people/sthompson5339?ref=shop_review,5 out of 5 stars,Daughter is big Jane Austen/P&P fan so got the biggest kick out of this shirt…so cute,https://www.etsy.com/listing/1570160238/retro-fitzwilliam-darcy-shirt?ref=shop_review,https://i.etsystatic.com/5427133561/r/il/228f6a/5427133561/il_170x135.5427133561_mxb1.jpg,"Retro Fitzwilliam Darcy Shirt, Fitzwilliam Darcy Tees, Vintage Fitzwilliam Darcy T-shirt, Pride and Prejudice, Gift for fan"
https://i.etsystatic.com/iusa/0022a1/86315016/iusa_75x75.86315016_o9o7.jpg?version=0,"on Jul 11, 2024",Cherokee,https://www.etsy.com/people/cherokeehayden?ref=shop_review,5 out of 5 stars,"Love this, it was exactly as described",https://www.etsy.com/listing/1198920310/raccoon-homage-shirt-raccoon-hip-hop?ref=shop_review,https://i.etsystatic.com/3799090882/r/il/a90ec7/3799090882/il_170x135.3799090882_an27.jpg,"Raccoon Homage Shirt, Raccoon Hip Hop Style 90s Shirt, Raccoon Shirt, Raccoon Funny Gift For Him Her Tees, Cute Raccoon Tshirt"
https://i.etsystatic.com/iusa/9ad37f/69409906/iusa_75x75.69409906_ds78.jpg?version=0,"on Jul 10, 2024",Sarah,https://www.etsy.com/people/SarahRhea745?ref=shop_review,5 out of 5 stars,Item shipped quick & is a quality shirt & printing. Would repurchase from the shop.,https://www.etsy.com/listing/1737557505/eddie-diaz-vintage-shirt-eddie-diaz?ref=shop_review,https://i.etsystatic.com/6064741615/r/il/074d96/6064741615/il_170x135.6064741615_3c6c.jpg,"EDDIE DIAZ Vintage Shirt, Eddie Diaz Homage Tshirt, Eddie Diaz Fan Tees, Eddie Diaz Retro 90s Sweater, Eddie Diaz Merch Gift"
https://i.etsystatic.com/iusa/17a522/111904921/iusa_75x75.111904921_nbke.jpg?version=0,"on Jul 8, 2024",Chelsea,https://www.etsy.com/people/bouger87?ref=shop_review,5 out of 5 stars,I purchased this gift for a friend’s birthday and it’s great! The seller is even better; providing excellent updates even when not prompted and quick delivery!! Will definitely purchase something else.,https://www.etsy.com/listing/1192937070/princess-diana-retro-shirt-princess?ref=shop_review,https://i.etsystatic.com/3824318637/r/il/39482f/3824318637/il_170x135.3824318637_dn7s.jpg,"Princess Diana Retro Shirt, Princess Diana Fan Shirt, Princess Diana Shirt, Princess Diana Unisex Shirt, Princess Diana Public Figure Tee"
https://i.etsystatic.com/site-assets/images/avatars/default_avatar.png?width=75,"on Jul 8, 2024",Stephanie,https://www.etsy.com/people/agkcjblv?ref=shop_review,5 out of 5 stars,Great material. Looks exactly as the picture. Would definitely recommend buying!,https://www.etsy.com/listing/1507572876/ross-lynch-shirt-ross-lynch-r5-t-shirt?ref=shop_review,https://i.etsystatic.com/5130705015/r/il/14f3c1/5130705015/il_170x135.5130705015_lfed.jpg,"ROSS LYNCH Shirt, Ross Lynch R5 T-shirt, Ross Lynch Homage Shirt ,Ross Lynch Driver Era Shirt, Funny Ross Lynch Austin and Ally Shirt"
https://i.etsystatic.com/iusa/2a3e43/99855188/iusa_75x75.99855188_peop.jpg?version=0,"on Jul 8, 2024",Brittany,https://www.etsy.com/people/Underneath97?ref=shop_review,5 out of 5 stars,Love it would buy again.,https://www.etsy.com/listing/1683865170/johnny-depp-vintage-shirt-johnny-depp?ref=shop_review,https://i.etsystatic.com/5897429611/r/il/69db99/5897429611/il_170x135.5897429611_pde0.jpg,"JOHNNY DEPP Vintage Shirt, Johnny Depp Homage Fan Tees, Johnny Depp Homage Retro, Johnny Depp Graphic Retro 90s, Johnny Depp Merch"
https://i.etsystatic.com/site-assets/images/avatars/default_avatar.png?width=75,"on Jul 7, 2024",Riley,https://www.etsy.com/people/f9t6hlotzop3xss4?ref=shop_review,5 out of 5 stars,"Wonderous, very joyful, lovely, happiness",https://www.etsy.com/listing/1507572876/ross-lynch-shirt-ross-lynch-r5-t-shirt?ref=shop_review,https://i.etsystatic.com/5130705015/r/il/14f3c1/5130705015/il_170x135.5130705015_lfed.jpg,"ROSS LYNCH Shirt, Ross Lynch R5 T-shirt, Ross Lynch Homage Shirt ,Ross Lynch Driver Era Shirt, Funny Ross Lynch Austin and Ally Shirt"
https://i.etsystatic.com/site-assets/images/avatars/default_avatar.png?width=75,"on Jul 6, 2024",Ryan,https://www.etsy.com/people/4qczuw3r5soa8nab?ref=shop_review,5 out of 5 stars,"Very quick arrival, would recommend",https://www.etsy.com/listing/1571629951/evan-buckley-retro-shirt-nine-eleven?ref=shop_review,https://i.etsystatic.com/5314886338/r/il/41eb98/5314886338/il_170x135.5314886338_5x7n.jpg,"Evan Buckley Retro Shirt, Nine Eleven Shirt, Series Retro Shirt, Evan Buckley 90's Vintage Homage Shirt, Evan Buckley Gift for fan"
https://i.etsystatic.com/iusa/819874/107690264/iusa_75x75.107690264_5ai7.jpg?version=0,"on Jul 5, 2024",Lizbeth,https://www.etsy.com/people/mvw2bqq9imculfyr?ref=shop_review,5 out of 5 stars,"Very nice shirt, I really liked it",https://www.etsy.com/listing/1532213898/aaron-hotchner-shirt-vintage-90s-graphic?ref=shop_review,https://i.etsystatic.com/5314343077/r/il/d6a12d/5314343077/il_170x135.5314343077_ohd0.jpg,"Aaron Hotchner Shirt, Vintage 90s Graphic Tee Aaron Hotchner Sweatshirt, Aaron Hotchner Hoodie, 90s Vintage Graphic Tees, 90s Vintage Shirt"
https://i.etsystatic.com/iusa/35ffe4/111325221/iusa_75x75.111325221_qyeh.jpg?version=0,"Etsy buyer on Jul 4, 2024",,,5 out of 5 stars,"shipped so fast haha john summits my favorite so it seriously made my day when this came in🤠🩷🩷 lil bit of a bday gift to myself. good material, print looks amazing. definitely reccomend!! thanks so much!!",https://www.etsy.com/listing/1654526688/john-summit-90s-t-shirt-john-summit?ref=shop_review,https://i.etsystatic.com/5718894976/r/il/7c6f9a/5718894976/il_170x135.5718894976_8s5q.jpg,"JOHN SUMMIT 90's T-shirt - John Summit Bootleg Tees, John Summit Fans Gifts, John Summit Vintage Retro Shirt, John Summit Fans Tee"
https://i.etsystatic.com/iusa/9f7d0c/84661444/iusa_75x75.84661444_noym.jpg?version=0,"on Jul 4, 2024",Emily,https://www.etsy.com/people/5aicqfpw?ref=shop_review,5 out of 5 stars,"Love the shirt, super cute",https://www.etsy.com/listing/1576498180/barney-stinson-vintage-shirt-barney?ref=shop_review,https://i.etsystatic.com/5411804714/r/il/1fd0ea/5411804714/il_170x135.5411804714_n8vv.jpg,"BARNEY STINSON Vintage Shirt, barney stinson Homage Tshirt, barney stinson Fan Tees, barney stinson Retro 90s Sweater, barney stinson Gift"
https://i.etsystatic.com/iusa/019da5/73348188/iusa_75x75.73348188_9vgn.jpg?version=0,"on Jul 4, 2024",Anita,https://www.etsy.com/people/anitapina2?ref=shop_review,5 out of 5 stars,Awesomeness awesome awesomeness awesome awesomeness,https://www.etsy.com/listing/1683838320/gal-gadot-retro-t-shirt-gal-gadot-tee?ref=shop_review,https://i.etsystatic.com/5849212784/r/il/ae82ec/5849212784/il_170x135.5849212784_fmzu.jpg,"GAL GADOT Retro T-shirt - Gal Gadot Tee, Gal Gadot Long Sleeve Shirt, Gal Gadot Fans Tee, Gal Gadot Kids Tee, Gisele Yashar, Diana Prince"
https://i.etsystatic.com/iusa/35e52a/104165099/iusa_75x75.104165099_603w.jpg?version=0,"on Jul 3, 2024",Eric,https://www.etsy.com/people/bjr8th1b?ref=shop_review,5 out of 5 stars,Item arrived as described and great quality print,https://www.etsy.com/listing/1596586644/theo-von-vintage-shirt-comedian-theo-von?ref=shop_review,https://i.etsystatic.com/5503623130/r/il/b0b151/5503623130/il_170x135.5503623130_g4rm.jpg,"THEO VON Vintage Shirt , Comedian Theo Von Homage Fan Tees, Theo Von Homage Retro, Theo Von Graphic Retro 90s, Theo Von Merch"
https://i.etsystatic.com/site-assets/images/avatars/default_avatar.png?width=75,"on Jun 27, 2024",Deepthy,https://www.etsy.com/people/xjecx1wqm1msktr3?ref=shop_review,5 out of 5 stars,The shirt is of very good quality.,https://www.etsy.com/listing/1391242333/chishiya-shirt-shuntaro-chishiya-homage?ref=shop_review,https://i.etsystatic.com/4512166448/r/il/0b5816/4512166448/il_170x135.4512166448_3fhn.jpg,CHISHIYA Shirt | Shuntaro Chishiya Homage T-Shirt | Vintage Cheshire Alice In Borderland Bootleg Merch Fans Gift | Funny Cheshire Retro Tee
https://i.etsystatic.com/site-assets/images/avatars/default_avatar.png?width=75,"Etsy buyer on Jun 27, 2024",,,5 out of 5 stars,Fits nicely. Came in pretty quick,https://www.etsy.com/listing/1526890628/dahyun-twice-vintage-shirt-twice-kim-da?ref=shop_review,https://i.etsystatic.com/5219807745/r/il/30357c/5219807745/il_170x135.5219807745_ffl6.jpg,"DAHYUN Twice Vintage Shirt, TWICE Kim Da-hyun hyun Homage Tshirt, Girl Band Dahyun Fan Tees, Dahyun Retro 90s Sweater, Dahyun Merch Gift"
https://i.etsystatic.com/iusa/f4925e/111748998/iusa_75x75.111748998_5m12.jpg?version=0,"on Jun 27, 2024",Lauren,https://www.etsy.com/people/e6bbelipqzhuqqb6?ref=shop_review,5 out of 5 stars,"Love it. 
So much wear it everywhere.",https://www.etsy.com/listing/1571629983/evan-buckley-retro-shirt-nine-eleven?ref=shop_review,https://i.etsystatic.com/5314887956/r/il/d7287b/5314887956/il_170x135.5314887956_oogy.jpg,"Evan Buckley Retro Shirt, Nine Eleven Shirt, Series Retro Shirt, Evan Buckley 90's Vintage Homage Shirt, Evan Buckley Gift for fan"
https://i.etsystatic.com/site-assets/images/avatars/default_avatar.png?width=75,"on Jun 25, 2024",Julia,https://www.etsy.com/people/superjuliaaaaa?ref=shop_review,5 out of 5 stars,"This shirt is great quality, fits nice and looks amazing",https://www.etsy.com/listing/1610700129/meredith-grey-shirt-greys-anatomy-doctor?ref=shop_review,https://i.etsystatic.com/5551479597/r/il/da0f73/5551479597/il_170x135.5551479597_f5cn.jpg,"MEREDITH GREY Shirt, Grey's Anatomy Doctor Shirt, Meredith Grey's Anatomy T-shirt, Doctor Meredith Grey Shirt, Funny Doctor Grey Merch"
https://i.etsystatic.com/iusa/f2c77f/78231122/iusa_75x75.78231122_8bun.jpg?version=0,"on Jun 25, 2024",Mandie,https://www.etsy.com/people/vhgidm90?ref=shop_review,5 out of 5 stars,Fast shipping and perfect gift,https://www.etsy.com/listing/1654529440/jake-peralta-shirt-jake-peralta-homage-t?ref=shop_review,https://i.etsystatic.com/5718914616/r/il/c4b9e4/5718914616/il_170x135.5718914616_xu9l.jpg,JAKE PERALTA Shirt | Jake Peralta Homage T-Shirt | Andy Samberg American Actor Vintage Retro 90s Bootleg Merch | Brooklyn Nine-Nine Fan Gift
https://i.etsystatic.com/site-assets/images/avatars/default_avatar.png?width=75,"on Jun 25, 2024",Francesca,https://www.etsy.com/people/8qqi1vxq?ref=shop_review,5 out of 5 stars,"Just as I hoped, love it, thank you!",https://www.etsy.com/listing/1571629951/evan-buckley-retro-shirt-nine-eleven?ref=shop_review,https://i.etsystatic.com/5363061341/r/il/3ad73a/5363061341/il_170x135.5363061341_6ng9.jpg,"Evan Buckley Retro Shirt, Nine Eleven Shirt, Series Retro Shirt, Evan Buckley 90's Vintage Homage Shirt, Evan Buckley Gift for fan"
https://i.etsystatic.com/site-assets/images/avatars/default_avatar.png?width=75,"on Jun 24, 2024",Ashe,https://www.etsy.com/people/uz7198jj4psosq9t?ref=shop_review,5 out of 5 stars,"I love this shirt so much, easy to wash without it shinking or the design fading. i lost my mind when it came in buck is easily a favorite of mine so im happy to have bought from this store! I came directly from tiktok when i saw this shirt was a thing",https://www.etsy.com/listing/1571629951/evan-buckley-retro-shirt-nine-eleven?ref=shop_review,https://i.etsystatic.com/5363061341/r/il/3ad73a/5363061341/il_170x135.5363061341_6ng9.jpg,"Evan Buckley Retro Shirt, Nine Eleven Shirt, Series Retro Shirt, Evan Buckley 90's Vintage Homage Shirt, Evan Buckley Gift for fan"
https://i.etsystatic.com/iusa/722f33/25019422/iusa_75x75.25019422_rd9p.jpg?version=0,"on Jun 24, 2024",Andrea,https://www.etsy.com/people/alevans7?ref=shop_review,5 out of 5 stars,I love this shirt and it arrived just as described and on time! Thank you!,,,
https://i.etsystatic.com/iusa/bd725a/79528603/iusa_75x75.79528603_4e6c.jpg?version=0,"on Jun 23, 2024",Olivia,https://www.etsy.com/people/squdkozb?ref=shop_review,5 out of 5 stars,Obsessed! Can’t wait to wear it,https://www.etsy.com/listing/1480109801/rod-kimble-retro-shirt-rod-kimble-shirt?ref=shop_review,https://i.etsystatic.com/4946123955/r/il/b50a8f/4946123955/il_170x135.4946123955_nye6.jpg,"Rod Kimble Retro Shirt, Rod Kimble Shirt, Stuntmant Retro Shirt, Rod Kimble 90's Vintage Homage Shirt, Daredevil, Comedy Character Tees"
https://i.etsystatic.com/iusa/bc8d43/104919361/iusa_75x75.104919361_4qaw.jpg?version=0,"on Jun 24, 2024",Anna,https://www.etsy.com/people/i1e62i11awtyy6wq?ref=shop_review,5 out of 5 stars,,https://www.etsy.com/listing/1596586632/shawn-hunter-retro-t-shirt-shawn-hunter?ref=shop_review,https://i.etsystatic.com/5503621720/r/il/ce5cc3/5503621720/il_170x135.5503621720_iygn.jpg,"SHAWN HUNTER Retro T-shirt - Shawn Hunter Homage Tees, Shawn Hunter Vintage Shirt, Rider Strong Fans Gift, Shawn Hunter 90's Shirt"
https://i.etsystatic.com/site-assets/images/avatars/default_avatar.png?width=75,"on Jun 15, 2024",Bailey,https://www.etsy.com/people/8yg2nsaricyd2whm?ref=shop_review,5 out of 5 stars,got this for a friend and she absolutely loved it!!! shipping was super fast too!,https://www.etsy.com/listing/1737557505/eddie-diaz-vintage-shirt-eddie-diaz?ref=shop_review,https://i.etsystatic.com/6064741615/r/il/074d96/6064741615/il_170x135.6064741615_3c6c.jpg,"EDDIE DIAZ Vintage Shirt, Eddie Diaz Homage Tshirt, Eddie Diaz Fan Tees, Eddie Diaz Retro 90s Sweater, Eddie Diaz Merch Gift"
https://i.etsystatic.com/site-assets/images/avatars/default_avatar.png?width=75,"on Jun 15, 2024",sailoruranus,https://www.etsy.com/people/n6gvv6hbst6cyl37?ref=shop_review,5 out of 5 stars,"I love my shirt, they were very helpful about the design and prompt to answering questions 10/10 would buy again",https://www.etsy.com/listing/1237255925/custom-order-vintage-shirt-up-to-you?ref=shop_review,https://i.etsystatic.com/3889504952/r/il/1908ec/3889504952/il_170x135.3889504952_muab.jpg,"Custom Order Vintage Shirt, Up to You Shirt, Insert Your Design, Personalized Shirt, Customized Shirt, Change Your Design Here Shirt"
https://i.etsystatic.com/iusa/649c4e/107250086/iusa_75x75.107250086_1ih3.jpg?version=0,"Etsy buyer on Jun 15, 2024",,,5 out of 5 stars,My friend was super happy and we can’t wait to wear them together,https://www.etsy.com/listing/1571629983/evan-buckley-retro-shirt-nine-eleven?ref=shop_review,https://i.etsystatic.com/5314887956/r/il/d7287b/5314887956/il_170x135.5314887956_oogy.jpg,"Evan Buckley Retro Shirt, Nine Eleven Shirt, Series Retro Shirt, Evan Buckley 90's Vintage Homage Shirt, Evan Buckley Gift for fan"
https://i.etsystatic.com/iusa/e5473b/86254081/iusa_75x75.86254081_czmk.jpg?version=0,"on Jun 15, 2024",Etsy buyer,https://www.etsy.com/people/jasonlevesque?ref=shop_review,5 out of 5 stars,great! hilarious! must write 5 words!,https://www.etsy.com/listing/1575625764/sam-winchestr-vintage-t-shirt-sam?ref=shop_review,https://i.etsystatic.com/5455332319/r/il/8e4c21/5455332319/il_170x135.5455332319_v2vd.jpg,"SAM WINCHESTR Vintage T-shirt - Sam Winchestr Bootleg Tees, Sam Winchestr Fans Gifts, Sam Winchestr Retro Shirt, Sam Winchestr Kids Tee"
https://i.etsystatic.com/site-assets/images/avatars/default_avatar.png?width=75,"on Jun 15, 2024",Liyana,https://www.etsy.com/people/6byvv2hgfvti7wi4?ref=shop_review,5 out of 5 stars,I love this shirt so much,https://www.etsy.com/listing/1571629983/evan-buckley-retro-shirt-nine-eleven?ref=shop_review,https://i.etsystatic.com/5314887956/r/il/d7287b/5314887956/il_170x135.5314887956_oogy.jpg,"Evan Buckley Retro Shirt, Nine Eleven Shirt, Series Retro Shirt, Evan Buckley 90's Vintage Homage Shirt, Evan Buckley Gift for fan"
https://i.etsystatic.com/site-assets/images/avatars/default_avatar.png?width=75,"on Jun 14, 2024",Jackie,https://www.etsy.com/people/JackieDo858?ref=shop_review,5 out of 5 stars,Got this as a gift for a friend & she loved loved loved it!,https://www.etsy.com/listing/1654523012/sabrina-carpenter-retro-t-shirt-maya?ref=shop_review,https://i.etsystatic.com/5766945269/r/il/d4a116/5766945269/il_170x135.5766945269_8dsm.jpg,"Sabrina Carpenter Retro T-shirt - Maya hart Vintage Shirt, Sabrina Carpenter Homage Shirt, Sabrina Carpenter Fans Shirt, Maya hart Shirt"
https://i.etsystatic.com/site-assets/images/avatars/default_avatar.png?width=75,"on Jun 14, 2024",Sharlene,https://www.etsy.com/people/2ktxpk2y?ref=shop_review,5 out of 5 stars,"So happy with this shirt! Great quality, nice clear print and colors. Arrived quickly.",https://www.etsy.com/listing/1570160248/retro-fitzwilliam-darcy-shirt?ref=shop_review,https://i.etsystatic.com/5378968662/r/il/538e1a/5378968662/il_170x135.5378968662_hj0z.jpg,"Retro Fitzwilliam Darcy Shirt, Fitzwilliam Darcy Tees, Vintage Fitzwilliam Darcy T-shirt, Pride and Prejudice, Gift for fan"
https://i.etsystatic.com/site-assets/images/avatars/default_avatar.png?width=75,"on Jun 14, 2024",Shania,https://www.etsy.com/people/mvdkyxdr?ref=shop_review,5 out of 5 stars,Love it thanks so much,https://www.etsy.com/listing/1541095575/jack-black-jack-black-shirt-jack-black?ref=shop_review,https://i.etsystatic.com/5219878289/r/il/16ec17/5219878289/il_170x135.5219878289_8ien.jpg,"Jack Black, Jack Black Shirt, Jack Black Movie Shirt, Actor Jack Black Vintage, Jack Black Fan Tees, Jack Black Funny, Thomas Jacob Black"
https://i.etsystatic.com/site-assets/images/avatars/default_avatar.png?width=75,"on Jun 13, 2024",Estela,https://www.etsy.com/people/ejmnz?ref=shop_review,5 out of 5 stars,Great shirt and met expectations,https://www.etsy.com/listing/1737557505/eddie-diaz-vintage-shirt-eddie-diaz?ref=shop_review,https://i.etsystatic.com/6064741615/r/il/074d96/6064741615/il_170x135.6064741615_3c6c.jpg,"EDDIE DIAZ Vintage Shirt, Eddie Diaz Homage Tshirt, Eddie Diaz Fan Tees, Eddie Diaz Retro 90s Sweater, Eddie Diaz Merch Gift"
https://i.etsystatic.com/iusa/3ad34c/107070741/iusa_75x75.107070741_lokn.jpg?version=0,"on Jun 15, 2024",christina,https://www.etsy.com/people/kpc1zvefie7666m4?ref=shop_review,5 out of 5 stars,,https://www.etsy.com/listing/1534455753/critical-moist-shirt-moist-cr1tikal?ref=shop_review,https://i.etsystatic.com/5140006556/r/il/f18ba5/5140006556/il_170x135.5140006556_ble4.jpg,"Critikal Moist Shirt, Moist Cr1tikal Homage T-Shirt, Charles Christopher White Jr. American Streamer Vintage 90s Tee, Penguinz0 Fans Gift"
https://i.etsystatic.com/site-assets/images/avatars/default_avatar.png?width=75,"on Jun 9, 2024",Miguel,https://www.etsy.com/people/sj0cxpzr5p0aaic7?ref=shop_review,5 out of 5 stars,The shirts are great quality and the images are clear.,https://www.etsy.com/listing/1737557505/eddie-diaz-vintage-shirt-eddie-diaz?ref=shop_review,https://i.etsystatic.com/6064741615/r/il/074d96/6064741615/il_170x135.6064741615_3c6c.jpg,"EDDIE DIAZ Vintage Shirt, Eddie Diaz Homage Tshirt, Eddie Diaz Fan Tees, Eddie Diaz Retro 90s Sweater, Eddie Diaz Merch Gift"
https://i.etsystatic.com/site-assets/images/avatars/default_avatar.png?width=75,"on Jun 9, 2024",Abby,https://www.etsy.com/people/sl4klsez?ref=shop_review,5 out of 5 stars,the item completely matched the description and exceeds my expectations! it’s so cute i can’t wait to wear it all the time!,https://www.etsy.com/listing/1571629983/evan-buckley-retro-shirt-nine-eleven?ref=shop_review,https://i.etsystatic.com/5314887956/r/il/d7287b/5314887956/il_170x135.5314887956_oogy.jpg,"Evan Buckley Retro Shirt, Nine Eleven Shirt, Series Retro Shirt, Evan Buckley 90's Vintage Homage Shirt, Evan Buckley Gift for fan"
https://i.etsystatic.com/iusa/d7e2a8/76918566/iusa_75x75.76918566_8fw4.jpg?version=0,"on Jun 8, 2024",Chris,https://www.etsy.com/people/evpodlwr?ref=shop_review,5 out of 5 stars,ABSOLUTELY LOVE the T Shirt!!!,https://www.etsy.com/listing/1683838320/gal-gadot-retro-t-shirt-gal-gadot-tee?ref=shop_review,https://i.etsystatic.com/5849212784/r/il/ae82ec/5849212784/il_170x135.5849212784_fmzu.jpg,"GAL GADOT Retro T-shirt - Gal Gadot Tee, Gal Gadot Long Sleeve Shirt, Gal Gadot Fans Tee, Gal Gadot Kids Tee, Gisele Yashar, Diana Prince"
https://i.etsystatic.com/iusa/753e6e/43086436/iusa_75x75.43086436_2bo8.jpg?version=0,"on Jun 7, 2024",Etsy buyer,https://www.etsy.com/people/djacobo351?ref=shop_review,5 out of 5 stars,Absolutely love it!!!! Wore it the next day and it’s super comfy and the image itself is great! No issues with fuzziness which is the issue I’ve had from purchasing other shirts with similar designs. Overall 100/10!,https://www.etsy.com/listing/1654526688/john-summit-90s-t-shirt-john-summit?ref=shop_review,https://i.etsystatic.com/5718894976/r/il/7c6f9a/5718894976/il_170x135.5718894976_8s5q.jpg,"JOHN SUMMIT 90's T-shirt - John Summit Bootleg Tees, John Summit Fans Gifts, John Summit Vintage Retro Shirt, John Summit Fans Tee"
https://i.etsystatic.com/site-assets/images/avatars/default_avatar.png?width=75,"on Jun 7, 2024",Etsy buyer,https://www.etsy.com/people/madelingargueta?ref=shop_review,5 out of 5 stars,I love with my shirt!,https://www.etsy.com/listing/1496235443/jhene-aiko-efuru-chilombo-tees-vintage?ref=shop_review,https://i.etsystatic.com/4969255748/r/il/bda678/4969255748/il_170x135.4969255748_cye6.jpg,"Jhene Aiko Efuru Chilombo Tees, Vintage Tee Aiko, Vintage 90s Unisex T-Shirt rapper Retro Queen of RNB Jhene Aiko Chilombo, Kali Uchis"
https://i.etsystatic.com/site-assets/images/avatars/default_avatar.png?width=75,"on Jun 7, 2024",Etsy buyer,https://www.etsy.com/people/madelingargueta?ref=shop_review,5 out of 5 stars,"Really amazed with the shirt quality and looking forward to surprise my daughter, she loved JÁ 🙏🏽❤️",https://www.etsy.com/listing/1496235443/jhene-aiko-efuru-chilombo-tees-vintage?ref=shop_review,https://i.etsystatic.com/4969255748/r/il/bda678/4969255748/il_170x135.4969255748_cye6.jpg,"Jhene Aiko Efuru Chilombo Tees, Vintage Tee Aiko, Vintage 90s Unisex T-Shirt rapper Retro Queen of RNB Jhene Aiko Chilombo, Kali Uchis"
https://i.etsystatic.com/site-assets/images/avatars/default_avatar.png?width=75,"on Jun 7, 2024",Brooklyn,https://www.etsy.com/people/ehq6l4w7ns47d45d?ref=shop_review,5 out of 5 stars,I like this shirt 👕,https://www.etsy.com/listing/1571629983/evan-buckley-retro-shirt-nine-eleven?ref=shop_review,https://i.etsystatic.com/5314887956/r/il/d7287b/5314887956/il_170x135.5314887956_oogy.jpg,"Evan Buckley Retro Shirt, Nine Eleven Shirt, Series Retro Shirt, Evan Buckley 90's Vintage Homage Shirt, Evan Buckley Gift for fan"
https://i.etsystatic.com/iusa/d9143a/39351850/iusa_75x75.39351850_j7bw.jpg?version=0,"on Jun 6, 2024",Mae,https://www.etsy.com/people/raekemae?ref=shop_review,5 out of 5 stars,The product was perfectly made,https://www.etsy.com/listing/1237255925/custom-order-vintage-shirt-up-to-you?ref=shop_review,https://i.etsystatic.com/3889504952/r/il/1908ec/3889504952/il_170x135.3889504952_muab.jpg,"Custom Order Vintage Shirt, Up to You Shirt, Insert Your Design, Personalized Shirt, Customized Shirt, Change Your Design Here Shirt"
https://i.etsystatic.com/iusa/d9143a/39351850/iusa_75x75.39351850_j7bw.jpg?version=0,"on Jun 6, 2024",Mae,https://www.etsy.com/people/raekemae?ref=shop_review,5 out of 5 stars,So amazing! The seller was awesome,https://www.etsy.com/listing/1237255925/custom-order-vintage-shirt-up-to-you?ref=shop_review,https://i.etsystatic.com/3889504952/r/il/1908ec/3889504952/il_170x135.3889504952_muab.jpg,"Custom Order Vintage Shirt, Up to You Shirt, Insert Your Design, Personalized Shirt, Customized Shirt, Change Your Design Here Shirt"
https://i.etsystatic.com/site-assets/images/avatars/default_avatar.png?width=75,"on Jun 8, 2024",Malcolm,https://www.etsy.com/people/5xj5vrxcr2d6hv4m?ref=shop_review,3 out of 5 stars,,https://www.etsy.com/listing/1187186694/mac-demarco-retro-shirt-mac-demarco?ref=shop_review,https://i.etsystatic.com/3754896186/r/il/534b74/3754896186/il_170x135.3754896186_28i9.jpg,"Mac Demarco Retro Shirt, Mac Demarco Homage Shirt, Mac Demarco Fan Shirt, Mac Demarco Unisex Shirt, Mac Demarco Chamber Of Reflection Tee"
https://i.etsystatic.com/iusa/add839/60154769/iusa_75x75.60154769_is6o.jpg?version=0,"on Jun 2, 2024",Ineese,https://www.etsy.com/people/ineeserussell?ref=shop_review,5 out of 5 stars,"Awesome shirt, can't wait to wear it to Bonnaroo!",https://www.etsy.com/listing/1610683303/fred-again-fred-again-shirt-fred-again?ref=shop_review,https://i.etsystatic.com/5503305964/r/il/fcede1/5503305964/il_170x135.5503305964_btef.jpg,"Fred Again, Fred Again Shirt, Fred Again Tshirt, Fred Again Merch, Vintage Fred Again Clothing, Fred Again Tour, Fred Again Fan Tees Poster"
https://i.etsystatic.com/site-assets/images/avatars/default_avatar.png?width=75,"on Jun 2, 2024",Sydney,https://www.etsy.com/people/z60qonoxt371hm2t?ref=shop_review,5 out of 5 stars,i absolutely LOVE this shirt!! super happy with the design and it even arrived in time for the s7 finale!! shopowner was so nice and even checked to make sure i had the shipping address right before shipping it! it’s a must have for any 9-1-1 fan! :),https://www.etsy.com/listing/1571629983/evan-buckley-retro-shirt-nine-eleven?ref=shop_review,https://i.etsystatic.com/5314887956/r/il/d7287b/5314887956/il_170x135.5314887956_oogy.jpg,"Evan Buckley Retro Shirt, Nine Eleven Shirt, Series Retro Shirt, Evan Buckley 90's Vintage Homage Shirt, Evan Buckley Gift for fan"
https://i.etsystatic.com/site-assets/images/avatars/default_avatar.png?width=75,"on Jun 2, 2024",Zachary,https://www.etsy.com/people/sz20q1kpoge065t2?ref=shop_review,5 out of 5 stars,OH WOW!! This item is literally beyond my expectations. The Ru-Veal when I open the package was astounding. The shipping was EXTREMELY quick. I couldn’t ask for a better product tRUly. 1 Bagillion out of 10 girl,https://www.etsy.com/listing/1534455639/anetra-retro-shirt-anetra-90s-vintage?ref=shop_review,https://i.etsystatic.com/5188212855/r/il/c83b27/5188212855/il_170x135.5188212855_cbgi.jpg,"Anetra Retro Shirt, Anetra 90's Vintage Homage Shirt, American Drag Queen, Drag Queen Season 15, Gift For Fan"
https://i.etsystatic.com/iusa/f93ebd/107062440/iusa_75x75.107062440_j2ow.jpg?version=0,"on Jun 1, 2024",Samantha,https://www.etsy.com/people/lgxh3pih?ref=shop_review,5 out of 5 stars,Love the shirt! Arrived exactly as described and shipping was fast.,https://www.etsy.com/listing/1571629983/evan-buckley-retro-shirt-nine-eleven?ref=shop_review,https://i.etsystatic.com/5314888042/r/il/512be9/5314888042/il_170x135.5314888042_7q6o.jpg,"Evan Buckley Retro Shirt, Nine Eleven Shirt, Series Retro Shirt, Evan Buckley 90's Vintage Homage Shirt, Evan Buckley Gift for fan"
https://i.etsystatic.com/site-assets/images/avatars/default_avatar.png?width=75,"on Jun 1, 2024",Hannah,https://www.etsy.com/people/wqsfcvk98btu7d0o?ref=shop_review,5 out of 5 stars,"""absolutely slayed"" -my friend who I bought this for as a gift",https://www.etsy.com/listing/1571629951/evan-buckley-retro-shirt-nine-eleven?ref=shop_review,https://i.etsystatic.com/5363061341/r/il/3ad73a/5363061341/il_170x135.5363061341_6ng9.jpg,"Evan Buckley Retro Shirt, Nine Eleven Shirt, Series Retro Shirt, Evan Buckley 90's Vintage Homage Shirt, Evan Buckley Gift for fan"
https://i.etsystatic.com/iusa/4a853d/90024876/iusa_75x75.90024876_amc9.jpg?version=0,"on Jun 1, 2024",Etsy buyer,https://www.etsy.com/people/7cwjcsz8?ref=shop_review,5 out of 5 stars,It looks better than I thought!!!,https://www.etsy.com/listing/1610683443/john-mulaney-retro-shirt-john-mulaney?ref=shop_review,https://i.etsystatic.com/5551423725/r/il/f0eef1/5551423725/il_170x135.5551423725_io9t.jpg,"John Mulaney Retro Shirt, John Mulaney Homage Shirt, John Mulaney Fan Shirt, John Mulaney Unisex Shirt, John Mulaney Stand Up Comedian Tee"
https://i.etsystatic.com/site-assets/images/avatars/default_avatar.png?width=75,"on Jun 1, 2024",Katherine,https://www.etsy.com/people/dhurfng0?ref=shop_review,5 out of 5 stars,"Love the shirt!! Got a custom order and the seller was super communicative, making sure the design was how I liked it before prossessing. It also shipped so much sooner than I expected. Going to buy a matching shirt for my friend!!",https://www.etsy.com/listing/1237255925/custom-order-vintage-shirt-up-to-you?ref=shop_review,https://i.etsystatic.com/3889504952/r/il/1908ec/3889504952/il_170x135.3889504952_muab.jpg,"Custom Order Vintage Shirt, Up to You Shirt, Insert Your Design, Personalized Shirt, Customized Shirt, Change Your Design Here Shirt"
https://i.etsystatic.com/iusa/bcbc3a/100008218/iusa_75x75.100008218_fat9.jpg?version=0,"on May 31, 2024",Victoria,https://www.etsy.com/people/bomjs54aokpv8b4p?ref=shop_review,5 out of 5 stars,"Good quality, arrived fast, and seller was great!",https://www.etsy.com/listing/1576904870/hans-gruber-retro-t-shirt-hans-gruber?ref=shop_review,https://i.etsystatic.com/5462004139/r/il/cd932a/5462004139/il_170x135.5462004139_t4z6.jpg,"HANS GRUBER Retro T-shirt - Hans Gruber Tee, Hans Gruber Long Sleeve Shirt, Hans Gruber Youth Tee, Kids Tee, Alan Rickman Fans Gift"
https://i.etsystatic.com/site-assets/images/avatars/default_avatar.png?width=75,"on Jun 2, 2024",ally,https://www.etsy.com/people/a436zg38brnjhp4c?ref=shop_review,5 out of 5 stars,,https://www.etsy.com/listing/1596533902/rob-lowe-shirt-rob-lowe-homage-t-shirt?ref=shop_review,https://i.etsystatic.com/5503383486/r/il/ee5693/5503383486/il_170x135.5503383486_rxb1.jpg,"ROB LOWE Shirt, Rob Lowe Homage T-Shirt, Robert Hepler Lowe American Actor Vintage Retro 90s Merch, The Outsiders Tribute Tees Fans Gift"
https://i.etsystatic.com/iusa/3eedbf/94856492/iusa_75x75.94856492_ogp2.jpg?version=0,"on Jun 1, 2024",Kaitlyn,https://www.etsy.com/people/giyozrr12hqxnv0b?ref=shop_review,5 out of 5 stars,,https://www.etsy.com/listing/1571629951/evan-buckley-retro-shirt-nine-eleven?ref=shop_review,https://i.etsystatic.com/5363061341/r/il/3ad73a/5363061341/il_170x135.5363061341_6ng9.jpg,"Evan Buckley Retro Shirt, Nine Eleven Shirt, Series Retro Shirt, Evan Buckley 90's Vintage Homage Shirt, Evan Buckley Gift for fan"
https://i.etsystatic.com/site-assets/images/avatars/default_avatar.png?width=75,"on May 27, 2024",savanna,https://www.etsy.com/people/fychelv9?ref=shop_review,5 out of 5 stars,Love it!!!! Came three days after I purchased it and the quality is 10/10. Definitely my go to now for my drag race apparel 😍😍😍,https://www.etsy.com/listing/1458991081/anetra-retro-shirt-anetra-90s-vintage?ref=shop_review,https://i.etsystatic.com/4807794614/r/il/56f51a/4807794614/il_170x135.4807794614_75vx.jpg,"Anetra Retro Shirt, Anetra 90's Vintage Homage Shirt, American Drag Queen, Drag Queen Season 15, Gift For Fan"
https://i.etsystatic.com/site-assets/images/avatars/default_avatar.png?width=75,"on May 26, 2024",Velma,https://www.etsy.com/people/3jikd54jdb288hco?ref=shop_review,5 out of 5 stars,great t shirt yes sir,https://www.etsy.com/listing/1698044907/leonardo-dicaprio-shirt-dicaprio-jack?ref=shop_review,https://i.etsystatic.com/5849339498/r/il/dad11c/5849339498/il_170x135.5849339498_9ktd.jpg,"LEONARDO DiCaprio Shirt, Dicaprio Jack Dawson Shirt, DiCaprio 1998 Titaniic, Candie Django Movie, Leonard Dicaprio TShirt, Wallstreet Shirt"
https://i.etsystatic.com/iusa/b72c7d/107262932/iusa_75x75.107262932_e6r7.jpg?version=0,"on May 26, 2024",Kaylee,https://www.etsy.com/people/kayleewatkins4?ref=shop_review,5 out of 5 stars,I got this gift for my best friend and she absolutely loved it! We were really impressed with the quality of the print and how fast it arrived!,https://www.etsy.com/listing/1541095605/jared-padalecki-vintage-shirt-jared?ref=shop_review,https://i.etsystatic.com/5171646698/r/il/b022f8/5171646698/il_170x135.5171646698_gn85.jpg,"JARED PADALECKI Vintage Shirt, Jared Padalecki Homage Retro, Jared Padalecki Tees, Jared Padalecki 90s Sweater, Jared Padalecki Merch Gift"
https://i.etsystatic.com/iusa/60f7fc/87374010/iusa_75x75.87374010_sxfu.jpg?version=0,"on May 26, 2024",Jenna,https://www.etsy.com/people/LadyoftheMustache?ref=shop_review,5 out of 5 stars,"Such a fun shirt, good quality",https://www.etsy.com/listing/1570160248/retro-fitzwilliam-darcy-shirt?ref=shop_review,https://i.etsystatic.com/5378968662/r/il/538e1a/5378968662/il_170x135.5378968662_hj0z.jpg,"Retro Fitzwilliam Darcy Shirt, Fitzwilliam Darcy Tees, Vintage Fitzwilliam Darcy T-shirt, Pride and Prejudice, Gift for fan"
https://i.etsystatic.com/site-assets/images/avatars/default_avatar.png?width=75,"on May 25, 2024",Radmila,https://www.etsy.com/people/pighb1660mohambe?ref=shop_review,5 out of 5 stars,"Beautiful shirt, I love it!",https://www.etsy.com/listing/1532214012/rock-hudson-vintage-shirt-rock-hudson?ref=shop_review,https://i.etsystatic.com/5196285804/r/il/fd075d/5196285804/il_170x135.5196285804_2552.jpg,"ROCK HUDSON Vintage Shirt, Rock Hudson Homage Retro, Rock Hudson Tees, Rock Hudson 90s Sweater, Rock Hudson Merch Gift Heavy Cotton Tee"
https://i.etsystatic.com/site-assets/images/avatars/default_avatar.png?width=75,"on May 25, 2024",Beth,https://www.etsy.com/people/4be1s3bxl9rfqb9y?ref=shop_review,5 out of 5 stars,My friend loved this gift!,https://www.etsy.com/listing/1561523787/elaine-benes-tshirt-elaine-benes-homage?ref=shop_review,https://i.etsystatic.com/5266695784/r/il/5f6d32/5266695784/il_170x135.5266695784_1uv2.jpg,"ELAINE BENES Tshirt - Elaine Benes Homage Shirt, Elaine Benes Memes, Elaine Benes Tribute, Elaine Benes Vintage Longsleeve, Youth, Kids Tee"
https://i.etsystatic.com/site-assets/images/avatars/default_avatar.png?width=75,"on May 24, 2024",Kyra,https://www.etsy.com/people/kyra91?ref=shop_review,5 out of 5 stars,"Fantastic shirt, I gifted it to my friend and they get compliments every time they wear it out! I mistakenly ordered the wrong size and the seller was quick to respond and fix it.",https://www.etsy.com/listing/1610700295/rina-sawayama-retro-t-shirt-rina?ref=shop_review,https://i.etsystatic.com/5551492881/r/il/4e3876/5551492881/il_170x135.5551492881_2wdj.jpg,"RINA SAWAYAMA Retro T-shirt - Rina Sawayama Tee, Rina Sawayama Long Sleeve Shirt, Rina Sawayama Youth Tee, Rina Sawayama Kids Tee"
https://i.etsystatic.com/site-assets/images/avatars/default_avatar.png?width=75,"on May 24, 2024",Stephanie,https://www.etsy.com/people/dcxw8j3h?ref=shop_review,5 out of 5 stars,so comfy and cute. item arrived really fast,https://www.etsy.com/listing/1571629983/evan-buckley-retro-shirt-nine-eleven?ref=shop_review,https://i.etsystatic.com/5314888042/r/il/512be9/5314888042/il_170x135.5314888042_7q6o.jpg,"Evan Buckley Retro Shirt, Nine Eleven Shirt, Series Retro Shirt, Evan Buckley 90's Vintage Homage Shirt, Evan Buckley Gift for fan"
https://i.etsystatic.com/site-assets/images/avatars/default_avatar.png?width=75,"on May 23, 2024",Emily,https://www.etsy.com/people/emilyyjeffries?ref=shop_review,5 out of 5 stars,perfect in every way #slayinpeacediana,https://www.etsy.com/listing/1192937070/princess-diana-retro-shirt-princess?ref=shop_review,https://i.etsystatic.com/3824318635/r/il/845fc0/3824318635/il_170x135.3824318635_r8u5.jpg,"Princess Diana Retro Shirt, Princess Diana Fan Shirt, Princess Diana Shirt, Princess Diana Unisex Shirt, Princess Diana Public Figure Tee"
https://i.etsystatic.com/site-assets/images/avatars/default_avatar.png?width=75,"on May 23, 2024",Victoria,https://www.etsy.com/people/2vmq8dzpnl8ncma6?ref=shop_review,5 out of 5 stars,my friend loved it so cute,https://www.etsy.com/listing/1507572876/ross-lynch-shirt-ross-lynch-r5-t-shirt?ref=shop_review,https://i.etsystatic.com/5130705015/r/il/14f3c1/5130705015/il_170x135.5130705015_lfed.jpg,"ROSS LYNCH Shirt, Ross Lynch R5 T-shirt, Ross Lynch Homage Shirt ,Ross Lynch Driver Era Shirt, Funny Ross Lynch Austin and Ally Shirt"
https://i.etsystatic.com/site-assets/images/avatars/default_avatar.png?width=75,"on May 16, 2024",Vicci,https://www.etsy.com/people/5gvmnkcfqv5th1vn?ref=shop_review,5 out of 5 stars,Amazing and one of my favorites shirts❤️,https://www.etsy.com/listing/1576904870/hans-gruber-retro-t-shirt-hans-gruber?ref=shop_review,https://i.etsystatic.com/5413870798/r/il/d2141b/5413870798/il_170x135.5413870798_6mnk.jpg,"HANS GRUBER Retro T-shirt - Hans Gruber Tee, Hans Gruber Long Sleeve Shirt, Hans Gruber Youth Tee, Kids Tee, Alan Rickman Fans Gift"
https://i.etsystatic.com/iusa/e69a1a/79720791/iusa_75x75.79720791_f4zx.jpg?version=0,"on May 16, 2024",Marissa,https://www.etsy.com/people/dvn7ofr4?ref=shop_review,5 out of 5 stars,Got this for my best friend’s birthday and it turned out amazing!,https://www.etsy.com/listing/1570160238/retro-fitzwilliam-darcy-shirt?ref=shop_review,https://i.etsystatic.com/5427133561/r/il/228f6a/5427133561/il_170x135.5427133561_mxb1.jpg,"Retro Fitzwilliam Darcy Shirt, Fitzwilliam Darcy Tees, Vintage Fitzwilliam Darcy T-shirt, Pride and Prejudice, Gift for fan"
https://i.etsystatic.com/site-assets/images/avatars/default_avatar.png?width=75,"on May 15, 2024",Maria,https://www.etsy.com/people/mariafloramelle?ref=shop_review,5 out of 5 stars,"I love this shirt! The seller was super communicative about what he needed to accomplish your vision, and once he got everything he needed, he made something wonderful! The quality of the shirt itself is 100% cotton, and it’s great. It’s a unisex fit, which I didn’t consider when I made my purchase so the shirt fit bigger than I wanted, but I’m sure with it being 100% cotton, it’ll shrink in the wash. Overall I’m satisfied!",https://www.etsy.com/listing/1237255925/custom-order-vintage-shirt-up-to-you?ref=shop_review,https://i.etsystatic.com/3889504952/r/il/1908ec/3889504952/il_170x135.3889504952_muab.jpg,"Custom Order Vintage Shirt, Up to You Shirt, Insert Your Design, Personalized Shirt, Customized Shirt, Change Your Design Here Shirt"
https://i.etsystatic.com/site-assets/images/avatars/default_avatar.png?width=75,"on May 12, 2024",jerry,https://www.etsy.com/people/7963r5oiet6fpz72?ref=shop_review,5 out of 5 stars,"Hailee Steinfeld is one of my favorite celebrities. Her songs were amazing, so I want to have a shirt with her on it.",https://www.etsy.com/listing/1225456232/hailee-steinfeld-homage-shirt-hailee?ref=shop_review,https://i.etsystatic.com/3897299382/r/il/acbecc/3897299382/il_170x135.3897299382_4n6n.jpg,"Hailee Steinfeld Homage Shirt, Hailee Steinfeld Shirt, Hailee Steinfeld Singer 90s Shirt, Hailee Steinfeld Tshirt, Hailee Steinfeld Fan Gift"
https://i.etsystatic.com/iusa/67a9a1/73065830/iusa_75x75.73065830_g4xe.jpg?version=0,"on May 11, 2024",Samantha,https://www.etsy.com/people/2dlgwguv?ref=shop_review,5 out of 5 stars,I love this shirt! I’ll be wearing it to see Theo live!,https://www.etsy.com/listing/1596586644/theo-von-vintage-shirt-comedian-theo-von?ref=shop_review,https://i.etsystatic.com/5551731781/r/il/0c0919/5551731781/il_170x135.5551731781_7sas.jpg,"THEO VON Vintage Shirt , Comedian Theo Von Homage Fan Tees, Theo Von Homage Retro, Theo Von Graphic Retro 90s, Theo Von Merch"
https://i.etsystatic.com/iusa/3f5dd9/112272395/iusa_75x75.112272395_3ger.jpg?version=0,"on May 10, 2024",Kelso,https://www.etsy.com/people/k5ju3fjs1g2qorlo?ref=shop_review,5 out of 5 stars,"Got here very quickly, love it.",https://www.etsy.com/listing/1507572910/jon-bernthal-shirt-jon-bernthal-homage-t?ref=shop_review,https://i.etsystatic.com/5130708751/r/il/a64753/5130708751/il_170x135.5130708751_ivrc.jpg,"JON BERNTHAL Shirt, Jon Bernthal Homage T-Shirt, Jonathan Edward Bernthal American Actor Vintage Retro 90s Merch, The Punisher Fans Gift"
https://i.etsystatic.com/iusa/564a55/43516726/iusa_75x75.43516726_12cx.jpg?version=0,"on May 10, 2024",Kirstie,https://www.etsy.com/people/kirstieplumley?ref=shop_review,5 out of 5 stars,"Super cute, looks great even after several washes. Love Mr. Darcy <3",https://www.etsy.com/listing/1570160248/retro-fitzwilliam-darcy-shirt?ref=shop_review,https://i.etsystatic.com/5378968662/r/il/538e1a/5378968662/il_170x135.5378968662_hj0z.jpg,"Retro Fitzwilliam Darcy Shirt, Fitzwilliam Darcy Tees, Vintage Fitzwilliam Darcy T-shirt, Pride and Prejudice, Gift for fan"
https://i.etsystatic.com/site-assets/images/avatars/default_avatar.png?width=75,"on May 9, 2024",Ziz,https://www.etsy.com/people/thrkfmno46pmq2b2?ref=shop_review,5 out of 5 stars,Exactly what I was hoping for! Super comfy too.,https://www.etsy.com/listing/1532213898/aaron-hotchner-shirt-vintage-90s-graphic?ref=shop_review,https://i.etsystatic.com/5314343077/r/il/d6a12d/5314343077/il_170x135.5314343077_ohd0.jpg,"Aaron Hotchner Shirt, Vintage 90s Graphic Tee Aaron Hotchner Sweatshirt, Aaron Hotchner Hoodie, 90s Vintage Graphic Tees, 90s Vintage Shirt"
https://i.etsystatic.com/site-assets/images/avatars/default_avatar.png?width=75,"on May 9, 2024",Etsy buyer,https://www.etsy.com/people/rebeccabradley123?ref=shop_review,5 out of 5 stars,Shirt as described. Fast shipping,https://www.etsy.com/listing/1654523012/sabrina-carpenter-retro-t-shirt-maya?ref=shop_review,https://i.etsystatic.com/5766945211/r/il/b3c8d9/5766945211/il_170x135.5766945211_nqfj.jpg,"Sabrina Carpenter Retro T-shirt - Maya hart Vintage Shirt, Sabrina Carpenter Homage Shirt, Sabrina Carpenter Fans Shirt, Maya hart Shirt"
https://i.etsystatic.com/site-assets/images/avatars/default_avatar.png?width=75,"on May 11, 2024",Lara,https://www.etsy.com/people/zda9uc3vvatv6g46?ref=shop_review,5 out of 5 stars,LOVE THE SHIRT AS MUCH AS FRED!,https://www.etsy.com/listing/1610683303/fred-again-fred-again-shirt-fred-again?ref=shop_review,https://i.etsystatic.com/5503305964/r/il/fcede1/5503305964/il_170x135.5503305964_btef.jpg,"Fred Again, Fred Again Shirt, Fred Again Tshirt, Fred Again Merch, Vintage Fred Again Clothing, Fred Again Tour, Fred Again Fan Tees Poster"
https://i.etsystatic.com/site-assets/images/avatars/default_avatar.png?width=75,"on May 2, 2024",June,https://www.etsy.com/people/mqo8lukjlcmsefi7?ref=shop_review,5 out of 5 stars,Beautiful! And just in time as I prepare for Jhene Aiko's concert.,https://www.etsy.com/listing/1496235443/jhene-aiko-efuru-chilombo-tees-vintage?ref=shop_review,https://i.etsystatic.com/4969255748/r/il/bda678/4969255748/il_170x135.4969255748_cye6.jpg,"Jhene Aiko Efuru Chilombo Tees, Vintage Tee Aiko, Vintage 90s Unisex T-Shirt rapper Retro Queen of RNB Jhene Aiko Chilombo, Kali Uchis"
https://i.etsystatic.com/site-assets/images/avatars/default_avatar.png?width=75,"on May 2, 2024",Etsy buyer,https://www.etsy.com/people/jacquelynhovey?ref=shop_review,5 out of 5 stars,Hilarious shirt and super well made,https://www.etsy.com/listing/1480109801/rod-kimble-retro-shirt-rod-kimble-shirt?ref=shop_review,https://i.etsystatic.com/4946123955/r/il/b50a8f/4946123955/il_170x135.4946123955_nye6.jpg,"Rod Kimble Retro Shirt, Rod Kimble Shirt, Stuntmant Retro Shirt, Rod Kimble 90's Vintage Homage Shirt, Daredevil, Comedy Character Tees"
https://i.etsystatic.com/site-assets/images/avatars/default_avatar.png?width=75,"on May 1, 2024",Nicole,https://www.etsy.com/people/ojt4pvc2bmiacqp0?ref=shop_review,5 out of 5 stars,Came on time and looks just as expected,https://www.etsy.com/listing/1541072335/aaron-hotchner-shirt-vintage-90s-graphic?ref=shop_review,https://i.etsystatic.com/5171562528/r/il/f8b5f8/5171562528/il_170x135.5171562528_9pok.jpg,"Aaron Hotchner Shirt, Vintage 90s Graphic Tee Aaron Hotchner Sweatshirt, Aaron Hotchner Hoodie, 90s Vintage Graphic Tees, 90s Vintage Shirt"
https://i.etsystatic.com/iusa/c34d72/114670667/iusa_75x75.114670667_m01g.jpg?version=0,"on Apr 30, 2024",lets.get.loco.tees,https://www.etsy.com/people/ixyaeychj3lad34s?ref=shop_review,5 out of 5 stars,my college roommate loved this shirt as a christmas present,https://www.etsy.com/listing/1654529380/dewey-shirt-dewey-homage-t-shirt-dewey?ref=shop_review,https://i.etsystatic.com/5725487208/r/il/1f1334/5725487208/il_170x135.5725487208_bfze.jpg,"DEWEY Shirt, Dewey Homage T-Shirt, Dewey Kenneth Wilkerson Malcolm In The Middle Character Vintage Merch, Erik Per Sullivan Tee Fan Gift"
https://i.etsystatic.com/site-assets/images/avatars/default_avatar.png?width=75,"on Apr 30, 2024",Mike,https://www.etsy.com/people/f2xqnjtfogmfke6r?ref=shop_review,5 out of 5 stars,Very good product. Would buy again!,https://www.etsy.com/listing/1547343874/elaine-benes-tshirt-elaine-benes-homage?ref=shop_review,https://i.etsystatic.com/5314883053/r/il/4413f6/5314883053/il_170x135.5314883053_4jcb.jpg,"ELAINE BENES Tshirt - Elaine Benes Homage Shirt, Elaine Benes Memes, Elaine Benes Tribute, Elaine Benes Vintage Longsleeve, Youth, Kids Tee"
https://i.etsystatic.com/site-assets/images/avatars/default_avatar.png?width=75,"on Apr 29, 2024",Dominique,https://www.etsy.com/people/b47v2qqu?ref=shop_review,5 out of 5 stars,As described and on time,https://www.etsy.com/listing/1507368347/norberto-beto-quintanilla-iracheta-shirt?ref=shop_review,https://i.etsystatic.com/5065251447/r/il/4fbb6f/5065251447/il_170x135.5065251447_a6c7.jpg,"Norberto ""Beto"" Quintanilla Iracheta Shirt, Vintage Corridos Music Artist Shirt, El Mero León del Corrido, Jesús María Shirt, Mexican singer"
https://i.etsystatic.com/iusa/286d72/102099836/iusa_75x75.102099836_9qre.jpg?version=0,"on Apr 29, 2024",Indi,https://www.etsy.com/people/ss2nrt6jb91rargo?ref=shop_review,5 out of 5 stars,"Arrived pretty quickly and looks exactly the same, the print is a bit stiff on the shirt but that’s to be expected!",https://www.etsy.com/listing/1387231731/ross-lynch-shirt-ross-shor-lynch-tees-r5?ref=shop_review,https://i.etsystatic.com/4541856741/r/il/44114a/4541856741/il_170x135.4541856741_b971.jpg,"ROSS LYNCH Shirt, Ross Shor Lynch Tees, R5 Lynch Pop Rock Band Tshirt, Sabrina Sweatshirt, Austin Lynch Sweatshirt, Riker Lynch, Lynch Tees"
https://i.etsystatic.com/site-assets/images/avatars/default_avatar.png?width=75,"on Apr 29, 2024",Meghan,https://www.etsy.com/people/krw6jbpfz7qk6cyi?ref=shop_review,4 out of 5 stars,Matched description and met expectations,https://www.etsy.com/listing/1654523012/sabrina-carpenter-retro-t-shirt-maya?ref=shop_review,https://i.etsystatic.com/5766945211/r/il/b3c8d9/5766945211/il_170x135.5766945211_nqfj.jpg,"Sabrina Carpenter Retro T-shirt - Maya hart Vintage Shirt, Sabrina Carpenter Homage Shirt, Sabrina Carpenter Fans Shirt, Maya hart Shirt"
https://i.etsystatic.com/iusa/1090a1/91869959/iusa_75x75.91869959_7dhu.jpg?version=0,"on Apr 28, 2024",Aliza,https://www.etsy.com/people/w9rykbfp5y0wxj1e?ref=shop_review,5 out of 5 stars,i love it sm! got it for her concert in july! just what i wanted,https://www.etsy.com/listing/1496235443/jhene-aiko-efuru-chilombo-tees-vintage?ref=shop_review,https://i.etsystatic.com/4969255748/r/il/bda678/4969255748/il_170x135.4969255748_cye6.jpg,"Jhene Aiko Efuru Chilombo Tees, Vintage Tee Aiko, Vintage 90s Unisex T-Shirt rapper Retro Queen of RNB Jhene Aiko Chilombo, Kali Uchis"
https://i.etsystatic.com/iusa/69ae92/88195540/iusa_75x75.88195540_qs1g.jpg?version=0,"on Apr 28, 2024",Zoe,https://www.etsy.com/people/zoexandra97?ref=shop_review,5 out of 5 stars,,https://www.etsy.com/listing/1480109775/stefani-germanotta-retro-shirt-stefani?ref=shop_review,https://i.etsystatic.com/4897852826/r/il/a6d294/4897852826/il_170x135.4897852826_4b0l.jpg,"Stefani Germanotta Retro Shirt, Gaga Shirt, Pop culture Retro Shirt, 90's Vintage Homage Shirt, Little Monster's Tee, Gift For Musician Fan"
https://i.etsystatic.com/iusa/7dc3bd/106400619/iusa_75x75.106400619_eg2r.jpg?version=0,"on Apr 25, 2024",Meredith,https://www.etsy.com/people/vdqpyaca?ref=shop_review,5 out of 5 stars,"Amazing quality and very cute! 
Shipping was insanely fast and I loved how seller reached out before it was sent to confirm my address was up to date. Definitely will be buying more shirts and recommending to friends.",https://www.etsy.com/listing/1654526688/john-summit-90s-t-shirt-john-summit?ref=shop_review,https://i.etsystatic.com/5718894976/r/il/7c6f9a/5718894976/il_170x135.5718894976_8s5q.jpg,"JOHN SUMMIT 90's T-shirt - John Summit Bootleg Tees, John Summit Fans Gifts, John Summit Vintage Retro Shirt, John Summit Fans Kids Tee"
https://i.etsystatic.com/iusa/af123d/63861414/iusa_75x75.63861414_hltp.jpg?version=0,"on Apr 24, 2024",Lauren,https://www.etsy.com/people/elleKtea?ref=shop_review,5 out of 5 stars,Looks & feels great! Fast shipping! Thanks!,https://www.etsy.com/listing/1576507968/dean-winchester-shirt-dean-winchester?ref=shop_review,https://i.etsystatic.com/5411840780/r/il/cbf089/5411840780/il_170x135.5411840780_dupj.jpg,"Dean Winchester Shirt , Dean Winchester Supernatural Shirt , Jensen Ackles Actor Retro Shirt, Supernatural Dean Winchester Shirt, Winchester"
https://i.etsystatic.com/site-assets/images/avatars/default_avatar.png?width=75,"on Apr 24, 2024",Brandon,https://www.etsy.com/people/wj8mdqfab4nkqxpx?ref=shop_review,5 out of 5 stars,"It Fits perfect, quality perfect",https://www.etsy.com/listing/1512725023/mina-twice-shirt-mina-fan-tees-mina?ref=shop_review,https://i.etsystatic.com/5041740640/r/il/700e9e/5041740640/il_170x135.5041740640_5i5q.jpg,"Mina Twice Shirt, Mina Fan Tees, Mina Twice Merch, Mina Vintage Shirt, Retro Mina Korean Girl Band Tour Tshirt, Mina Gift Poster Shirt"
https://i.etsystatic.com/iusa/6e414e/62191733/iusa_75x75.62191733_i5r3.jpg?version=0,"on Apr 23, 2024",Anabell,https://www.etsy.com/people/anabellportwood?ref=shop_review,5 out of 5 stars,"I love this shirt, it arrived quick!",https://www.etsy.com/listing/1480109801/rod-kimble-retro-shirt-rod-kimble-shirt?ref=shop_review,https://i.etsystatic.com/4946123955/r/il/b50a8f/4946123955/il_170x135.4946123955_nye6.jpg,"Rod Kimble Retro Shirt, Rod Kimble Shirt, Stuntmant Retro Shirt, Rod Kimble 90's Vintage Homage Shirt, Daredevil, Comedy Character Tees"
https://i.etsystatic.com/iusa/dfd6a2/83653108/iusa_75x75.83653108_45w9.jpg?version=0,"on Apr 23, 2024",Etsy buyer,https://www.etsy.com/people/jmagger?ref=shop_review,5 out of 5 stars,So cute I’m obsessed perfect for a pride and prejudice lover,https://www.etsy.com/listing/1570160248/retro-fitzwilliam-darcy-shirt?ref=shop_review,https://i.etsystatic.com/5378968668/r/il/ea1b71/5378968668/il_170x135.5378968668_3bld.jpg,"Retro Fitzwilliam Darcy Shirt, Fitzwilliam Darcy Tees, Vintage Fitzwilliam Darcy T-shirt, Pride and Prejudice, Gift for fan"
https://i.etsystatic.com/site-assets/images/avatars/default_avatar.png?width=75,"on Apr 22, 2024",Andrea,https://www.etsy.com/people/namqwjiv?ref=shop_review,5 out of 5 stars,Perfect shirt for my 9-1-1 bsf,https://www.etsy.com/listing/1571629983/evan-buckley-retro-shirt-nine-eleven?ref=shop_review,https://i.etsystatic.com/5314887956/r/il/d7287b/5314887956/il_170x135.5314887956_oogy.jpg,"Evan Buckley Retro Shirt, Nine Eleven Shirt, Series Retro Shirt, Evan Buckley 90's Vintage Homage Shirt, Evan Buckley Gift for fan"
https://i.etsystatic.com/site-assets/images/avatars/default_avatar.png?width=75,"on Apr 22, 2024",Katie,https://www.etsy.com/people/9lklmypt?ref=shop_review,5 out of 5 stars,Great service. Quick delivery. Expected it to be slightly bigger but not an issue.,https://www.etsy.com/listing/1610683303/fred-again-fred-again-shirt-fred-again?ref=shop_review,https://i.etsystatic.com/5503305964/r/il/fcede1/5503305964/il_170x135.5503305964_btef.jpg,"Fred Again, Fred Again Shirt, Fred Again Tshirt, Fred Again Merch, Vintage Fred Again Clothing, Fred Again Tour, Fred Again Fan Tees Poster"
https://i.etsystatic.com/iusa/9478eb/71875722/iusa_75x75.71875722_9txa.jpg?version=0,"on Apr 21, 2024",D,https://www.etsy.com/people/ghvt2vfi?ref=shop_review,4 out of 5 stars,"this item is dispatched through amazon so beware. all emails have amazon as the items carrier so if you want to avoid it then please beware. otherwise it’s a decent shirt, decent design and print",https://www.etsy.com/listing/1571518049/patrick-verona-shirt-heath-ledger-10?ref=shop_review,https://i.etsystatic.com/5362520651/r/il/119ca0/5362520651/il_170x135.5362520651_nql1.jpg,"PATRICK VERONA Shirt, Heath Ledger 10 Things I Hate About You Homage T-shirt, Funny Patrick Verona 10 Things, Hate About You Retro Shirt"
https://i.etsystatic.com/site-assets/images/avatars/default_avatar.png?width=75,"on Apr 18, 2024",Baylee,https://www.etsy.com/people/szvbeppo?ref=shop_review,5 out of 5 stars,My bestfriend loved this as a gift!!,https://www.etsy.com/listing/1561523787/elaine-benes-tshirt-elaine-benes-homage?ref=shop_review,https://i.etsystatic.com/5266695784/r/il/5f6d32/5266695784/il_170x135.5266695784_1uv2.jpg,"ELAINE BENES Tshirt - Elaine Benes Homage Shirt, Elaine Benes Memes, Elaine Benes Tribute, Elaine Benes Vintage Longsleeve, Youth, Kids Tee"
https://i.etsystatic.com/site-assets/images/avatars/default_avatar.png?width=75,"on Apr 20, 2024",Sergio,https://www.etsy.com/people/gz4jrfxuc1tl218x?ref=shop_review,5 out of 5 stars,,https://www.etsy.com/listing/1654526688/john-summit-90s-t-shirt-john-summit?ref=shop_review,https://i.etsystatic.com/5718894976/r/il/7c6f9a/5718894976/il_170x135.5718894976_8s5q.jpg,"JOHN SUMMIT 90's T-shirt - John Summit Bootleg Tees, John Summit Fans Gifts, John Summit Vintage Retro Shirt, John Summit Fans Kids Tee"
https://i.etsystatic.com/site-assets/images/avatars/default_avatar.png?width=75,"on Apr 14, 2024",Etsy buyer,https://www.etsy.com/people/abbeyxking?ref=shop_review,5 out of 5 stars,Met my expectations perfectly can’t wait to wear,https://www.etsy.com/listing/1507572876/ross-lynch-shirt-ross-lynch-r5-t-shirt?ref=shop_review,https://i.etsystatic.com/5130705019/r/il/582254/5130705019/il_170x135.5130705019_16gb.jpg,"ROSS LYNCH Shirt, Ross Lynch R5 T-shirt, Ross Lynch Homage Shirt ,Ross Lynch Driver Era Shirt, Funny Ross Lynch Austin and Ally Shirt"
https://i.etsystatic.com/site-assets/images/avatars/default_avatar.png?width=75,"on Apr 12, 2024",Andrew,https://www.etsy.com/people/andrewbouchahine?ref=shop_review,5 out of 5 stars,"Great quality, love the pink color!",https://www.etsy.com/listing/1465912738/sasha-colby-retro-shirt-sasha-colby-90s?ref=shop_review,https://i.etsystatic.com/4946123031/r/il/80df49/4946123031/il_170x135.4946123031_8wlh.jpg,"Sasha Colby Retro Shirt, Sasha Colby 90's Vintage Homage Shirt, Drag Queen Reality Show, Drag Queen Season 15, Gift For Fan"
https://i.etsystatic.com/site-assets/images/avatars/default_avatar.png?width=75,"on Apr 12, 2024",Abbie,https://www.etsy.com/people/0qdgfrubdbo02mz4?ref=shop_review,5 out of 5 stars,"I love this shirt, it’s great quality and matches the description perfectly",https://www.etsy.com/listing/1654526688/john-summit-90s-t-shirt-john-summit?ref=shop_review,https://i.etsystatic.com/5718894976/r/il/7c6f9a/5718894976/il_170x135.5718894976_8s5q.jpg,"JOHN SUMMIT 90's T-shirt - John Summit Bootleg Tees, John Summit Fans Gifts, John Summit Vintage Retro Shirt, John Summit Fans Kids Tee"
https://i.etsystatic.com/site-assets/images/avatars/default_avatar.png?width=75,"on Apr 11, 2024",Ellie,https://www.etsy.com/people/elliexhardy?ref=shop_review,5 out of 5 stars,"The shirt came out exactly as I asked and the customer service was great! They really ensured the customization came out exactly how I wanted and communicated well, showing mock-ups as needed.",https://www.etsy.com/listing/1237255925/custom-order-vintage-shirt-up-to-you?ref=shop_review,https://i.etsystatic.com/3889504952/r/il/1908ec/3889504952/il_170x135.3889504952_muab.jpg,"Custom Order Vintage Shirt, Up to You Shirt, Insert Your Design, Personalized Shirt, Customized Shirt, Change Your Design Here Shirt"
https://i.etsystatic.com/site-assets/images/avatars/default_avatar.png?width=75,"on Apr 11, 2024",Derek,https://www.etsy.com/people/1eq3uag7hcb63rla?ref=shop_review,5 out of 5 stars,Gifted this shirt and my friend loved it,https://www.etsy.com/listing/1561523787/elaine-benes-tshirt-elaine-benes-homage?ref=shop_review,https://i.etsystatic.com/5266695784/r/il/5f6d32/5266695784/il_170x135.5266695784_1uv2.jpg,"ELAINE BENES Tshirt - Elaine Benes Homage Shirt, Elaine Benes Memes, Elaine Benes Tribute, Elaine Benes Vintage Longsleeve, Youth, Kids Tee"
https://i.etsystatic.com/iusa/dea12f/52844547/iusa_75x75.52844547_2xhn.jpg?version=0,"on Apr 8, 2024",Jenae,https://www.etsy.com/people/jenaedearhamer1?ref=shop_review,5 out of 5 stars,Image quality is great and it fit as it should. Love it!,https://www.etsy.com/listing/1576507432/carl-gallagher-shirt-carl-gallagher?ref=shop_review,https://i.etsystatic.com/5459961275/r/il/0c91d1/5459961275/il_170x135.5459961275_2py5.jpg,"CARL GALLAGHER Shirt, Carl Gallagher Homage Shirt, Carl Gallagher Shameless Shirt, Carl Gallagher Funny T-Shirt, Carl Gallagher Merch"
https://i.etsystatic.com/iusa/2adf4e/78401595/iusa_75x75.78401595_c5mi.jpg?version=0,"on Apr 6, 2024",Phantom,https://www.etsy.com/people/iriknt1a?ref=shop_review,5 out of 5 stars,I love this shirt. The picture is clean and crisp and it has survived being washed without any cracking. It is one of those Gildan heavy cotton shirts.,https://www.etsy.com/listing/1576507968/dean-winchester-shirt-dean-winchester?ref=shop_review,https://i.etsystatic.com/5459973565/r/il/cf3f50/5459973565/il_170x135.5459973565_1zbi.jpg,"Dean Winchester Shirt , Dean Winchester Supernatural Shirt , Jensen Ackles Actor Retro Shirt, Supernatural Dean Winchester Shirt, Winchester"
https://i.etsystatic.com/site-assets/images/avatars/default_avatar.png?width=75,"on Apr 5, 2024",Angeline,https://www.etsy.com/people/8etm69nbgtwde2sw?ref=shop_review,5 out of 5 stars,"Good quality shirt, would buy again",https://www.etsy.com/listing/1496235443/jhene-aiko-efuru-chilombo-tees-vintage?ref=shop_review,https://i.etsystatic.com/4969255748/r/il/bda678/4969255748/il_170x135.4969255748_cye6.jpg,"Jhene Aiko Efuru Chilombo Tees, Vintage Tee Aiko, Vintage 90s Unisex T-Shirt rapper Retro Queen of RNB Jhene Aiko Chilombo, Kali Uchis"
https://i.etsystatic.com/site-assets/images/avatars/default_avatar.png?width=75,"on Mar 31, 2024",Mae,https://www.etsy.com/people/ukzrxhio?ref=shop_review,5 out of 5 stars,Will buy from here again 🖤,https://www.etsy.com/listing/1512770919/shane-mccutcheon-shirt-shane-mccutcheon?ref=shop_review,https://i.etsystatic.com/5041781306/r/il/0a15ab/5041781306/il_170x135.5041781306_80s2.jpg,"SHANE MCCUTCHEON Shirt, Shane McCutcheon Homage T-Shirt, Katherine Sian Moennig American Actress Vintage Retro Merch, The L Word Fan"
https://i.etsystatic.com/site-assets/images/avatars/default_avatar.png?width=75,"on Mar 31, 2024",Vanessa,https://www.etsy.com/people/rebelrebel27?ref=shop_review,5 out of 5 stars,Got this as a gift for a friend. They loved it!,https://www.etsy.com/listing/1480109775/stefani-germanotta-retro-shirt-stefani?ref=shop_review,https://i.etsystatic.com/4897853082/r/il/cfc59c/4897853082/il_170x135.4897853082_smiq.jpg,"Stefani Germanotta Retro Shirt, Gaga Shirt, Pop culture Retro Shirt, 90's Vintage Homage Shirt, Little Monster's Tee, Gift For Musician Fan"
https://i.etsystatic.com/site-assets/images/avatars/default_avatar.png?width=75,"on Mar 24, 2024",Steven,https://www.etsy.com/people/Boomcox?ref=shop_review,5 out of 5 stars,Exactly as pictured. My friend loved it.,https://www.etsy.com/listing/1402868565/bam-margera-vintage-shirt-bam-margera?ref=shop_review,https://i.etsystatic.com/4562542456/r/il/e34fe3/4562542456/il_170x135.4562542456_s8zg.jpg,"BAM MARGERA Vintage Shirt, Bam margera Homage Tshirt, Bam margera Fan Tees, Bam margera Retro 90s Sweater, Bam margera Merch Gift"
https://i.etsystatic.com/iusa/8b93db/116834219/iusa_75x75.116834219_9gvf.jpg?version=0,"on Mar 22, 2024",Isabel,https://www.etsy.com/people/pjz2tnecsn646c27?ref=shop_review,5 out of 5 stars,I love it so much!!,https://www.etsy.com/listing/1402868873/pedro-pascal-shirt-actor-pedro-pascal?ref=shop_review,https://i.etsystatic.com/4609930917/r/il/3d9ece/4609930917/il_170x135.4609930917_ad8p.jpg,"PEDRO PASCAL Shirt, Actor Pedro Pascal Shirt Retro 90s, Narco Pedro Pascal Fans Gift, Pedro Pascal Tribute Celebrity Shirt"
https://i.etsystatic.com/site-assets/images/avatars/default_avatar.png?width=75,"on Mar 21, 2024",Adam,https://www.etsy.com/people/7nw6tn7w?ref=shop_review,5 out of 5 stars,It is a good purchase,https://www.etsy.com/listing/1520274356/courtney-love-shirt-courtney-love-homage?ref=shop_review,https://i.etsystatic.com/5188219555/r/il/e3b38f/5188219555/il_170x135.5188219555_46nc.jpg,"COURTNEY LOVE Shirt, Courtney Love Homage T-Shirt, Courtney Michelle Love American Musician Vintage Bootleg Merch, Courtney Love Fan Gift"
https://i.etsystatic.com/site-assets/images/avatars/default_avatar.png?width=75,"on Mar 19, 2024",Monica,https://www.etsy.com/people/tm8dqbvu?ref=shop_review,5 out of 5 stars,Delighted with this shirt. As was the receiver!,https://www.etsy.com/listing/1410033365/barry-pepper-vintage-shirt-barry-pepper?ref=shop_review,https://i.etsystatic.com/4641265403/r/il/2b882c/4641265403/il_170x135.4641265403_5acw.jpg,"BARRY PEPPER Vintage Shirt, Barry Pepper Homage Tshirt, Barry Pepper Fan Tees, Barry Pepper Retro 90s Sweater, Barry Pepper Merch Gift"
https://i.etsystatic.com/iusa/f059e3/45254294/iusa_75x75.45254294_5oyk.jpg?version=0,"on Mar 16, 2024",Etsy buyer,https://www.etsy.com/people/winterwheat?ref=shop_review,5 out of 5 stars,It is exactly what I wanted!,https://www.etsy.com/listing/1654529380/dewey-shirt-dewey-homage-t-shirt-dewey?ref=shop_review,https://i.etsystatic.com/5718910224/r/il/9be803/5718910224/il_170x135.5718910224_h68h.jpg,"DEWEY Shirt, Dewey Homage T-Shirt, Dewey Kenneth Wilkerson Malcolm In The Middle Character Vintage Merch, Erik Per Sullivan Tee Fan Gift"
https://i.etsystatic.com/iusa/1894ff/95914175/iusa_75x75.95914175_mt6f.jpg?version=0,"on Mar 16, 2024",Jamie,https://www.etsy.com/people/jamiepaton4?ref=shop_review,5 out of 5 stars,Got this as a gift for my girlfriend and it was perfect. We're both obsessed with it!,https://www.etsy.com/listing/1520280224/sasha-colby-retro-shirt-sasha-colby-90s?ref=shop_review,https://i.etsystatic.com/5188266643/r/il/6b03fc/5188266643/il_170x135.5188266643_r12g.jpg,"Sasha Colby Retro Shirt, Sasha Colby 90's Vintage Homage Shirt, Drag Queen Reality Show, Drag Queen Season 15, Gift For Fan"
https://i.etsystatic.com/iusa/352ea0/111575478/iusa_75x75.111575478_9u1z.jpg?version=0,"on Mar 16, 2024",Chris,https://www.etsy.com/people/ttuohlp1td033ryt?ref=shop_review,5 out of 5 stars,even better then i thought!!,https://www.etsy.com/listing/1591089424/lindsay-lohan-shirt-lindsay-lohan-homage?ref=shop_review,https://i.etsystatic.com/5478753272/r/il/08a870/5478753272/il_170x135.5478753272_izro.jpg,"LINDSAY LOHAN Shirt, Lindsay Lohan Homage T-Shirt, Lindsay Dee Lohan American Actress Vintage Retro Bootleg Merch, Lindsay Lohan Fan Gift"
https://i.etsystatic.com/site-assets/images/avatars/default_avatar.png?width=75,"on Mar 23, 2024",Esther,https://www.etsy.com/people/75ixjpszg3ng11t1?ref=shop_review,2 out of 5 stars,Fit smaller than expected. Unable to wear.,https://www.etsy.com/listing/1570160284/jenna-ortega-shirt-jenna-ortega-homage-t?ref=shop_review,https://i.etsystatic.com/5378970322/r/il/9f252e/5378970322/il_170x135.5378970322_oo23.jpg,"JENNA ORTEGA Shirt, Jenna Ortega Homage T-Shirt, Jenna Marie Ortega Vintage Retro Bootleg Merch, Funny Jenna Ortega Wednesday Fans Gift"
https://i.etsystatic.com/site-assets/images/avatars/default_avatar.png?width=75,"on Mar 22, 2024",Payton,https://www.etsy.com/people/xuof0908si9237zw?ref=shop_review,5 out of 5 stars,,https://www.etsy.com/listing/1526913920/jeremy-allen-white-jeremy-allen-white?ref=shop_review,https://i.etsystatic.com/5219881975/r/il/ab9f2a/5219881975/il_170x135.5219881975_9der.jpg,"Jeremy Allen White, Jeremy Allen White Shirt, Jeremy Allen White Tshirt, Jeremy Allen White Film, Retro Jeremy Allen White Vintage Tees"
https://i.etsystatic.com/site-assets/images/avatars/default_avatar.png?width=75,"on Mar 17, 2024",Cally,https://www.etsy.com/people/a49694hf?ref=shop_review,5 out of 5 stars,,https://www.etsy.com/listing/1534455669/angelina-jolie-shirt-angelina-jolie?ref=shop_review,https://i.etsystatic.com/5188214241/r/il/bc4ddb/5188214241/il_170x135.5188214241_eo1w.jpg,"ANGELINA JOLIE Shirt, Angelina Jolie Homage Tshirt, Angelina Jolie Brad Pitt, American Actress Angelina Jolie Shirt, Jolie Film Tee Shirt"
https://i.etsystatic.com/site-assets/images/avatars/default_avatar.png?width=75,"on Mar 10, 2024",TM,https://www.etsy.com/people/ssoz1w5ymn4qoojl?ref=shop_review,5 out of 5 stars,I love my Jihyo shirt!,https://www.etsy.com/listing/1596516906/jihyo-twice-jihyo-shirt-momo-fan-tees?ref=shop_review,https://i.etsystatic.com/5503312684/r/il/d6fc32/5503312684/il_170x135.5503312684_7w91.jpg,"Jihyo Twice, Jihyo Shirt, Momo Fan Tees, Jihyo Twice Merch, Jihyo Vintage Shirt, Retro Jihyo Korean Singer Tour Tshirt, Jihyo Poster Shirt"
https://i.etsystatic.com/site-assets/images/avatars/default_avatar.png?width=75,"on Mar 10, 2024",TM,https://www.etsy.com/people/ssoz1w5ymn4qoojl?ref=shop_review,5 out of 5 stars,"Was a gift, he loved it!",https://www.etsy.com/listing/1576904916/jeongyeon-twice-jeongyeon-shirt?ref=shop_review,https://i.etsystatic.com/5413878394/r/il/cda75c/5413878394/il_170x135.5413878394_5sqc.jpg,"Jeongyeon Twice, Jeongyeon Shirt, Jeongyeon Fan Tees, Jeongyeon Twice Merch, Jeongyeon Vintage Tshirt, Retro Jeongyeon Korean Singer Tour"
https://i.etsystatic.com/site-assets/images/avatars/default_avatar.png?width=75,"on Mar 7, 2024",ashley,https://www.etsy.com/people/cgd3pdtk?ref=shop_review,5 out of 5 stars,Perfect! The design is so cute and the quality is amazing too!,https://www.etsy.com/listing/1534461527/tzuyu-twice-tzuyu-shirt-tzuyu-fan-tees?ref=shop_review,https://i.etsystatic.com/5140050398/r/il/8f79cd/5140050398/il_170x135.5140050398_kktt.jpg,"Tzuyu Twice, Tzuyu Shirt, Tzuyu Fan Tees, Tzuyu Twice Merch, Tzuyu Vintage Shirt, Retro Tzuyu Korean Singer Tshirt, Tzuyu Poster Shirt, Momo"
https://i.etsystatic.com/site-assets/images/avatars/default_avatar.png?width=75,"on Mar 6, 2024",Meredith,https://www.etsy.com/people/hkbdvwxd?ref=shop_review,5 out of 5 stars,"It was a gift, don't know",https://www.etsy.com/listing/1261354951/meghan-markle-retro-shirt-meghan-markle?ref=shop_review,https://i.etsystatic.com/4030416597/r/il/ca3a6c/4030416597/il_170x135.4030416597_cwhe.jpg,"Meghan Markle Retro Shirt, Meghan Markle Fan Shirt, Meghan Markle Shirt, Meghan Markle Unisex Shirt, Meghan Markle Public Figure Tee"
https://i.etsystatic.com/site-assets/images/avatars/default_avatar.png?width=75,"on Mar 6, 2024",Mooky's,https://www.etsy.com/people/jrrhfre3t49p1ftn?ref=shop_review,5 out of 5 stars,"So good! Print is great, even on a Gildan blank.",https://www.etsy.com/listing/1590668483/ansel-elgort-retro-t-shirt-ansel-elgort?ref=shop_review,https://i.etsystatic.com/5411800952/r/il/892bec/5411800952/il_170x135.5411800952_9abk.jpg,"ANSEL ELGORT Retro T-shirt - Ansel Elgort Vintage Tee, Ansel Elgort Long Sleeve Shirt, Ansel Elgort Youth Tee, Ansel Elgort Kids Tee"
https://i.etsystatic.com/site-assets/images/avatars/default_avatar.png?width=75,"on Mar 5, 2024",Brielle,https://www.etsy.com/people/bpc5tdf4?ref=shop_review,5 out of 5 stars,I mean it is Jason Statham so it’s amazing,https://www.etsy.com/listing/1507368413/jason-statham-vintage-shirt-jason?ref=shop_review,https://i.etsystatic.com/5065254537/r/il/5e2c39/5065254537/il_170x135.5065254537_dskh.jpg,"Jason Statham Vintage Shirt, Jason Statham Homage Tshirt, Jason Statham Fan Tees, Jason Statham Retro 90s Sweater, Jason Statham"
https://i.etsystatic.com/site-assets/images/avatars/default_avatar.png?width=75,"on Mar 5, 2024",Brielle,https://www.etsy.com/people/bpc5tdf4?ref=shop_review,5 out of 5 stars,My sister loved this as a gift,https://www.etsy.com/listing/1404302520/michael-keaton-vintage-shirt-michael?ref=shop_review,https://i.etsystatic.com/4680183781/r/il/78e44e/4680183781/il_170x135.4680183781_etjk.jpg,"Michael Keaton Vintage Shirt, Michael Keaton Homage Tshirt, Michael Keaton Fan Tees, Michael Keaton Retro 90s Sweater, Michael Keaton"
https://i.etsystatic.com/iusa/c65b28/95267797/iusa_75x75.95267797_c34e.jpg?version=0,"on Mar 2, 2024",Alex,https://www.etsy.com/people/38o1ggtf24hm6ai4?ref=shop_review,5 out of 5 stars,Excellent! Arrived super fast and my friend loved it 😊,https://www.etsy.com/listing/1526890628/dahyun-twice-vintage-shirt-twice-kim-da?ref=shop_review,https://i.etsystatic.com/5219807745/r/il/30357c/5219807745/il_170x135.5219807745_ffl6.jpg,"DAHYUN Twice Vintage Shirt, TWICE Kim Da-hyun hyun Homage Tshirt, Girl Band Dahyun Fan Tees, Dahyun Retro 90s Sweater, Dahyun Merch Gift"
https://i.etsystatic.com/iusa/169c19/92032178/iusa_75x75.92032178_hhe1.jpg?version=0,"on Mar 12, 2024",Olivia,https://www.etsy.com/people/oliviagrace1228?ref=shop_review,5 out of 5 stars,,https://www.etsy.com/listing/1654529546/bill-hader-vintage-shirt-bill-hader?ref=shop_review,https://i.etsystatic.com/5718915492/r/il/23bf7c/5718915492/il_170x135.5718915492_1zvz.jpg,"BILL HADER Vintage Shirt, Bill Hader Homage Tshirt, Bill Hader Fan Tees, Bill Hader Retro 90s Sweater, Bill Hader Merch Gift #TPC"
https://i.etsystatic.com/site-assets/images/avatars/default_avatar.png?width=75,"on Mar 6, 2024",Angel,https://www.etsy.com/people/y8vz4dbuptmaav2g?ref=shop_review,5 out of 5 stars,,https://www.etsy.com/listing/1498584702/the-green-goblin-vintage-shirt-the-green?ref=shop_review,https://i.etsystatic.com/5041786056/r/il/a2c24e/5041786056/il_170x135.5041786056_ptv9.jpg,"THE GREEN GOBLIN Vintage Shirt, The Green Goblin Homage Tshirt, The Green Goblin Fan Tees, The Green Goblin Retro, The Green Goblin Merch"
https://i.etsystatic.com/site-assets/images/avatars/default_avatar.png?width=75,"on Feb 23, 2024",Scott,https://www.etsy.com/people/huffman2160?ref=shop_review,5 out of 5 stars,Custom Shirt was printed/shipped/delivered in a timely manner and the design the seller created was great! 10/10 would order again!,https://www.etsy.com/listing/1237255925/custom-order-vintage-shirt-up-to-you?ref=shop_review,https://i.etsystatic.com/3889504952/r/il/1908ec/3889504952/il_170x135.3889504952_muab.jpg,"Custom Order Vintage Shirt, Up to You Shirt, Insert Your Design, Personalized Shirt, Customized Shirt, Change Your Design Here Shirt"
https://i.etsystatic.com/iusa/1cc3ec/108731795/iusa_75x75.108731795_9cqb.jpg?version=0,"on Feb 23, 2024",Dayton,https://www.etsy.com/people/y01uucg448qtck0u?ref=shop_review,5 out of 5 stars,I love this shirt! Recommend it for any fan who wants to wear it around.,https://www.etsy.com/listing/1546400233/nayeon-twice-nayeon-shirt-nayeon-fan?ref=shop_review,https://i.etsystatic.com/5196278066/r/il/b74ba6/5196278066/il_170x135.5196278066_3q1w.jpg,"Nayeon Twice, Nayeon Shirt, Nayeon Fan Tees, Nayeon Twice Merch, Nayeon Vintage Shirt, Retro Nayeon Korean Girl Singer Tour, Nayeon Poster"
https://i.etsystatic.com/site-assets/images/avatars/default_avatar.png?width=75,"on Feb 22, 2024",A,https://www.etsy.com/people/t9ntvq3c?ref=shop_review,5 out of 5 stars,I love it so much!,https://www.etsy.com/listing/1568100016/cillian-murphy-cillian-murphy-shirt?ref=shop_review,https://i.etsystatic.com/5416541261/r/il/ef3f51/5416541261/il_170x135.5416541261_52p9.jpg,"Cillian Murphy, Cillian Murphy Shirt, Cillian Murphy Tshirt, Cillian Murphy Poster, Cillian Murphy Movies Shirt, Retro Cillian Murphy Tees"
https://i.etsystatic.com/site-assets/images/avatars/default_avatar.png?width=75,"on Feb 22, 2024",Gio,https://www.etsy.com/people/yeinx9prz7wdn01k?ref=shop_review,4 out of 5 stars,Amazing shirt and true to size.,https://www.etsy.com/listing/1498584702/the-green-goblin-vintage-shirt-the-green?ref=shop_review,https://i.etsystatic.com/5041786056/r/il/a2c24e/5041786056/il_170x135.5041786056_ptv9.jpg,"THE GREEN GOBLIN Vintage Shirt, The Green Goblin Homage Tshirt, The Green Goblin Fan Tees, The Green Goblin Retro, The Green Goblin Merch"
https://i.etsystatic.com/iusa/75a199/94710197/iusa_75x75.94710197_dqur.jpg?version=0,"on Feb 21, 2024",Janelle,https://www.etsy.com/people/y7h6guxa?ref=shop_review,5 out of 5 stars,"Got this for my husband, he loves Elaine. Loved the shirt!",https://www.etsy.com/listing/1561523787/elaine-benes-tshirt-elaine-benes-homage?ref=shop_review,https://i.etsystatic.com/5266695784/r/il/5f6d32/5266695784/il_170x135.5266695784_1uv2.jpg,"ELAINE BENES Tshirt - Elaine Benes Homage Shirt, Elaine Benes Memes, Elaine Benes Tribute, Elaine Benes Vintage Longsleeve, Youth, Kids Tee"
https://i.etsystatic.com/site-assets/images/avatars/default_avatar.png?width=75,"on Feb 21, 2024",Jazmin,https://www.etsy.com/people/ah0hxcx1dxf6zz5i?ref=shop_review,5 out of 5 stars,"It’s perfect! Love it so much, good quality. I would recommend. Also shipped to me so fast!",https://www.etsy.com/listing/1576904916/jeongyeon-twice-jeongyeon-shirt?ref=shop_review,https://i.etsystatic.com/5413878394/r/il/cda75c/5413878394/il_170x135.5413878394_5sqc.jpg,"Jeongyeon Twice, Jeongyeon Shirt, Jeongyeon Fan Tees, Jeongyeon Twice Merch, Jeongyeon Vintage Tshirt, Retro Jeongyeon Korean Singer Tour"
https://i.etsystatic.com/site-assets/images/avatars/default_avatar.png?width=75,"on Feb 20, 2024",Amanda,https://www.etsy.com/people/uow33kon8a12q7h4?ref=shop_review,5 out of 5 stars,"AMAZING THE QUALITY EVERYTHING ABOUT IT IM IN LOVEEE ,FAST DELIVERY ALSO!!",https://www.etsy.com/listing/1532214044/tom-welling-shirt-tom-welling-american?ref=shop_review,https://i.etsystatic.com/5244513343/r/il/a5a03c/5244513343/il_170x135.5244513343_cirj.jpg,"TOM WELLING Shirt, Tom Welling American Actor T-shirt, Funny Tom Welling Bootleg Merch Fans Gift, Vintage Tom Welling Retro Homage Tees"
https://i.etsystatic.com/site-assets/images/avatars/default_avatar.png?width=75,"on Feb 20, 2024",olivia,https://www.etsy.com/people/hd448jj7igggvpu1?ref=shop_review,5 out of 5 stars,this is exactly what I was looking for! love that I got it discounted and it is such great quality. I’ve already washed it too and it washed well! so excited to wear it!!,https://www.etsy.com/listing/1541072335/aaron-hotchner-shirt-vintage-90s-graphic?ref=shop_review,https://i.etsystatic.com/5171562528/r/il/f8b5f8/5171562528/il_170x135.5171562528_9pok.jpg,"Aaron Hotchner Shirt, Vintage 90s Graphic Tee Aaron Hotchner Sweatshirt, Aaron Hotchner Hoodie, 90s Vintage Graphic Tees, 90s Vintage Shirt"
https://i.etsystatic.com/site-assets/images/avatars/default_avatar.png?width=75,"on Feb 23, 2024",charlotte,https://www.etsy.com/people/upkeyzwjab2ttk7p?ref=shop_review,3 out of 5 stars,yuh yeah mhm good sweet,https://www.etsy.com/listing/1507572876/ross-lynch-shirt-ross-lynch-r5-t-shirt?ref=shop_review,https://i.etsystatic.com/5130705015/r/il/14f3c1/5130705015/il_170x135.5130705015_lfed.jpg,"ROSS LYNCH Shirt, Ross Lynch R5 T-shirt, Ross Lynch Homage Shirt ,Ross Lynch Driver Era Shirt, Funny Ross Lynch Austin and Ally Shirt"
https://i.etsystatic.com/site-assets/images/avatars/default_avatar.png?width=75,"on Feb 23, 2024",Madilyn,https://www.etsy.com/people/madilyndianne?ref=shop_review,5 out of 5 stars,,https://www.etsy.com/listing/1541095643/jeremy-allen-white-jeremy-allen-white?ref=shop_review,https://i.etsystatic.com/5171649160/r/il/f9ee97/5171649160/il_170x135.5171649160_b00w.jpg,"Jeremy Allen White, Jeremy Allen White Shirt, Jeremy Allen White Tshirt, Jeremy Allen White Film, Retro Jeremy Allen White Vintage Tees"
https://i.etsystatic.com/site-assets/images/avatars/default_avatar.png?width=75,"on Feb 9, 2024",Kathleen,https://www.etsy.com/people/kathleenhash1?ref=shop_review,5 out of 5 stars,So cute love it so much!,https://www.etsy.com/listing/1589797489/winston-bishop-vintage-t-shirt-winston?ref=shop_review,https://i.etsystatic.com/5407202210/r/il/9f4d68/5407202210/il_170x135.5407202210_5khx.jpg,"WINSTON BISHOP Vintage T-shirt - Winston Bishop Bootleg Tees, Winston Bishop Fans Gifts, Winston Bishop Retro Shirt, Winston Bishop Kids Tee"
https://i.etsystatic.com/iusa/87e3c0/58637386/iusa_75x75.58637386_crq0.jpg?version=0,"on Feb 8, 2024",Sara,https://www.etsy.com/people/saramather600?ref=shop_review,5 out of 5 stars,"Great quality, the print is really well done and vibrant. Thanks!!",https://www.etsy.com/listing/1610677825/al-pacino-shirt-al-pacino-homage-t-shirt?ref=shop_review,https://i.etsystatic.com/5551396407/r/il/c45573/5551396407/il_170x135.5551396407_m40b.jpg,"AL PACINO Shirt, Al Pacino Homage T-Shirt, Al Pacino The Godfather Merch, Al Pacino Vintage Fans Gift, Al Pacino Michael Corleone Tees"
https://i.etsystatic.com/site-assets/images/avatars/default_avatar.png?width=75,"on Feb 7, 2024",Lindsay,https://www.etsy.com/people/s472j4ty?ref=shop_review,5 out of 5 stars,Arrived very fast and the print looks amazing. Very fun tee.,https://www.etsy.com/listing/1610683303/fred-again-fred-again-shirt-fred-again?ref=shop_review,https://i.etsystatic.com/5503305964/r/il/fcede1/5503305964/il_170x135.5503305964_btef.jpg,"Fred Again, Fred Again Shirt, Fred Again Tshirt, Fred Again Merch, Vintage Fred Again Clothing, Fred Again Tour, Fred Again Fan Tees Poster"
https://i.etsystatic.com/site-assets/images/avatars/default_avatar.png?width=75,"on Feb 7, 2024",Madison,https://www.etsy.com/people/fthufzoy?ref=shop_review,5 out of 5 stars,Looks just like the listing!,https://www.etsy.com/listing/1192937070/princess-diana-retro-shirt-princess?ref=shop_review,https://i.etsystatic.com/3824318635/r/il/845fc0/3824318635/il_170x135.3824318635_r8u5.jpg,"Princess Diana Retro Shirt, Princess Diana Fan Shirt, Princess Diana Shirt, Princess Diana Unisex Shirt, Princess Diana Public Figure Tee"
https://i.etsystatic.com/iusa/8a4408/105160550/iusa_75x75.105160550_pzgg.jpg?version=0,"on Feb 6, 2024",Erin,https://www.etsy.com/people/erinleahpeters1?ref=shop_review,5 out of 5 stars,Love it so much! Good quality,https://www.etsy.com/listing/1576498084/serena-van-woodsen-shirt-serena-celia?ref=shop_review,https://i.etsystatic.com/5459924573/r/il/dbd2db/5459924573/il_170x135.5459924573_7uku.jpg,"SERENA VAN WOODSEN Shirt, Serena Celia Van der Woodsen Homage T-Shirt, Blake Ellender Lively Vintage Blake Lively Serena Gossip Girl Shirt"
https://i.etsystatic.com/site-assets/images/avatars/default_avatar.png?width=75,"on Feb 5, 2024",Celeste,https://www.etsy.com/people/xicgpne3w9idvprk?ref=shop_review,5 out of 5 stars,Arrived quickly and was exactly as pictured.,https://www.etsy.com/listing/1546389925/momo-twice-momo-shirt-momo-fan-tees-momo?ref=shop_review,https://i.etsystatic.com/5196240018/r/il/39cdd7/5196240018/il_170x135.5196240018_edcp.jpg,"Momo Twice, Momo Shirt, Momo Fan Tees, Momo Twice Merch, Momo Vintage Shirt, Retro Momo Korean Girl Band Tour Tshirt, Momo Gift Poster Shirt"
https://i.etsystatic.com/iusa/af4522/61332009/iusa_75x75.61332009_iakf.jpg?version=0,"on Feb 4, 2024",Pamela,https://www.etsy.com/people/ij0s6bvf?ref=shop_review,5 out of 5 stars,Absolutely and perfectly awesome to wear !,https://www.etsy.com/listing/1546400349/ryan-gosling-vintage-shirt-ryan-gosling?ref=shop_review,https://i.etsystatic.com/5196286894/r/il/4de71d/5196286894/il_170x135.5196286894_89ie.jpg,"Ryan Gosling Vintage Shirt, Ryan Gosling Homage Tshirt, Ryan Gosling Fan Tees, Ryan Gosling Retro 90s Sweater, Ryan Gosling Merch Gift"
https://i.etsystatic.com/site-assets/images/avatars/default_avatar.png?width=75,"on Feb 4, 2024",Jonathan,https://www.etsy.com/people/txm0fwsl?ref=shop_review,5 out of 5 stars,Item came in great quality. Exactly as described. Fits great. Excited to wear this at the twice concert next month!,https://www.etsy.com/listing/1526890654/dahyun-twice-vintage-shirt-twice-kim-da?ref=shop_review,https://i.etsystatic.com/5171575496/r/il/2306af/5171575496/il_170x135.5171575496_n488.jpg,"DAHYUN Twice Vintage Shirt, TWICE Kim Da-hyun hyun Homage Tshirt, Girl Band Dahyun Fan Tees, Dahyun Retro 90s Sweater, Dahyun Merch Gift"
https://i.etsystatic.com/site-assets/images/avatars/default_avatar.png?width=75,"on Feb 3, 2024",Sherri,https://www.etsy.com/people/sherrita1?ref=shop_review,4 out of 5 stars,I love it very much!,https://www.etsy.com/listing/1395782094/rami-malek-vintage-shirt-rami-malek?ref=shop_review,https://i.etsystatic.com/4641087359/r/il/6672fd/4641087359/il_170x135.4641087359_6v1a.jpg,"RAMI MALEK Vintage Shirt, Rami Malek Homage Tshirt, Rami Malek Fan Tees, Rami Malek Retro 90s Sweater, Rami Malek Merch Gift"
https://i.etsystatic.com/site-assets/images/avatars/default_avatar.png?width=75,"on Feb 3, 2024",Hannah,https://www.etsy.com/people/tg5jqssu?ref=shop_review,5 out of 5 stars,Amazing! Got it for my friend for his birthday and he loved it?,https://www.etsy.com/listing/1570170974/nelly-furtado-shirt-nelly-kim-furtado?ref=shop_review,https://i.etsystatic.com/5379000860/r/il/d5f098/5379000860/il_170x135.5379000860_1wtw.jpg,"NELLY FURTADO Shirt, Nelly Kim Furtado Homage Tshirt, Nelly Furtado Fan Tees, Nelly Furtado Retro 90s Sweater, Nelly Furtado Merch Gift"
https://i.etsystatic.com/iusa/78c50f/86996609/iusa_75x75.86996609_s3hq.jpg?version=0,"on Jan 28, 2024",Sorcha,https://www.etsy.com/people/Kurohaane?ref=shop_review,5 out of 5 stars,"Absolutely perfect, looks exactly
like the picture! People recognise Jihyo every time I wear it",https://www.etsy.com/listing/1493186144/jihyo-twice-jihyo-shirt-momo-fan-tees?ref=shop_review,https://i.etsystatic.com/5017025492/r/il/df00e3/5017025492/il_170x135.5017025492_7c72.jpg,"Jihyo Twice, Jihyo Shirt, Momo Fan Tees, Jihyo Twice Merch, Jihyo Vintage Shirt, Retro Jihyo Korean Singer Tour Tshirt, Jihyo Poster Shirt"
https://i.etsystatic.com/iusa/78c50f/86996609/iusa_75x75.86996609_s3hq.jpg?version=0,"on Jan 28, 2024",Sorcha,https://www.etsy.com/people/Kurohaane?ref=shop_review,5 out of 5 stars,"Absolutely perfect, looks exactly
like the picture",https://www.etsy.com/listing/1570160248/retro-fitzwilliam-darcy-shirt?ref=shop_review,https://i.etsystatic.com/5378968662/r/il/538e1a/5378968662/il_170x135.5378968662_hj0z.jpg,"Retro Fitzwilliam Darcy Shirt, Fitzwilliam Darcy Tees, Vintage Fitzwilliam Darcy T-shirt, Pride and Prejudice, Gift for fan"
https://i.etsystatic.com/iusa/f2309b/70544169/iusa_75x75.70544169_fk11.jpg?version=0,"on Jan 28, 2024",Hayley,https://www.etsy.com/people/tmzgknrn?ref=shop_review,5 out of 5 stars,I LOVE this sweatshirt! It's so comfy and cute! I've gotten lots of compliments on the retro style.,https://www.etsy.com/listing/1313997423/raccoon-retro-sweatshirt-raccoon-homage?ref=shop_review,https://i.etsystatic.com/4249014481/r/il/73ab36/4249014481/il_170x135.4249014481_njsp.jpg,"Raccoon Retro Sweatshirt, Raccoon Homage Sweatshirt, Raccoon Sweatshirt, Raccoon Unisex Sweater, Raccoon Lovers Sweater, Raccoon Fan Sweater"
https://i.etsystatic.com/site-assets/images/avatars/default_avatar.png?width=75,"on Jan 28, 2024",Jenna,https://www.etsy.com/people/jennasanders165?ref=shop_review,5 out of 5 stars,Gave it to a friend who is OBSESSED with Princess Diana and she said she’s never taking it off!,https://www.etsy.com/listing/1212859497/princess-diana-retro-sweatshirt-princess?ref=shop_review,https://i.etsystatic.com/3799033146/r/il/d298c5/3799033146/il_170x135.3799033146_1kyw.jpg,"Princess Diana Retro Sweatshirt, Princess Diana Homage Sweatshirt, Princess Diana Sweatshirt, Princess Diana Unisex Sweatshirt, Princess"
https://i.etsystatic.com/site-assets/images/avatars/default_avatar.png?width=75,"on Jan 27, 2024",Mya,https://www.etsy.com/people/MinnesotaslimeGirls?ref=shop_review,5 out of 5 stars,Good gift my cousin loved it :),https://www.etsy.com/listing/1480109801/rod-kimble-retro-shirt-rod-kimble-shirt?ref=shop_review,https://i.etsystatic.com/4946123955/r/il/b50a8f/4946123955/il_170x135.4946123955_nye6.jpg,"Rod Kimble Retro Shirt, Rod Kimble Shirt, Stuntmant Retro Shirt, Rod Kimble 90's Vintage Homage Shirt, Daredevil, Comedy Character Tees"
https://i.etsystatic.com/site-assets/images/avatars/default_avatar.png?width=75,"on Jan 27, 2024",jillian,https://www.etsy.com/people/jillianfoster42?ref=shop_review,5 out of 5 stars,great quality and it was shipped fast!,https://www.etsy.com/listing/1458991463/marcia-marcia-marcia-retro-shirt-marcia?ref=shop_review,https://i.etsystatic.com/4807819146/r/il/c30fb7/4807819146/il_170x135.4807819146_f4e4.jpg,"Marcia! Marcia! Marcia! Retro Shirt, Marcia! Marcia! Marcia! Shirt, Marcia! Marcia! Marcia! 90's Vintage Homage Shirt, Comedy Tv Shirt"
https://i.etsystatic.com/iusa/90eabb/97966124/iusa_75x75.97966124_stvp.jpg?version=0,"on Jan 27, 2024",Mady,https://www.etsy.com/people/yabvdpns?ref=shop_review,4 out of 5 stars,"Item arrived on time, I had ordered a 2XL but received a 3XL but the sizing worked out in the end. Good quality and the shirt was definitely worth it!",https://www.etsy.com/listing/1492153423/hayden-christensen-retro-shirt-sci-fi?ref=shop_review,https://i.etsystatic.com/4950760960/r/il/abeb3f/4950760960/il_170x135.4950760960_21s9.jpg,"Hayden Christensen Retro Shirt, Sci-fi Movie, Anakin Skywalker 90s, Anakin Hoodies, Anakin Skywalker Gift, Padme Amidala, Vader"
https://i.etsystatic.com/site-assets/images/avatars/default_avatar.png?width=75,"on Jan 26, 2024",Shannon,https://www.etsy.com/people/ydkh9q29wray3cg6?ref=shop_review,5 out of 5 stars,"Very nice shirt. Very good quality. Printing is nice. P.S Wash inside out, so most of the print won't peel.
Late delivery due to snow storms, but we can't control that, so It's no problem and came as soon as possible! Love it!",https://www.etsy.com/listing/1520274386/jim-halpert-shirt-jim-halpert-retro?ref=shop_review,https://i.etsystatic.com/5140005676/r/il/599201/5140005676/il_170x135.5140005676_gcj4.jpg,"JIM HALPERT Shirt, Jim Halpert Retro Shirt, Vintage John Krasinski Homage Shirt, Jim Halpert Bootleg Tshirt, The Office Halpert Merch"
https://i.etsystatic.com/site-assets/images/avatars/default_avatar.png?width=75,"on Jan 26, 2024",Natasha,https://www.etsy.com/people/gramjwwq05dswwa4?ref=shop_review,5 out of 5 stars,Great quality and fast shipping!,https://www.etsy.com/listing/1534455743/jim-halpert-shirt-jim-halpert-retro?ref=shop_review,https://i.etsystatic.com/5140005258/r/il/2cf344/5140005258/il_170x135.5140005258_eckk.jpg,"JIM HALPERT Shirt, Jim Halpert Retro Shirt, Vintage John Krasinski Homage Shirt, Jim Halpert Bootleg Tshirt, The Office Halpert Merch"
https://i.etsystatic.com/iusa/4db83a/97425422/iusa_75x75.97425422_qj2x.jpg?version=0,"on Jan 25, 2024",maddie,https://www.etsy.com/people/tzhzi1tf?ref=shop_review,5 out of 5 stars,shirt came just as expected! love it,https://www.etsy.com/listing/1387231731/ross-lynch-shirt-ross-shor-lynch-tees-r5?ref=shop_review,https://i.etsystatic.com/4541856741/r/il/44114a/4541856741/il_170x135.4541856741_b971.jpg,"ROSS LYNCH Shirt, Ross Shor Lynch Tees, R5 Lynch Pop Rock Band Tshirt, Sabrina Sweatshirt, Austin Lynch Sweatshirt, Riker Lynch, Lynch Tees"
https://i.etsystatic.com/site-assets/images/avatars/default_avatar.png?width=75,"on Jan 20, 2024",Kalyn,https://www.etsy.com/people/xywxveeo96zagxqy?ref=shop_review,5 out of 5 stars,High quality print on the shirt. I love it! Fast shipping for Etsy. Stoked to wear this shirt !!,https://www.etsy.com/listing/1570160238/retro-fitzwilliam-darcy-shirt?ref=shop_review,https://i.etsystatic.com/5427133561/r/il/228f6a/5427133561/il_170x135.5427133561_mxb1.jpg,"Retro Fitzwilliam Darcy Shirt, Fitzwilliam Darcy Tees, Vintage Fitzwilliam Darcy T-shirt, Pride and Prejudice, Gift for fan"
https://i.etsystatic.com/iusa/057bbf/106790955/iusa_75x75.106790955_6dmu.jpg?version=0,"on Jan 19, 2024",Annika,https://www.etsy.com/people/nerdiestnerd?ref=shop_review,5 out of 5 stars,item matched the description! love it!,https://www.etsy.com/listing/1541072335/aaron-hotchner-shirt-vintage-90s-graphic?ref=shop_review,https://i.etsystatic.com/5171562528/r/il/f8b5f8/5171562528/il_170x135.5171562528_9pok.jpg,"Aaron Hotchner Shirt, Vintage 90s Graphic Tee Aaron Hotchner Sweatshirt, Aaron Hotchner Hoodie, 90s Vintage Graphic Tees, 90s Vintage Shirt"
https://i.etsystatic.com/iusa/d432c8/97169588/iusa_75x75.97169588_3rs3.jpg?version=0,"on Jan 18, 2024",Liv,https://www.etsy.com/people/rfcjnnge21nwhj70?ref=shop_review,5 out of 5 stars,"Really nice item, love it",https://www.etsy.com/listing/1412282576/david-harbour-vintage-shirt-david?ref=shop_review,https://i.etsystatic.com/4668188000/r/il/eb433e/4668188000/il_170x135.4668188000_et2h.jpg,"DAVID HARBOUR Vintage Shirt, David Harbour Rap 90s Hip-hop Style Shirt, David Harbour Fan Tees, David Retro 90s Sweater, Harbour Film Tee"
https://i.etsystatic.com/iusa/e09646/106605185/iusa_75x75.106605185_5byx.jpg?version=0,"on Jan 18, 2024",Mal,https://www.etsy.com/people/bilbosaggins?ref=shop_review,5 out of 5 stars,The shirt is great quality and has kept its color after a wash so far. It looks great and fits great,https://www.etsy.com/listing/1310516367/michael-myers-vintage-shirt-michael?ref=shop_review,https://i.etsystatic.com/4205689346/r/il/faabe5/4205689346/il_170x135.4205689346_a7vr.jpg,"MICHAEL MYERS Vintage Shirt, Michael Myers Homage Tshirt, Jason Voorhees T-Shirt, Friday the 13th Horror, Stranger Shirt, Halloween Shirt"
https://i.etsystatic.com/site-assets/images/avatars/default_avatar.png?width=75,"on Jan 17, 2024",Mandy,https://www.etsy.com/people/du917n2ompwzx9wd?ref=shop_review,5 out of 5 stars,Great item! My daughter loves it!,https://www.etsy.com/listing/1570160248/retro-fitzwilliam-darcy-shirt?ref=shop_review,https://i.etsystatic.com/5378968662/r/il/538e1a/5378968662/il_170x135.5378968662_hj0z.jpg,"Retro Fitzwilliam Darcy Shirt, Fitzwilliam Darcy Tees, Vintage Fitzwilliam Darcy T-shirt, Pride and Prejudice, Gift for fan"
https://i.etsystatic.com/iusa/138f16/89028804/iusa_75x75.89028804_rqv7.jpg?version=0,"on Jan 16, 2024",Jordyn,https://www.etsy.com/people/kzuqhp0d?ref=shop_review,5 out of 5 stars,"Love this tee, Trish is an icon ;) Got a large for comfort around the house. Ladies take note the logo sits a little lower on the chest like men’s fit.",https://www.etsy.com/listing/1546400389/trisha-paytas-trisha-paytas-shirt-trisha?ref=shop_review,https://i.etsystatic.com/5196288480/r/il/3a4cb3/5196288480/il_170x135.5196288480_p2nn.jpg,"Trisha Paytas, Trisha Paytas Shirt, Trisha Paytas Vintage Tshirt, Trisha Paytas Fan Tees, Trisha Paytas Youtuber Poster, Retro Trisha Paytas"
https://i.etsystatic.com/iusa/fb7fda/44082489/iusa_75x75.44082489_1fj2.jpg?version=0,"on Jan 21, 2024",Brittany,https://www.etsy.com/people/brittanjs?ref=shop_review,3 out of 5 stars,Shirt descriptions said “homage” shirts but it came as a much lower quality Gildan. I would’ve kept shopping g for a better quality item.,https://www.etsy.com/listing/1596586644/theo-von-vintage-shirt-comedian-theo-von?ref=shop_review,https://i.etsystatic.com/5503623172/r/il/d9cd13/5503623172/il_170x135.5503623172_geyz.jpg,"THEO VON Vintage Shirt , Comedian Theo Von Homage Fan Tees, Theo Von Homage Retro, Theo Von Graphic Retro 90s, Theo Von Merch"
https://i.etsystatic.com/iusa/fb7fda/44082489/iusa_75x75.44082489_1fj2.jpg?version=0,"on Jan 19, 2024",Brittany,https://www.etsy.com/people/brittanjs?ref=shop_review,3 out of 5 stars,A little disappointed that the item specifically lists the shirt as “homage” and it is not and the t shirt itself is a much lower quality fabric and fit.,https://www.etsy.com/listing/1571629983/evan-buckley-retro-shirt-nine-eleven?ref=shop_review,https://i.etsystatic.com/5314888200/r/il/2cfd31/5314888200/il_170x135.5314888200_bu24.jpg,"Evan Buckley Retro Shirt, Nine Eleven Shirt, Series Retro Shirt, Evan Buckley 90's Vintage Homage Shirt, Evan Buckley Gift for fan"
https://i.etsystatic.com/iusa/c63c69/78355849/iusa_75x75.78355849_9k0i.jpg?version=0,"on Jan 17, 2024",Nathan,https://www.etsy.com/people/nhin2qve?ref=shop_review,2 out of 5 stars,shirt is fine i guess but they wont do exchanges and will just send you a boilerplate response if you have any issues.,https://www.etsy.com/listing/1482043920/brian-cox-vintage-graphic-shirt-brian?ref=shop_review,https://i.etsystatic.com/4969255278/r/il/7859b6/4969255278/il_170x135.4969255278_gtip.jpg,"Brian Cox Vintage Graphic Shirt, Brian Cox Vintage Bootleg Tee, Gift For Women and Man Shirt, Brian Cox Vintage 90s Grapic Tee,Shakespearean"
https://i.etsystatic.com/site-assets/images/avatars/default_avatar.png?width=75,"on Jan 21, 2024",Jaydah,https://www.etsy.com/people/2ypql8kf?ref=shop_review,5 out of 5 stars,,https://www.etsy.com/listing/1402868873/pedro-pascal-shirt-actor-pedro-pascal?ref=shop_review,https://i.etsystatic.com/4609930917/r/il/3d9ece/4609930917/il_170x135.4609930917_ad8p.jpg,"PEDRO PASCAL Shirt, Actor Pedro Pascal Shirt Retro 90s, Narco Pedro Pascal Fans Gift, Pedro Pascal Tribute Celebrity Shirt"
https://i.etsystatic.com/iusa/62610d/90005212/iusa_75x75.90005212_ns7z.jpg?version=0,"on Jan 11, 2024",Kayla,https://www.etsy.com/people/kaylalaquiere1?ref=shop_review,5 out of 5 stars,Looks just like the picture and is super comfortable! Definitely a MUST for any Hot Rod fans! :),https://www.etsy.com/listing/1480109801/rod-kimble-retro-shirt-rod-kimble-shirt?ref=shop_review,https://i.etsystatic.com/4946123955/r/il/b50a8f/4946123955/il_170x135.4946123955_nye6.jpg,"Rod Kimble Retro Shirt, Rod Kimble Shirt, Stuntmant Retro Shirt, Rod Kimble 90's Vintage Homage Shirt, Daredevil, Comedy Character Tees"
https://i.etsystatic.com/iusa/0ea11a/88064521/iusa_75x75.88064521_ex1t.jpg?version=0,"on Jan 11, 2024",Elizabeth,https://www.etsy.com/people/eggbepoached?ref=shop_review,5 out of 5 stars,Had a few issues with the address being wrong but the seller was so nice and helpful 🫶 the shirt is so cool. Got it for my boyfriend and he’s obsessed,https://www.etsy.com/listing/1520274408/nayeon-twice-nayeon-shirt-nayeon-fan?ref=shop_review,https://i.etsystatic.com/5188225375/r/il/9d6684/5188225375/il_170x135.5188225375_67yr.jpg,"Nayeon Twice, Nayeon Shirt, Nayeon Fan Tees, Nayeon Twice Merch, Nayeon Vintage Shirt, Retro Nayeon Korean Girl Singer Tour, Nayeon Poster"
https://i.etsystatic.com/site-assets/images/avatars/default_avatar.png?width=75,"on Jan 11, 2024",Maddie,https://www.etsy.com/people/cmyp08judvte04po?ref=shop_review,5 out of 5 stars,high quality and shipped on time,https://www.etsy.com/listing/1444790376/franz-kafka-retro-shirt-metarmorphosis?ref=shop_review,https://i.etsystatic.com/4856075793/r/il/90d71f/4856075793/il_170x135.4856075793_pcg1.jpg,"Franz Kafka Retro Shirt, Metarmorphosis, Kafkaesque Shirt, Franz Kafka 90's Vintage Homage Shirt, Modernism"
https://i.etsystatic.com/site-assets/images/avatars/default_avatar.png?width=75,"on Jan 10, 2024",Etsy buyer,https://www.etsy.com/people/pceresia11?ref=shop_review,5 out of 5 stars,Perfection! Great quality shirt and design that fits well.,https://www.etsy.com/listing/1458991463/marcia-marcia-marcia-retro-shirt-marcia?ref=shop_review,https://i.etsystatic.com/4807819146/r/il/c30fb7/4807819146/il_170x135.4807819146_f4e4.jpg,"Marcia! Marcia! Marcia! Retro Shirt, Marcia! Marcia! Marcia! Shirt, Marcia! Marcia! Marcia! 90's Vintage Homage Shirt, Comedy Tv Shirt"
https://i.etsystatic.com/iusa/18ff9f/45511268/iusa_75x75.45511268_m017.jpg?version=0,"on Jan 9, 2024",Secondhand,https://www.etsy.com/people/annaccole?ref=shop_review,5 out of 5 stars,Love the shirt - thank you!,https://www.etsy.com/listing/1610700113/retro-luke-danes-vintage-shirt-luke?ref=shop_review,https://i.etsystatic.com/5503368652/r/il/25388f/5503368652/il_170x135.5503368652_320q.jpg,"Retro LUKE DANES Vintage Shirt, Luke Danes Homage Retro, Luke Danes Tees, Luke Danes 90s Sweater, Luke Danes Merch Gift"
https://i.etsystatic.com/site-assets/images/avatars/default_avatar.png?width=75,"on Jan 9, 2024",nova,https://www.etsy.com/people/novaburke?ref=shop_review,5 out of 5 stars,Quick shipping and great quality! My nephew loved it. 5'10 180 lbs XL,https://www.etsy.com/listing/1444790364/jaden-hossler-retro-shirt-jxdn-shirt?ref=shop_review,https://i.etsystatic.com/4856075037/r/il/d325e1/4856075037/il_170x135.4856075037_iulj.jpg,"Jaden Hossler Retro Shirt, Jxdn Shirt, Jxdn Sweathsirt, Jxdn Merch, Nessa Barett, Jaden Hossler, Jxdn Gift for fan"
https://i.etsystatic.com/iusa/5a9abc/91992972/iusa_75x75.91992972_f1v3.jpg?version=0,"on Jan 9, 2024",Makena,https://www.etsy.com/people/malisse923?ref=shop_review,5 out of 5 stars,best sleeping shirt. i love it!! makes a great present too :)),https://www.etsy.com/listing/1387231473/patrick-bateman-psycho-american-psychho?ref=shop_review,https://i.etsystatic.com/4494489872/r/il/d27c4a/4494489872/il_170x135.4494489872_jesk.jpg,"PATRICK BATEMAN Psycho, American Psychho Shirt, American Horror Film Tshirt, Paul Allen Psycho Fan Tees, American Psycho Retro 90s"
https://i.etsystatic.com/site-assets/images/avatars/default_avatar.png?width=75,"on Jan 8, 2024",Julianna,https://www.etsy.com/people/7tynkopegct9q988?ref=shop_review,5 out of 5 stars,Great quality sweatshirt with clear image on the front. My friend loved it.,https://www.etsy.com/listing/1234662889/king-hasbulla-retro-sweatshirt-king?ref=shop_review,https://i.etsystatic.com/3927627571/r/il/3c04da/3927627571/il_170x135.3927627571_3q7b.jpg,"King Hasbulla Retro Sweatshirt, King Hasbulla Homage Sweatshirt, Hasbulla Sweatshirt, King Hasbulla Funny Sweatshirt, King Hasbulla Meme"
https://i.etsystatic.com/iusa/76b463/82005692/iusa_75x75.82005692_r4cy.jpg?version=0,"on Jan 8, 2024",Etsy buyer,https://www.etsy.com/people/camersellis?ref=shop_review,5 out of 5 stars,"Responsive seller, quick shipping, exactly what I expected to receive.",https://www.etsy.com/listing/1576498084/serena-van-woodsen-shirt-serena-celia?ref=shop_review,https://i.etsystatic.com/5411792002/r/il/b490c0/5411792002/il_170x135.5411792002_63zp.jpg,"SERENA VAN WOODSEN Shirt, Serena Celia Van der Woodsen Homage T-Shirt, Blake Ellender Lively Vintage Blake Lively Serena Gossip Girl Shirt"
https://i.etsystatic.com/iusa/270ddc/110720802/iusa_75x75.110720802_dlrb.jpg?version=0,"on Jan 8, 2024",cassidy,https://www.etsy.com/people/x2kkdddomn62cm6n?ref=shop_review,5 out of 5 stars,"i’m obsessed with this shirt, it’s perfect for lounging around the house in and staring at buck 🥰🫶🏻",https://www.etsy.com/listing/1571629983/evan-buckley-retro-shirt-nine-eleven?ref=shop_review,https://i.etsystatic.com/5314887956/r/il/d7287b/5314887956/il_170x135.5314887956_oogy.jpg,"Evan Buckley Retro Shirt, Nine Eleven Shirt, Series Retro Shirt, Evan Buckley 90's Vintage Homage Shirt, Evan Buckley Gift for fan"
https://i.etsystatic.com/iusa/747a70/28565766/iusa_75x75.28565766_3iue.jpg?version=0,"on Jan 4, 2024",Michelle,https://www.etsy.com/people/Emma507?ref=shop_review,5 out of 5 stars,Perfectly weird shirt.  My sister loved it!!,https://www.etsy.com/listing/1198920310/raccoon-homage-shirt-raccoon-hip-hop?ref=shop_review,https://i.etsystatic.com/3799090884/r/il/825913/3799090884/il_170x135.3799090884_d4pg.jpg,"Raccoon Homage Shirt, Raccoon Hip Hop Style 90s Shirt, Raccoon Shirt, Raccoon Funny Gift For Him Her Tees, Cute Raccoon Tshirt"
https://i.etsystatic.com/iusa/75eb95/97157742/iusa_75x75.97157742_2oz3.jpg?version=0,"on Jan 4, 2024",Rae,https://www.etsy.com/people/d1gaxb79?ref=shop_review,5 out of 5 stars,"Bought as a birthday gift for my friend and she loved it, thanks !",https://www.etsy.com/listing/1498584650/peso-pluma-music-shirt-peso-pluma-merch?ref=shop_review,https://i.etsystatic.com/5041777388/r/il/8b40bf/5041777388/il_170x135.5041777388_hqi5.jpg,"Peso Pluma Music Shirt, Peso Pluma Merch Gift For Fan Sweatshirt, Peso Pluma World Tour 2023 Shirt, Peso Pluma Concerts Fan Tee"
https://i.etsystatic.com/site-assets/images/avatars/default_avatar.png?width=75,"on Jan 4, 2024",Alyssa,https://www.etsy.com/people/cawfrbnw?ref=shop_review,5 out of 5 stars,"Super quick shipping, the graphic is pretty clear. My boyfriend loved it and thought it was hilarious. The seller was quick and super helpful with double checking with my address and such.",https://www.etsy.com/listing/1186708670/jeff-wittek-vintage-retro-shirt-jeff?ref=shop_review,https://i.etsystatic.com/3800694865/r/il/6f227c/3800694865/il_170x135.3800694865_nfak.jpg,"Jeff Wittek Vintage Retro Shirt, Jeff Wittek Shirt, Jeff Wittek Mullet Haircut Shirt, Handsome Shirt, David Dobrik Shirt , Jeff Wittek Tee"
https://i.etsystatic.com/site-assets/images/avatars/default_avatar.png?width=75,"on Jan 4, 2024",Robin,https://www.etsy.com/people/olive810rr?ref=shop_review,5 out of 5 stars,Shipping was quick shirt was just as pictured!,https://www.etsy.com/listing/1576904890/jack-harlow-homage-shirt-rapper-hip-hop?ref=shop_review,https://i.etsystatic.com/5413873666/r/il/3e0085/5413873666/il_170x135.5413873666_3ykw.jpg,"Jack Harlow Homage Shirt, Rapper Hip Hop Style 90s Shirt, Industry Baby Shirt, Jack Harlow Gift For Him Her Tees, Jack Harlow Tshirt"
https://i.etsystatic.com/site-assets/images/avatars/default_avatar.png?width=75,"on Jan 3, 2024",emily,https://www.etsy.com/people/emilymcafee22?ref=shop_review,5 out of 5 stars,great gift for any fan girl,https://www.etsy.com/listing/1532214084/trisha-paytas-vintage-shirt-trisha?ref=shop_review,https://i.etsystatic.com/5244514721/r/il/dcaab3/5244514721/il_170x135.5244514721_c6ad.jpg,"Trisha Paytas, Trisha Paytas Shirt, Trisha Paytas Vintage Tshirt, Trisha Paytas Fan Tees, Trisha Paytas Youtuber Poster, Retro Trisha Paytas"
https://i.etsystatic.com/iusa/5499e3/66101538/iusa_75x75.66101538_lvm2.jpg?version=0,"on Jan 3, 2024",Melisa,https://www.etsy.com/people/melisafific?ref=shop_review,5 out of 5 stars,Overall really pleased with this shop!!,https://www.etsy.com/listing/1212859497/princess-diana-retro-sweatshirt-princess?ref=shop_review,https://i.etsystatic.com/3799033144/r/il/63d412/3799033144/il_170x135.3799033144_oq0g.jpg,"Princess Diana Retro Sweatshirt, Princess Diana Homage Sweatshirt, Princess Diana Sweatshirt, Princess Diana Unisex Sweatshirt, Princess"
https://i.etsystatic.com/site-assets/images/avatars/default_avatar.png?width=75,"on Jan 3, 2024",Benjamin,https://www.etsy.com/people/4ljraolhrmqpt7c9?ref=shop_review,5 out of 5 stars,Item shipped fast and was what I ordered,https://www.etsy.com/listing/1512770933/south-park-mexican-shirt-vintage-shirt?ref=shop_review,https://i.etsystatic.com/5041782550/r/il/7e57f9/5041782550/il_170x135.5041782550_l1ch.jpg,"SOUTH PARK MEXICAN Shirt, Vintage Shirt, Carlos Coy Shirt, Spm American Rapper Hip-hop Tshirt, Spm Retro 90s Shirt, Spm Songwriter Know Tees"
https://i.etsystatic.com/site-assets/images/avatars/default_avatar.png?width=75,"on Jan 3, 2024",ellie,https://www.etsy.com/people/2ye2ue3wppi170hj?ref=shop_review,4 out of 5 stars,"Shipping took a long time, but the shirt looks great!",https://www.etsy.com/listing/1575625764/sam-winchestr-vintage-t-shirt-sam?ref=shop_review,https://i.etsystatic.com/5455332319/r/il/8e4c21/5455332319/il_170x135.5455332319_v2vd.jpg,"SAM WINCHESTR Vintage T-shirt - Sam Winchestr Bootleg Tees, Sam Winchestr Fans Gifts, Sam Winchestr Retro Shirt, Sam Winchestr Kids Tee"
https://i.etsystatic.com/site-assets/images/avatars/default_avatar.png?width=75,"on Jan 2, 2024",Mini,https://www.etsy.com/people/ui0sshhx?ref=shop_review,4 out of 5 stars,I love my Lena Morgana shirt!!!,https://www.etsy.com/listing/1480109775/stefani-germanotta-retro-shirt-stefani?ref=shop_review,https://i.etsystatic.com/4897853082/r/il/cfc59c/4897853082/il_170x135.4897853082_smiq.jpg,"Stefani Germanotta Retro Shirt, Gaga Shirt, Pop culture Retro Shirt, 90's Vintage Homage Shirt, Little Monster's Tee, Gift For Musician Fan"
https://i.etsystatic.com/iusa/410e2f/97476122/iusa_75x75.97476122_wrgy.jpg?version=0,"on Jan 2, 2024",Jewels,https://www.etsy.com/people/hycvmbm3?ref=shop_review,5 out of 5 stars,"My friend loves Seth Rogen, and she absolutely loved the shirt. I took it out to see it before gifting it, as well, and the quality and graphics were great.",https://www.etsy.com/listing/1590668415/seth-rogen-vintage-shirt-seth-rogen?ref=shop_review,https://i.etsystatic.com/5411790226/r/il/19183a/5411790226/il_170x135.5411790226_48ot.jpg,"SETH ROGEN Vintage Shirt, Seth Rogen Homage Fan Tees, Seth Rogen Homage Retro, Seth Rogen Graphic Retro 90s, Seth Rogen Merch"
https://i.etsystatic.com/site-assets/images/avatars/default_avatar.png?width=75,"on Dec 28, 2023",Kimberly,https://www.etsy.com/people/ra6zcyfg0s1vb5ee?ref=shop_review,4 out of 5 stars,They sent the wrong shirt/size but quickly corrected it and in time for the holiday. My daughter loved it!,https://www.etsy.com/listing/1512712915/daniel-caesar-shirt-daniel-caesar?ref=shop_review,https://i.etsystatic.com/5089908805/r/il/7e9167/5089908805/il_170x135.5089908805_qq7o.jpg,"DANIEL CAESAR Shirt, Daniel Caesar Vintage Shirt, Daniel Caesar Bootleg Rap Shirt, Daniel Caesar Homage Shirt, Daniel Caesar Concert #tpc"
https://i.etsystatic.com/site-assets/images/avatars/default_avatar.png?width=75,"on Dec 28, 2023",Madelyn,https://www.etsy.com/people/i74pekxy7zut6m9o?ref=shop_review,4 out of 5 stars,"The picture was a little grainy, but otherwise it was perfect and my friend loved it!",https://www.etsy.com/listing/1546400349/ryan-gosling-vintage-shirt-ryan-gosling?ref=shop_review,https://i.etsystatic.com/5196286894/r/il/4de71d/5196286894/il_170x135.5196286894_89ie.jpg,"Ryan Gosling Vintage Shirt, Ryan Gosling Homage Tshirt, Ryan Gosling Fan Tees, Ryan Gosling Retro 90s Sweater, Ryan Gosling Merch Gift"
https://i.etsystatic.com/iusa/1df8e6/94352907/iusa_75x75.94352907_fnmr.jpg?version=0,"on Dec 28, 2023",hillary,https://www.etsy.com/people/hillaryreid33?ref=shop_review,5 out of 5 stars,Love it so much ❤️,https://www.etsy.com/listing/1426489867/scott-calvin-tim-allen-vintage-shirt?ref=shop_review,https://i.etsystatic.com/4716425111/r/il/13d08a/4716425111/il_170x135.4716425111_1fpb.jpg,"Scott Calvin, TIM ALLEN Vintage Shirt, Actor Tim Allen Homage Tshirt, Tim Allen Fan Tees, Tim Allen Retro 90s Sweater, Tim Allen Merch Gift"
https://i.etsystatic.com/site-assets/images/avatars/default_avatar.png?width=75,"on Dec 27, 2023",Gina,https://www.etsy.com/people/ginarga3?ref=shop_review,5 out of 5 stars,Seller was amazing to work with and got my item to me faster than expected. I was very impressed.,https://www.etsy.com/listing/1529301963/robert-barone-shirt-frank-everybody?ref=shop_review,https://i.etsystatic.com/5116515868/r/il/55d3e5/5116515868/il_170x135.5116515868_2ant.jpg,"ROBERT BARONE Shirt, Frank Everybody Loves Raymond Funny T-shirt, Everybody Loves Raymond Brad Garrett, Funny Raymond Ray Barone Tees"
https://i.etsystatic.com/iusa/55a73f/100417908/iusa_75x75.100417908_cno3.jpg?version=0,"on Dec 27, 2023",Audrey,https://www.etsy.com/people/bwiirkej?ref=shop_review,5 out of 5 stars,great shirt and quality material!,https://www.etsy.com/listing/1465912738/sasha-colby-retro-shirt-sasha-colby-90s?ref=shop_review,https://i.etsystatic.com/4897853176/r/il/598fb1/4897853176/il_170x135.4897853176_pno5.jpg,"Sasha Colby Retro Shirt, Sasha Colby 90's Vintage Homage Shirt, Drag Queen Reality Show, Drag Queen Season 15, Gift For Fan"
https://i.etsystatic.com/site-assets/images/avatars/default_avatar.png?width=75,"on Dec 26, 2023",Hareena,https://www.etsy.com/people/z0b4o734?ref=shop_review,5 out of 5 stars,great quality and quick shipping!,https://www.etsy.com/listing/1404302754/tom-jones-shirt-tom-jones-90s-shirt-tom?ref=shop_review,https://i.etsystatic.com/4680184099/r/il/3fc97c/4680184099/il_170x135.4680184099_76hj.jpg,"Tom Jones Shirt, Tom Jones 90's Shirt, Tom Jones Retro Vintage Shirt, Tom Jones Sweatshirt, Tom Jones 58th Shirt, Tom Jones Gift For Fan"
https://i.etsystatic.com/site-assets/images/avatars/default_avatar.png?width=75,"on Dec 26, 2023",Emily,https://www.etsy.com/people/EmilyCertain?ref=shop_review,5 out of 5 stars,Love it so much!! Great bestie shirts,https://www.etsy.com/listing/1480109801/rod-kimble-retro-shirt-rod-kimble-shirt?ref=shop_review,https://i.etsystatic.com/4946123955/r/il/b50a8f/4946123955/il_170x135.4946123955_nye6.jpg,"Rod Kimble Retro Shirt, Rod Kimble Shirt, Stuntmant Retro Shirt, Rod Kimble 90's Vintage Homage Shirt, Daredevil, Comedy Character Tees"
https://i.etsystatic.com/site-assets/images/avatars/default_avatar.png?width=75,"on Dec 26, 2023",Shawntina,https://www.etsy.com/people/phill465?ref=shop_review,5 out of 5 stars,Shirt is good quality and arrived quickly,https://www.etsy.com/listing/1377852104/bowen-and-matt-shirt-bowen-and-matt?ref=shop_review,https://i.etsystatic.com/4514867902/r/il/22af7e/4514867902/il_170x135.4514867902_b110.jpg,"Bowen and Matt Shirt, Bowen and matt Homage Tshirt, Bowen and matt Fan, Bowen and matt Retro 90s Sweater, Bowen & matt Merch Gift"
https://i.etsystatic.com/iusa/db30fa/100115628/iusa_75x75.100115628_oj7q.jpg?version=0,"on Dec 26, 2023",Macy,https://www.etsy.com/people/ibywj8c3jdlpq3em?ref=shop_review,5 out of 5 stars,"bought as a gift for my friend, she loved it!",https://www.etsy.com/listing/1610683325/hailee-steinfeld-homage-shirt-hailee?ref=shop_review,https://i.etsystatic.com/5503307186/r/il/eb2e97/5503307186/il_170x135.5503307186_7sqx.jpg,"Hailee Steinfeld Homage Shirt, Hailee Steinfeld Shirt, Hailee Steinfeld Singer 90s Shirt, Hailee Steinfeld Tshirt, Hailee Steinfeld Fan Gift"
https://i.etsystatic.com/iusa/cf42a4/34339391/iusa_75x75.34339391_ld9g.jpg?version=0,"on Dec 19, 2023",Mackenzie,https://www.etsy.com/people/mackenziekozak1?ref=shop_review,5 out of 5 stars,Super nice! Graphic was good quality,https://www.etsy.com/listing/1197914406/dave-grohl-homage-shirt-dave-grohl?ref=shop_review,https://i.etsystatic.com/3843014961/r/il/7ae56d/3843014961/il_170x135.3843014961_41m9.jpg,"Dave Grohl Homage Shirt, Dave Grohl Vintage Shirt, Dave Grohl Fan Shirt, Dave Grohl Gift For Him Her Tees, Dave Grohl Tee, Rock Band Shirt"
https://i.etsystatic.com/site-assets/images/avatars/default_avatar.png?width=75,"on Dec 19, 2023",Etsy buyer,https://www.etsy.com/people/eliottduckers?ref=shop_review,5 out of 5 stars,"Good quality, good service, speedy delivery",https://www.etsy.com/listing/1532203510/king-krule-king-krule-shirt-king-krule?ref=shop_review,https://i.etsystatic.com/5196232346/r/il/2c609b/5196232346/il_170x135.5196232346_17m6.jpg,"King Krule, King Krule Shirt, King Krule Fan Tee, King Krule Merch, Vintage King Krule Retro Shirt, King Krule Tour Merch, King Krule Poster"
https://i.etsystatic.com/iusa/faaea4/103929276/iusa_75x75.103929276_tf6c.jpg?version=0,"on Dec 19, 2023",Matt,https://www.etsy.com/people/wrc2xhm3urmk5tui?ref=shop_review,5 out of 5 stars,Love it. Came in a timely manner and quality is nice!,https://www.etsy.com/listing/1520274408/nayeon-twice-nayeon-shirt-nayeon-fan?ref=shop_review,https://i.etsystatic.com/5188225375/r/il/9d6684/5188225375/il_170x135.5188225375_67yr.jpg,"Nayeon Twice, Nayeon Shirt, Nayeon Fan Tees, Nayeon Twice Merch, Nayeon Vintage Shirt, Retro Nayeon Korean Girl Singer Tour, Nayeon Poster"
https://i.etsystatic.com/site-assets/images/avatars/default_avatar.png?width=75,"on Dec 18, 2023",Kelly,https://www.etsy.com/people/8do5ifvlmy1smer6?ref=shop_review,5 out of 5 stars,great response time and great quality,https://www.etsy.com/listing/1190784024/jack-nicholson-retro-shirt-jack?ref=shop_review,https://i.etsystatic.com/3816083687/r/il/2e20d4/3816083687/il_170x135.3816083687_ilm9.jpg,"Jack Nicholson Retro Shirt, Jack Nicholson Homage Shirt, Jack Nicholson Shirt,Jack Nicholson Unisex Shirt, Jack Nicholson Actor Comedian Tee"
https://i.etsystatic.com/iusa/59fcba/87289334/iusa_75x75.87289334_8tky.jpg?version=0,"on Dec 18, 2023",Carmella,https://www.etsy.com/people/wejuubn9?ref=shop_review,5 out of 5 stars,I’m obsessed. My bffs gonna love it. Thank you!!,https://www.etsy.com/listing/1192937070/princess-diana-retro-shirt-princess?ref=shop_review,https://i.etsystatic.com/3824318637/r/il/39482f/3824318637/il_170x135.3824318637_dn7s.jpg,"Princess Diana Retro Shirt, Princess Diana Fan Shirt, Princess Diana Shirt, Princess Diana Unisex Shirt, Princess Diana Public Figure Tee"
https://i.etsystatic.com/site-assets/images/avatars/default_avatar.png?width=75,"on Dec 18, 2023",Cody,https://www.etsy.com/people/hth7yl6jsqusrw4x?ref=shop_review,5 out of 5 stars,It’s a great shirt and arrived quickly,https://www.etsy.com/listing/1480109801/rod-kimble-retro-shirt-rod-kimble-shirt?ref=shop_review,https://i.etsystatic.com/4946123955/r/il/b50a8f/4946123955/il_170x135.4946123955_nye6.jpg,"Rod Kimble Retro Shirt, Rod Kimble Shirt, Stuntmant Retro Shirt, Rod Kimble 90's Vintage Homage Shirt, Daredevil, Comedy Character Tees"
https://i.etsystatic.com/site-assets/images/avatars/default_avatar.png?width=75,"on Dec 16, 2023",josie,https://www.etsy.com/people/ichelgxe?ref=shop_review,5 out of 5 stars,the seller was very communicative with shipping dates and the product arrived much sooner then i expected!! i highly recommend. the shirt came in great condition and will be a great christmas gift!!,https://www.etsy.com/listing/1204182645/pavement-vintage-t-shirt-pavement-shirt?ref=shop_review,https://i.etsystatic.com/3766322850/r/il/8096d5/3766322850/il_170x135.3766322850_muxq.jpg,"Pavement Vintage T-Shirt - Pavement Shirt, Pavement Band Shirt, Rock Music, Gift Music Lovers, Pavement Band Rock Merch, Pavement Merch"
https://i.etsystatic.com/iusa/5854f4/113841316/iusa_75x75.113841316_adzp.jpg?version=0,"on Dec 16, 2023",Katie,https://www.etsy.com/people/dl5tnt1h?ref=shop_review,5 out of 5 stars,"It's super fun to look at! Just love it. No problems, I would recommend it.",https://www.etsy.com/listing/1202447931/tobey-maguire-retro-shirt-tobey-maguire?ref=shop_review,https://i.etsystatic.com/3759910504/r/il/85fbcf/3759910504/il_170x135.3759910504_5suf.jpg,"Tobey Maguire Retro Shirt, Tobey Maguire Homage Shirt, Tobey Maguire Fan Shirt, Tobey Maguire Shirt, Tobey Maguire Funny Dance Shirt"
https://i.etsystatic.com/site-assets/images/avatars/default_avatar.png?width=75,"on Dec 15, 2023",Izzy,https://www.etsy.com/people/vhlj6pc7w06t42jn?ref=shop_review,5 out of 5 stars,HAHAHAHA OMG MY SISTER LOVEDDDD THIS SHIRT BUY IT RN,https://www.etsy.com/listing/1590678169/desmond-benjamin-vintage-shirt-homage?ref=shop_review,https://i.etsystatic.com/5459974765/r/il/802476/5459974765/il_170x135.5459974765_8wvb.jpg,"DESMOND BENJAMIN Vintage Shirt, Homage Tshirt, Desmond Benjamin Fan Tees, Desmond Benjamin Retro 90s Sweater, Desmond Benjamin Merch Gift"
https://i.etsystatic.com/site-assets/images/avatars/default_avatar.png?width=75,"on Dec 16, 2023",sydney,https://www.etsy.com/people/imjustsydney?ref=shop_review,3 out of 5 stars,Quality wasn’t the best but the gift itself is amazing!!,https://www.etsy.com/listing/1529304245/zachary-levi-shirt-zachary-levi-homage-t?ref=shop_review,https://i.etsystatic.com/5116556366/r/il/fe6d67/5116556366/il_170x135.5116556366_8w7q.jpg,"ZACHARY LEVI Shirt, Zachary Levi Homage T-Shirt, Zachary Levi Pugh American Actor Vintage Retro 90s Merch, Chuck Bartowski Tees Fans Gift"
https://i.etsystatic.com/iusa/30cb54/46854451/iusa_75x75.46854451_qgdz.jpg?version=0,"on Dec 13, 2023",Kari,https://www.etsy.com/people/barmorkd01?ref=shop_review,5 out of 5 stars,So cute! So excited to wear this!!!!! My love for Santa Clause meets a cute outfit!,https://www.etsy.com/listing/1426489867/scott-calvin-tim-allen-vintage-shirt?ref=shop_review,https://i.etsystatic.com/4716425111/r/il/13d08a/4716425111/il_170x135.4716425111_1fpb.jpg,"Scott Calvin, TIM ALLEN Vintage Shirt, Actor Tim Allen Homage Tshirt, Tim Allen Fan Tees, Tim Allen Retro 90s Sweater, Tim Allen Merch Gift"
https://i.etsystatic.com/site-assets/images/avatars/default_avatar.png?width=75,"on Dec 12, 2023",Carol,https://www.etsy.com/people/or8021jhg2p355pu?ref=shop_review,4 out of 5 stars,This was a gift and he loved it.,https://www.etsy.com/listing/1532214012/rock-hudson-vintage-shirt-rock-hudson?ref=shop_review,https://i.etsystatic.com/5196285802/r/il/05624e/5196285802/il_170x135.5196285802_gb92.jpg,"ROCK HUDSON Vintage Shirt, Rock Hudson Homage Retro, Rock Hudson Tees, Rock Hudson 90s Sweater, Rock Hudson Merch Gift Heavy Cotton Tee"
https://i.etsystatic.com/iusa/645718/56451495/iusa_75x75.56451495_2dxy.jpg?version=0,"on Dec 11, 2023",James,https://www.etsy.com/people/guernica117?ref=shop_review,5 out of 5 stars,"Exactly what I ordered, good quality, too.",https://www.etsy.com/listing/1541095485/haim-shirt-haim-fan-tee-haim-merch?ref=shop_review,https://i.etsystatic.com/5171641206/r/il/2eeafd/5171641206/il_170x135.5171641206_4bbp.jpg,"Haim Shirt , Haim Fan Tee , Haim Merch , Vintage Haim Retro Shirt , Haim Tour Merch , Haim Poster , Haim the Band Shirt"
https://i.etsystatic.com/site-assets/images/avatars/default_avatar.png?width=75,"on Dec 11, 2023",emily,https://www.etsy.com/people/emilythomasoconnor?ref=shop_review,5 out of 5 stars,High quality and arrived quickly!,https://www.etsy.com/listing/1233749118/pete-davidson-retro-sweatshirt-pete?ref=shop_review,https://i.etsystatic.com/3929206412/r/il/878285/3929206412/il_170x135.3929206412_i7bv.jpg,"Pete Davidson Retro Sweatshirt, Pete Davidson Homage Sweatshirt, Pete Davidson, Pete Davidson Unisex Sweatshirt, Pete Davidson Crewneck"
https://i.etsystatic.com/site-assets/images/avatars/default_avatar.png?width=75,"on Dec 11, 2023",Abby,https://www.etsy.com/people/z14uhaxp?ref=shop_review,5 out of 5 stars,My sister loved it! Quality was great :),https://www.etsy.com/listing/1532214044/tom-welling-shirt-tom-welling-american?ref=shop_review,https://i.etsystatic.com/5244513343/r/il/a5a03c/5244513343/il_170x135.5244513343_cirj.jpg,"TOM WELLING Shirt, Tom Welling American Actor T-shirt, Funny Tom Welling Bootleg Merch Fans Gift, Vintage Tom Welling Retro Homage Tees"
https://i.etsystatic.com/site-assets/images/avatars/default_avatar.png?width=75,"on Dec 11, 2023",Annabelle,https://www.etsy.com/people/annabelleferrer1?ref=shop_review,5 out of 5 stars,got this for my best friend i’m so excited to give it to her! definitely true to size (I ordered an XL for oversized it and it’s perfect!) amazing quality!,https://www.etsy.com/listing/1610683303/fred-again-fred-again-shirt-fred-again?ref=shop_review,https://i.etsystatic.com/5503305964/r/il/fcede1/5503305964/il_170x135.5503305964_btef.jpg,"Fred Again, Fred Again Shirt, Fred Again Tshirt, Fred Again Merch, Vintage Fred Again Clothing, Fred Again Tour, Fred Again Fan Tees Poster"
https://i.etsystatic.com/iusa/9c5970/34860669/iusa_75x75.34860669_50c7.jpg?version=0,"on Dec 11, 2023",Marissa,https://www.etsy.com/people/mwwoww?ref=shop_review,5 out of 5 stars,Came so fast ! Very high quality,https://www.etsy.com/listing/1534455639/anetra-retro-shirt-anetra-90s-vintage?ref=shop_review,https://i.etsystatic.com/5188212855/r/il/c83b27/5188212855/il_170x135.5188212855_cbgi.jpg,"Anetra Retro Shirt, Anetra 90's Vintage Homage Shirt, American Drag Queen, Drag Queen Season 15, Gift For Fan"
https://i.etsystatic.com/iusa/9c5970/34860669/iusa_75x75.34860669_50c7.jpg?version=0,"on Dec 11, 2023",Marissa,https://www.etsy.com/people/mwwoww?ref=shop_review,5 out of 5 stars,Great purchase and super fast shipping,https://www.etsy.com/listing/1458991081/anetra-retro-shirt-anetra-90s-vintage?ref=shop_review,https://i.etsystatic.com/4807794614/r/il/56f51a/4807794614/il_170x135.4807794614_75vx.jpg,"Anetra Retro Shirt, Anetra 90's Vintage Homage Shirt, American Drag Queen, Drag Queen Season 15, Gift For Fan"
https://i.etsystatic.com/site-assets/images/avatars/default_avatar.png?width=75,"on Dec 10, 2023",Mackenzie,https://www.etsy.com/people/bhdxma63?ref=shop_review,5 out of 5 stars,Amazing!! My friend is going to be so excited when she gets it.,,,
https://i.etsystatic.com/iusa/950b1b/96280532/iusa_75x75.96280532_hff5.jpg?version=0,"on Dec 10, 2023",Maleah,https://www.etsy.com/people/m0n4ivdifupl7ayj?ref=shop_review,5 out of 5 stars,the shirt is for my best friend for christmas and she is going to love it!,https://www.etsy.com/listing/1546400379/tom-welling-shirt-tom-welling-american?ref=shop_review,https://i.etsystatic.com/5196288228/r/il/822e24/5196288228/il_170x135.5196288228_hhb7.jpg,"TOM WELLING Shirt, Tom Welling American Actor T-shirt, Funny Tom Welling Bootleg Merch Fans Gift, Vintage Tom Welling Retro Homage Tees"
https://i.etsystatic.com/iusa/f86387/71234765/iusa_75x75.71234765_arjo.jpg?version=0,"on Dec 8, 2023",Beth,https://www.etsy.com/people/bbev79?ref=shop_review,5 out of 5 stars,Cannot wait to gift this!,https://www.etsy.com/listing/1197914406/dave-grohl-homage-shirt-dave-grohl?ref=shop_review,https://i.etsystatic.com/3843014961/r/il/7ae56d/3843014961/il_170x135.3843014961_41m9.jpg,"Dave Grohl Homage Shirt, Dave Grohl Vintage Shirt, Dave Grohl Fan Shirt, Dave Grohl Gift For Him Her Tees, Dave Grohl Tee, Rock Band Shirt"
https://i.etsystatic.com/iusa/416da8/63115728/iusa_75x75.63115728_k9wu.jpg?version=0,"on Dec 8, 2023",Anthony,https://www.etsy.com/people/anthonyberry670?ref=shop_review,5 out of 5 stars,Amazing 🤩 super fast and looks amazing,https://www.etsy.com/listing/1237255925/custom-order-vintage-shirt-up-to-you?ref=shop_review,https://i.etsystatic.com/3889504952/r/il/1908ec/3889504952/il_170x135.3889504952_muab.jpg,"Custom Order Vintage Shirt, Up to You Shirt, Insert Your Design, Personalized Shirt, Customized Shirt, Change Your Design Here Shirt"
https://i.etsystatic.com/site-assets/images/avatars/default_avatar.png?width=75,"on Dec 8, 2023",lauren,https://www.etsy.com/people/laurenc1018?ref=shop_review,5 out of 5 stars,great shirt love it a lot,https://www.etsy.com/listing/1377852104/bowen-and-matt-shirt-bowen-and-matt?ref=shop_review,https://i.etsystatic.com/4562247121/r/il/907f61/4562247121/il_170x135.4562247121_emir.jpg,"Bowen and Matt Shirt, Bowen and matt Homage Tshirt, Bowen and matt Fan, Bowen and matt Retro 90s Sweater, Bowen & matt Merch Gift"
https://i.etsystatic.com/iusa/faa62e/72222333/iusa_75x75.72222333_pyeh.jpg?version=0,"on Dec 8, 2023",Alister,https://www.etsy.com/people/alisternickley?ref=shop_review,5 out of 5 stars,Bought as a gift and my friend loved it,https://www.etsy.com/listing/1444790364/jaden-hossler-retro-shirt-jxdn-shirt?ref=shop_review,https://i.etsystatic.com/4856075037/r/il/d325e1/4856075037/il_170x135.4856075037_iulj.jpg,"Jaden Hossler Retro Shirt, Jxdn Shirt, Jxdn Sweathsirt, Jxdn Merch, Nessa Barett, Jaden Hossler, Jxdn Gift for fan"
https://i.etsystatic.com/iusa/11adcf/111184637/iusa_75x75.111184637_n836.jpg?version=0,"on Dec 8, 2023",Etsy buyer,https://www.etsy.com/people/aziator?ref=shop_review,5 out of 5 stars,"The item arrived so fast! The quality is to be expected, I have not washed it yet as it’s a gift for a friend but I do have a Gildan shirt with the same print that holds up perfectly. Thanks so much!",https://www.etsy.com/listing/1498584708/timothee-chalamet-shirt-timothee?ref=shop_review,https://i.etsystatic.com/5041786284/r/il/a5c862/5041786284/il_170x135.5041786284_iic3.jpg,"TIMOTHEE CHALAMET Shirt, Timothee Chalamet Retro 90s Tshirt, The king Homage Tees, Timothee Chalamet Dune Fan Gift, Wonka, Timothee Fan Tees"
https://i.etsystatic.com/iusa/df2541/92365731/iusa_75x75.92365731_qway.jpg?version=0,"on Dec 8, 2023",Gabriella,https://www.etsy.com/people/gawqaqym?ref=shop_review,5 out of 5 stars,Come on now need I say more it’s a Pedro pascal shirt it was going to be amazing regardless most definitely will buy again maybe in another style,https://www.etsy.com/listing/1546400273/pedro-pascal-shirt-actor-pedro-pascal?ref=shop_review,https://i.etsystatic.com/5244506887/r/il/f62797/5244506887/il_170x135.5244506887_jz7q.jpg,"PEDRO PASCAL Shirt, Actor Pedro Pascal Shirt Retro 90s, Narco Pedro Pascal Fans Gift, Pedro Pascal Tribute Celebrity Shirt"
https://i.etsystatic.com/iusa/a44ca7/55842441/iusa_75x75.55842441_m5pu.jpg?version=0,"on Dec 7, 2023",Vestin,https://www.etsy.com/people/vestinjanaban?ref=shop_review,5 out of 5 stars,Good quality and sizing is good,https://www.etsy.com/listing/1520274408/nayeon-twice-nayeon-shirt-nayeon-fan?ref=shop_review,https://i.etsystatic.com/5188225391/r/il/94e67f/5188225391/il_170x135.5188225391_93to.jpg,"Nayeon Twice, Nayeon Shirt, Nayeon Fan Tees, Nayeon Twice Merch, Nayeon Vintage Shirt, Retro Nayeon Korean Girl Singer Tour, Nayeon Poster"
https://i.etsystatic.com/iusa/aeda5d/69350443/iusa_75x75.69350443_1utg.jpg?version=0,"on Dec 7, 2023",Taylor,https://www.etsy.com/people/taylortompkins929?ref=shop_review,5 out of 5 stars,This is just what I was looking for!,https://www.etsy.com/listing/1561523787/elaine-benes-tshirt-elaine-benes-homage?ref=shop_review,https://i.etsystatic.com/5266695784/r/il/5f6d32/5266695784/il_170x135.5266695784_1uv2.jpg,"ELAINE BENES Tshirt - Elaine Benes Homage Shirt, Elaine Benes Memes, Elaine Benes Tribute, Elaine Benes Vintage Longsleeve, Youth, Kids Tee"
https://i.etsystatic.com/iusa/01a2ca/65277049/iusa_75x75.65277049_1nik.jpg?version=0,"on Dec 7, 2023",Etsy buyer,https://www.etsy.com/people/nsrm06?ref=shop_review,5 out of 5 stars,Great shirt as described and pictured,https://www.etsy.com/listing/1190784024/jack-nicholson-retro-shirt-jack?ref=shop_review,https://i.etsystatic.com/3816083687/r/il/2e20d4/3816083687/il_170x135.3816083687_ilm9.jpg,"Jack Nicholson Retro Shirt, Jack Nicholson Homage Shirt, Jack Nicholson Shirt,Jack Nicholson Unisex Shirt, Jack Nicholson Actor Comedian Tee"
https://i.etsystatic.com/site-assets/images/avatars/default_avatar.png?width=75,"on Dec 6, 2023",Nicole,https://www.etsy.com/people/gozmchnh?ref=shop_review,5 out of 5 stars,Perfect! It’s a gift for my friend,https://www.etsy.com/listing/1610683303/fred-again-fred-again-shirt-fred-again?ref=shop_review,https://i.etsystatic.com/5503305964/r/il/fcede1/5503305964/il_170x135.5503305964_btef.jpg,"Fred Again, Fred Again Shirt, Fred Again Tshirt, Fred Again Merch, Vintage Fred Again Clothing, Fred Again Tour, Fred Again Fan Tees Poster"
https://i.etsystatic.com/site-assets/images/avatars/default_avatar.png?width=75,"on Dec 4, 2023",Sandra,https://www.etsy.com/people/sandytown75?ref=shop_review,5 out of 5 stars,Great item and lot of different faces - happy with it!,https://www.etsy.com/listing/1584340617/harrison-ford-harrison-ford-shirt?ref=shop_review,https://i.etsystatic.com/5427134217/r/il/3bd8be/5427134217/il_170x135.5427134217_7tss.jpg,"Harrison Ford, Harrison Ford Shirt, Harrison Ford Merch, Harrison Ford Fan Tee, Harrison Ford Tour Merch, Vintage Harrison Ford Poster Movie"
https://i.etsystatic.com/iusa/1869a9/116353069/iusa_75x75.116353069_63un.jpg?version=0,"on Dec 4, 2023",Rachel,https://www.etsy.com/people/itsrachellittle?ref=shop_review,5 out of 5 stars,perfect christmas gift for my boyfriend ! he loves twice and the quality is very very good ! the picture is clear !,https://www.etsy.com/listing/1546400233/nayeon-twice-nayeon-shirt-nayeon-fan?ref=shop_review,https://i.etsystatic.com/5196278066/r/il/b74ba6/5196278066/il_170x135.5196278066_3q1w.jpg,"Nayeon Twice, Nayeon Shirt, Nayeon Fan Tees, Nayeon Twice Merch, Nayeon Vintage Shirt, Retro Nayeon Korean Girl Singer Tour, Nayeon Poster"
https://i.etsystatic.com/iusa/3aaae6/25793674/iusa_75x75.25793674_5nk0.jpg?version=0,"on Dec 3, 2023",Cordycourt,https://www.etsy.com/people/ccordes88?ref=shop_review,5 out of 5 stars,Perfect. Arrived as pictured. Thank you!,https://www.etsy.com/listing/1493186124/jason-statham-vintage-shirt-jason?ref=shop_review,https://i.etsystatic.com/5017024528/r/il/a8e526/5017024528/il_170x135.5017024528_m8j1.jpg,"Jason Statham Vintage Shirt, Jason Statham Homage Tshirt, Jason Statham Fan Tees, Jason Statham Retro 90s Sweater, Jason Statham"
https://i.etsystatic.com/iusa/58b350/95406697/iusa_75x75.95406697_7pgl.jpg?version=0,"on Dec 3, 2023",Stephany,https://www.etsy.com/people/stepfanny66?ref=shop_review,5 out of 5 stars,Bought as a gift… I know she’ll love it! Just as described.,https://www.etsy.com/listing/1576507450/chad-meeks-retro-t-shirt-chad-meeks-tee?ref=shop_review,https://i.etsystatic.com/5411830322/r/il/523cc9/5411830322/il_170x135.5411830322_b60c.jpg,"CHAD MEEKS Retro T-shirt - Chad Meeks Tee, Chad Meeks Long Sleeve Shirt, Chad Meeks Youth Tee, Chad Meeks Kids Tee"
https://i.etsystatic.com/site-assets/images/avatars/default_avatar.png?width=75,"on Dec 3, 2023",Hannah,https://www.etsy.com/people/tf4z6wunz0ywp0zd?ref=shop_review,5 out of 5 stars,GREAT! came earlier than expected and is great quality. Would recommend. Will be back to purchase more.,https://www.etsy.com/listing/1576904932/kate-middleton-shirt-kate-middleton?ref=shop_review,https://i.etsystatic.com/5413882180/r/il/db3a13/5413882180/il_170x135.5413882180_pc2a.jpg,"KATE MIDDLETON Shirt, Kate Middleton Homage T-Shirt, Catherine, Princess of Wales Vintage Retro 90s Merch, British Royal Family Fans Gift"
https://i.etsystatic.com/iusa/cc9261/103513589/iusa_75x75.103513589_8wwy.jpg?version=0,"on Dec 3, 2023",Sherlyn,https://www.etsy.com/people/qtjnzcr7cxaqqjff?ref=shop_review,5 out of 5 stars,Best gift for my boyfriend’s sister she loved it,https://www.etsy.com/listing/1496235443/jhene-aiko-efuru-chilombo-tees-vintage?ref=shop_review,https://i.etsystatic.com/4969255748/r/il/bda678/4969255748/il_170x135.4969255748_cye6.jpg,"Jhene Aiko Efuru Chilombo Tees, Vintage Tee Aiko, Vintage 90s Unisex T-Shirt rapper Retro Queen of RNB Jhene Aiko Chilombo, Kali Uchis"
https://i.etsystatic.com/iusa/a6f95d/112312683/iusa_75x75.112312683_m6ly.jpg?version=0,"on Dec 2, 2023",matt,https://www.etsy.com/people/nu6zxoqr?ref=shop_review,5 out of 5 stars,"I had issues with the item. Seller and I connected, and we reached a helpful agreement.",https://www.etsy.com/listing/1292414578/custom-order-vintage-sweatshirt-up-to?ref=shop_review,https://i.etsystatic.com/4168539298/r/il/255d3e/4168539298/il_170x135.4168539298_2uer.jpg,"Custom Order Vintage Sweatshirt, Up to You Sweatshirt, Insert Your Design, Personalized Shirt, Customized Sweatshirt, Change Your Design"
https://i.etsystatic.com/site-assets/images/avatars/default_avatar.png?width=75,"on Dec 2, 2023",Emily,https://www.etsy.com/people/ejmaccune?ref=shop_review,5 out of 5 stars,Great customer service! Ordered the wrong size and they fixed it without having to redo the order. Item is exactly what I wanted.,https://www.etsy.com/listing/1576904932/kate-middleton-shirt-kate-middleton?ref=shop_review,https://i.etsystatic.com/5462015491/r/il/c17869/5462015491/il_170x135.5462015491_2dlb.jpg,"KATE MIDDLETON Shirt, Kate Middleton Homage T-Shirt, Catherine, Princess of Wales Vintage Retro 90s Merch, British Royal Family Fans Gift"
https://i.etsystatic.com/site-assets/images/avatars/default_avatar.png?width=75,"on Dec 3, 2023",Chandler,https://www.etsy.com/people/chanb2?ref=shop_review,5 out of 5 stars,,https://www.etsy.com/listing/1211059235/king-hasbulla-retro-shirt-king-hasbulla?ref=shop_review,https://i.etsystatic.com/3839907275/r/il/154f19/3839907275/il_170x135.3839907275_bxzj.jpg,"King Hasbulla Retro Shirt, King Hasbulla Homage Shirt, Hasbulla Shirt, King Hasbulla Funny Shirt, Unisex Shirt, King Hasbulla Meme Tee"
https://i.etsystatic.com/iusa/795a37/43069027/iusa_75x75.43069027_f9mf.jpg?version=0,"on Dec 2, 2023",Etsy buyer,https://www.etsy.com/people/allyson2343?ref=shop_review,5 out of 5 stars,,https://www.etsy.com/listing/1480109775/stefani-germanotta-retro-shirt-stefani?ref=shop_review,https://i.etsystatic.com/4897853082/r/il/cfc59c/4897853082/il_170x135.4897853082_smiq.jpg,"Stefani Germanotta Retro Shirt, Gaga Shirt, Pop culture Retro Shirt, 90's Vintage Homage Shirt, Little Monster's Tee, Gift For Musician Fan"
https://i.etsystatic.com/site-assets/images/avatars/default_avatar.png?width=75,"on Nov 29, 2023",aubrey,https://www.etsy.com/people/sje95y66cum7wolb?ref=shop_review,5 out of 5 stars,The quality of the crewneck is really nice and the picture on it is also really good quality (it doesn’t peel and isn’t shiny),https://www.etsy.com/listing/1223188016/michael-b-jordan-retro-sweatshirt?ref=shop_review,https://i.etsystatic.com/3893613588/r/il/40c3a5/3893613588/il_170x135.3893613588_rtlb.jpg,"Michael B. Jordan Retro Sweatshirt, Michael B. Jordan Homage Sweatshirt, Michael B. Jordan Sweatshirt, Michael B. Jordan Unisex Sweatshirt"
https://i.etsystatic.com/iusa/a593c4/82213583/iusa_75x75.82213583_sfz5.jpg?version=0,"on Nov 28, 2023",Etsy buyer,https://www.etsy.com/people/megancclark?ref=shop_review,5 out of 5 stars,Such a good gift and quality!,https://www.etsy.com/listing/1532203630/melissa-mccarthy-melissa-mccarthy-shirt?ref=shop_review,https://i.etsystatic.com/5244464341/r/il/089599/5244464341/il_170x135.5244464341_nchy.jpg,"Melissa McCarthy, Melissa McCarthy Shirt, Melissa McCarthy Vintage Tshirt, Melissa McCarthy Fan Tees, Actress Melissa McCarthy Movies Poster"
https://i.etsystatic.com/iusa/4649ad/115728608/iusa_75x75.115728608_f2j6.jpg?version=0,"on Nov 27, 2023",E.,https://www.etsy.com/people/tvp0tayrppe8c7an?ref=shop_review,5 out of 5 stars,I got this for a friend. Image was a little smaller than I thought but she likes it! Funny :),https://www.etsy.com/listing/1541072335/aaron-hotchner-shirt-vintage-90s-graphic?ref=shop_review,https://i.etsystatic.com/5171562528/r/il/f8b5f8/5171562528/il_170x135.5171562528_9pok.jpg,"Aaron Hotchner Shirt, Vintage 90s Graphic Tee Aaron Hotchner Sweatshirt, Aaron Hotchner Hoodie, 90s Vintage Graphic Tees, 90s Vintage Shirt"
https://i.etsystatic.com/iusa/2de324/90726749/iusa_75x75.90726749_6z9o.jpg?version=0,"on Nov 27, 2023",Justin,https://www.etsy.com/people/parkerislegend?ref=shop_review,5 out of 5 stars,Great turnaround and great condition! Thank you,https://www.etsy.com/listing/1320841378/steve-harvey-shirt-steve-hightower?ref=shop_review,https://i.etsystatic.com/4294976022/r/il/b7ee22/4294976022/il_170x135.4294976022_r02a.jpg,"STEVE HARVEY Shirt, Steve Hightower Vintage Shirt, Steve Harvey Homage Tshirt, Steve Harvey Fan Tees, Harvey Retro 90s Sweater, Harvey Gift"
https://i.etsystatic.com/iusa/83bd29/90419131/iusa_75x75.90419131_5uke.jpg?version=0,"on Nov 26, 2023",Elsie,https://www.etsy.com/people/glzlkwwi?ref=shop_review,5 out of 5 stars,Good time on shipping and good quality on the shirt,https://www.etsy.com/listing/1198920310/raccoon-homage-shirt-raccoon-hip-hop?ref=shop_review,https://i.etsystatic.com/3799090884/r/il/825913/3799090884/il_170x135.3799090884_d4pg.jpg,"Raccoon Homage Shirt, Raccoon Hip Hop Style 90s Shirt, Raccoon Shirt, Raccoon Funny Gift For Him Her Tees, Cute Raccoon Tshirt"
https://i.etsystatic.com/iusa/eb4e63/108513702/iusa_75x75.108513702_px5d.jpg?version=0,"on Nov 26, 2023",Andie,https://www.etsy.com/people/andreariganti?ref=shop_review,5 out of 5 stars,"Great shirt, screen print held up through the washer & dryer, excited to wear this holiday season",https://www.etsy.com/listing/1426489867/scott-calvin-tim-allen-vintage-shirt?ref=shop_review,https://i.etsystatic.com/4716425111/r/il/13d08a/4716425111/il_170x135.4716425111_1fpb.jpg,"Scott Calvin, TIM ALLEN Vintage Shirt, Actor Tim Allen Homage Tshirt, Tim Allen Fan Tees, Tim Allen Retro 90s Sweater, Tim Allen Merch Gift"
https://i.etsystatic.com/iusa/599370/66812825/iusa_75x75.66812825_2m3a.jpg?version=0,"on Nov 26, 2023",Carmen,https://www.etsy.com/people/ImanZaineb?ref=shop_review,5 out of 5 stars,"I love my shirt. I will include a picture at Tom’s next concert! 
Thank you!",https://www.etsy.com/listing/1404302754/tom-jones-shirt-tom-jones-90s-shirt-tom?ref=shop_review,https://i.etsystatic.com/4680184099/r/il/3fc97c/4680184099/il_170x135.4680184099_76hj.jpg,"Tom Jones Shirt, Tom Jones 90's Shirt, Tom Jones Retro Vintage Shirt, Tom Jones Sweatshirt, Tom Jones 58th Shirt, Tom Jones Gift For Fan"
https://i.etsystatic.com/site-assets/images/avatars/default_avatar.png?width=75,"on Nov 26, 2023",Chloe,https://www.etsy.com/people/99upp9utb8us613k?ref=shop_review,5 out of 5 stars,This is the best gift for anyone who loves Jeremy Allen White,https://www.etsy.com/listing/1541095643/jeremy-allen-white-jeremy-allen-white?ref=shop_review,https://i.etsystatic.com/5219883013/r/il/23af31/5219883013/il_170x135.5219883013_7yvu.jpg,"Jeremy Allen White, Jeremy Allen White Shirt, Jeremy Allen White Tshirt, Jeremy Allen White Film, Retro Jeremy Allen White Vintage Tees"
https://i.etsystatic.com/site-assets/images/avatars/default_avatar.png?width=75,"on Nov 24, 2023",Tiffany,https://www.etsy.com/people/roeo1ia6145elqk5?ref=shop_review,4 out of 5 stars,My grandma will love it! Shipping was fast.,https://www.etsy.com/listing/1520274642/horatio-caine-shirt-horatio-csi-miami-t?ref=shop_review,https://i.etsystatic.com/5140004780/r/il/ee257a/5140004780/il_170x135.5140004780_b25p.jpg,"HORATIO CAINE Shirt, Horatio csi Miami T-shirt, Horatio Caine Vintage Merch Retro 90s, Horatio Caine CSI Fans Gift, Horatio Homage Shirt"
https://i.etsystatic.com/iusa/f6eab6/111078582/iusa_75x75.111078582_bzal.jpg?version=0,"on Nov 24, 2023",kay,https://www.etsy.com/people/odvpncml?ref=shop_review,5 out of 5 stars,swag shirt the print is vibrant snd good quality,https://www.etsy.com/listing/1198920310/raccoon-homage-shirt-raccoon-hip-hop?ref=shop_review,https://i.etsystatic.com/3799090884/r/il/825913/3799090884/il_170x135.3799090884_d4pg.jpg,"Raccoon Homage Shirt, Raccoon Hip Hop Style 90s Shirt, Raccoon Shirt, Raccoon Funny Gift For Him Her Tees, Cute Raccoon Tshirt"
https://i.etsystatic.com/iusa/a89e49/100122714/iusa_75x75.100122714_s5ws.jpg?version=0,"on Nov 19, 2023",Missy,https://www.etsy.com/people/missyshuler?ref=shop_review,5 out of 5 stars,This has become one of my most favorite shirts.,https://www.etsy.com/listing/1192937070/princess-diana-retro-shirt-princess?ref=shop_review,https://i.etsystatic.com/3824318635/r/il/845fc0/3824318635/il_170x135.3824318635_r8u5.jpg,"Princess Diana Retro Shirt, Princess Diana Fan Shirt, Princess Diana Shirt, Princess Diana Unisex Shirt, Princess Diana Public Figure Tee"
https://i.etsystatic.com/site-assets/images/avatars/default_avatar.png?width=75,"on Nov 19, 2023",cheyenne,https://www.etsy.com/people/sherylbennett?ref=shop_review,5 out of 5 stars,Helpful with replacing error in order,https://www.etsy.com/listing/1546400349/ryan-gosling-vintage-shirt-ryan-gosling?ref=shop_review,https://i.etsystatic.com/5196286894/r/il/4de71d/5196286894/il_170x135.5196286894_89ie.jpg,"Ryan Gosling Vintage Shirt, Ryan Gosling Homage Tshirt, Ryan Gosling Fan Tees, Ryan Gosling Retro 90s Sweater, Ryan Gosling Merch Gift"
https://i.etsystatic.com/site-assets/images/avatars/default_avatar.png?width=75,"on Nov 18, 2023",Boston,https://www.etsy.com/people/e8cczn6yj97mm23s?ref=shop_review,5 out of 5 stars,"Good shipping and quality , nice gift",https://www.etsy.com/listing/1576498208/ben-shapiro-vintage-shirt-ben-shapiro?ref=shop_review,https://i.etsystatic.com/5411807780/r/il/1a2cf9/5411807780/il_170x135.5411807780_fb93.jpg,"BEN SHAPIRO Vintage Shirt, Ben Shapiro Homage Tshirt, Ben Shapiro Fan Tees, Ben Shapiro Retro 90s Sweater, Ben Shapiro Merch Gift"
https://i.etsystatic.com/site-assets/images/avatars/default_avatar.png?width=75,"on Nov 18, 2023",Kimiko,https://www.etsy.com/people/wlzgsgkqpbjytyew?ref=shop_review,5 out of 5 stars,every thing turned out great,https://www.etsy.com/listing/1532203510/king-krule-king-krule-shirt-king-krule?ref=shop_review,https://i.etsystatic.com/5196232346/r/il/2c609b/5196232346/il_170x135.5196232346_17m6.jpg,"King Krule, King Krule Shirt, King Krule Fan Tee, King Krule Merch, Vintage King Krule Retro Shirt, King Krule Tour Merch, King Krule Poster"
https://i.etsystatic.com/site-assets/images/avatars/default_avatar.png?width=75,"on Nov 18, 2023",KIM,https://www.etsy.com/people/kimarogers?ref=shop_review,5 out of 5 stars,Can't wait for Christmas to give it as a gift!,https://www.etsy.com/listing/1192937070/princess-diana-retro-shirt-princess?ref=shop_review,https://i.etsystatic.com/3824318635/r/il/845fc0/3824318635/il_170x135.3824318635_r8u5.jpg,"Princess Diana Retro Shirt, Princess Diana Fan Shirt, Princess Diana Shirt, Princess Diana Unisex Shirt, Princess Diana Public Figure Tee"
https://i.etsystatic.com/site-assets/images/avatars/default_avatar.png?width=75,"on Nov 16, 2023",kiersten,https://www.etsy.com/people/du3v5lpw?ref=shop_review,5 out of 5 stars,"This shirt came in 5 days, and it looks perfect!",https://www.etsy.com/listing/1584351737/joey-tribbiani-shirt-friends-tv-series?ref=shop_review,https://i.etsystatic.com/5378987154/r/il/713042/5378987154/il_170x135.5378987154_f41j.jpg,JOEY TRIBBIANI Shirt | Friends Tv Series Joey Tribbiani T-shirt | Vintage Chandler Bing Shirt Retro 90's Merch | Joey Tribbiani Homage Gift
https://i.etsystatic.com/iusa/28464b/83254525/iusa_75x75.83254525_io5o.jpg?version=0,"on Nov 16, 2023",Joey,https://www.etsy.com/people/jwhefcif?ref=shop_review,5 out of 5 stars,"It was perfect, nessa very loved her shirt",https://www.etsy.com/listing/1237255925/custom-order-vintage-shirt-up-to-you?ref=shop_review,https://i.etsystatic.com/3889504952/r/il/1908ec/3889504952/il_170x135.3889504952_muab.jpg,"Custom Order Vintage Shirt, Up to You Shirt, Insert Your Design, Personalized Shirt, Customized Shirt, Change Your Design Here Shirt"
https://i.etsystatic.com/iusa/8a341c/56423185/iusa_75x75.56423185_82b4.jpg?version=0,"on Nov 19, 2023",Martaleigh,https://www.etsy.com/people/martaoneal?ref=shop_review,3 out of 5 stars,"Cute shirt, but the image appears to be an iron on that won't last long. For the price, you'd think it would be better quality. But I have been doing a delicate wash cycle and hanging it to dry.",https://www.etsy.com/listing/1313997423/raccoon-retro-sweatshirt-raccoon-homage?ref=shop_review,https://i.etsystatic.com/4249014481/r/il/73ab36/4249014481/il_170x135.4249014481_njsp.jpg,"Raccoon Retro Sweatshirt, Raccoon Homage Sweatshirt, Raccoon Sweatshirt, Raccoon Unisex Sweater, Raccoon Lovers Sweater, Raccoon Fan Sweater"
https://i.etsystatic.com/iusa/b4e4ec/108918636/iusa_75x75.108918636_f0ci.jpg?version=0,"on Nov 18, 2023",Kyle,https://www.etsy.com/people/kylelaynerobinson?ref=shop_review,5 out of 5 stars,,https://www.etsy.com/listing/1426489867/scott-calvin-tim-allen-vintage-shirt?ref=shop_review,https://i.etsystatic.com/4716425111/r/il/13d08a/4716425111/il_170x135.4716425111_1fpb.jpg,"Scott Calvin, TIM ALLEN Vintage Shirt, Actor Tim Allen Homage Tshirt, Tim Allen Fan Tees, Tim Allen Retro 90s Sweater, Tim Allen Merch Gift"
https://i.etsystatic.com/site-assets/images/avatars/default_avatar.png?width=75,"on Nov 16, 2023",Jack,https://www.etsy.com/people/ffrfskkmhdoekczp?ref=shop_review,5 out of 5 stars,,https://www.etsy.com/listing/1197914406/dave-grohl-homage-shirt-dave-grohl?ref=shop_review,https://i.etsystatic.com/3843014961/r/il/7ae56d/3843014961/il_170x135.3843014961_41m9.jpg,"Dave Grohl Homage Shirt, Dave Grohl Vintage Shirt, Dave Grohl Fan Shirt, Dave Grohl Gift For Him Her Tees, Dave Grohl Tee, Rock Band Shirt"
https://i.etsystatic.com/iusa/cc48a5/96479432/iusa_75x75.96479432_bndu.jpg?version=0,"on Nov 7, 2023",Alyssa,https://www.etsy.com/people/cnda56ijhl3obc3l?ref=shop_review,5 out of 5 stars,Mum boyfriends going to love This,https://www.etsy.com/listing/1186527706/george-benson-shirt-george-benson?ref=shop_review,https://i.etsystatic.com/3799962397/r/il/6d820c/3799962397/il_170x135.3799962397_7y0z.jpg,"George Benson Shirt, George Benson Vintage T Shirt, Gift for Men and Women, Unisex Clothes, Nothing's Gonna Change My Love For You Shirt"
https://i.etsystatic.com/site-assets/images/avatars/default_avatar.png?width=75,"on Nov 7, 2023",ryan,https://www.etsy.com/people/e62zsdmw?ref=shop_review,5 out of 5 stars,"Great shirt, good quality and shipping.",https://www.etsy.com/listing/1507572916/gwen-stefani-shirt-gwen-stefani-homage-t?ref=shop_review,https://i.etsystatic.com/5130709991/r/il/62c1ff/5130709991/il_170x135.5130709991_1yo4.jpg,"GWEN STEFANI Shirt, Gwen Stefani Homage T-Shirt, Gwen Renée Stefani American Musician Vintage Retro Bootleg Merch, Gwen Stefani Fans Gift"
https://i.etsystatic.com/iusa/ac05a6/105940300/iusa_75x75.105940300_8gnw.jpg?version=0,"on Nov 6, 2023",Samantha,https://www.etsy.com/people/sgilweit?ref=shop_review,5 out of 5 stars,Really great design. The seller was really quick to respond to my questions. Shipped fast.,https://www.etsy.com/listing/1377852104/bowen-and-matt-shirt-bowen-and-matt?ref=shop_review,https://i.etsystatic.com/4514867902/r/il/22af7e/4514867902/il_170x135.4514867902_b110.jpg,"Bowen and Matt Shirt, Bowen and matt Homage Tshirt, Bowen and matt Fan, Bowen and matt Retro 90s Sweater, Bowen & matt Merch Gift"
https://i.etsystatic.com/iusa/96caf6/70037881/iusa_75x75.70037881_nx09.jpg?version=0,"on Nov 5, 2023",Sarah,https://www.etsy.com/people/sarahrice22?ref=shop_review,5 out of 5 stars,"Exactly as discribed, fast shipping!",https://www.etsy.com/listing/1498584702/the-green-goblin-vintage-shirt-the-green?ref=shop_review,https://i.etsystatic.com/5041786056/r/il/a2c24e/5041786056/il_170x135.5041786056_ptv9.jpg,"THE GREEN GOBLIN Vintage Shirt, The Green Goblin Homage Tshirt, The Green Goblin Fan Tees, The Green Goblin Retro, The Green Goblin Merch"
https://i.etsystatic.com/iusa/21aca1/89650872/iusa_75x75.89650872_qei0.jpg?version=0,"on Nov 3, 2023",Marilyn,https://www.etsy.com/people/mcrlover3?ref=shop_review,5 out of 5 stars,I ordered Saturday and it was delivered the following Thursday! Incredibly fast shipping! Shirt fits great! Great quality! Thank you so much!,https://www.etsy.com/listing/1529301837/chandler-bing-shirt-friends-tv-series?ref=shop_review,https://i.etsystatic.com/5116500246/r/il/7c051a/5116500246/il_170x135.5116500246_68de.jpg,"CHANDLER BING Shirt, Friends Tv Series Matthew Perry Gift, Vintage Chandler Bing T-shirt Retro 90's, Funny Chandler Friends Fans Merch"
https://i.etsystatic.com/iusa/2934d2/65701015/iusa_75x75.65701015_p6f1.jpg?version=0,"on Nov 3, 2023",Gretchen,https://www.etsy.com/people/glrndlxp?ref=shop_review,5 out of 5 stars,"Good quality, unique shirt, love it!",https://www.etsy.com/listing/1480109775/stefani-germanotta-retro-shirt-stefani?ref=shop_review,https://i.etsystatic.com/4897853082/r/il/cfc59c/4897853082/il_170x135.4897853082_smiq.jpg,"Stefani Germanotta Retro Shirt, Gaga Shirt, Pop culture Retro Shirt, 90's Vintage Homage Shirt, Little Monster's Tee, Gift For Musician Fan"
https://i.etsystatic.com/site-assets/images/avatars/default_avatar.png?width=75,"Etsy buyer on Nov 1, 2023",,,4 out of 5 stars,my friend liked it x,,,
https://i.etsystatic.com/site-assets/images/avatars/default_avatar.png?width=75,"on Oct 30, 2023",Cassie,https://www.etsy.com/people/cazzan?ref=shop_review,5 out of 5 stars,It was a great gift and my friend loves it!,https://www.etsy.com/listing/1255073889/tom-holland-retro-shirt-tom-holland?ref=shop_review,https://i.etsystatic.com/3957930162/r/il/21a1c4/3957930162/il_170x135.3957930162_2blx.jpg,"Tom Holland Retro Shirt, Tom Holland Shirt, Tom Holland Retro Shirt, Tom Holland 90's Vintage Homage Shirt, Tom Holland Gift for fan"
https://i.etsystatic.com/site-assets/images/avatars/default_avatar.png?width=75,"on Oct 30, 2023",Andrea,https://www.etsy.com/people/aseagraves?ref=shop_review,5 out of 5 stars,Bought for a birthday gift and was loved!,https://www.etsy.com/listing/1546389795/lip-gallagher-shirt-lip-gallagher-homage?ref=shop_review,https://i.etsystatic.com/5196234136/r/il/3059c0/5196234136/il_170x135.5196234136_rhrt.jpg,"LIP GALLAGHER Shirt, Lip Gallagher Homage Shirt, Lip Gallagher Shameless Shirt, Lip Ian Gallagher Shameless, Jeremy Allen White"
https://i.etsystatic.com/iusa/700faa/80799655/iusa_75x75.80799655_1gnf.jpg?version=0,"on Nov 3, 2023",Lily,https://www.etsy.com/people/lilycyrene?ref=shop_review,5 out of 5 stars,,https://www.etsy.com/listing/1480109775/stefani-germanotta-retro-shirt-stefani?ref=shop_review,https://i.etsystatic.com/4897853082/r/il/cfc59c/4897853082/il_170x135.4897853082_smiq.jpg,"Stefani Germanotta Retro Shirt, Gaga Shirt, Pop culture Retro Shirt, 90's Vintage Homage Shirt, Little Monster's Tee, Gift For Musician Fan"
https://i.etsystatic.com/iusa/3cd20f/112010185/iusa_75x75.112010185_om3z.jpg?version=0,"on Oct 21, 2023",Kailee,https://www.etsy.com/people/ctxr45owslzsadih?ref=shop_review,5 out of 5 stars,In love with this shirt,https://www.etsy.com/listing/1408405344/salvatore-brothers-shirt-stefan?ref=shop_review,https://i.etsystatic.com/4650572096/r/il/462cca/4650572096/il_170x135.4650572096_tlt2.jpg,"Salvatore Brother's Shirt, Stefan Salvatore Shirt , Damon Salvatore Shirt, Paul Wesley Shirt, The Vampie Diaries Shirt, Gift For Fan"
https://i.etsystatic.com/site-assets/images/avatars/default_avatar.png?width=75,"on Oct 17, 2023",Gabi,https://www.etsy.com/people/4ceu7ukni6l5z7x4?ref=shop_review,5 out of 5 stars,Love this shirt so much!,https://www.etsy.com/listing/1541072369/aaron-hotchner-shirt-vintage-90s-graphic?ref=shop_review,https://i.etsystatic.com/5219798191/r/il/b282ea/5219798191/il_170x135.5219798191_2k4h.jpg,"Aaron Hotchner Shirt, Vintage 90s Graphic Tee Aaron Hotchner Sweatshirt, Aaron Hotchner Hoodie, 90s Vintage Graphic Tees, 90s Vintage Shirt"
https://i.etsystatic.com/site-assets/images/avatars/default_avatar.png?width=75,"on Oct 15, 2023",Avery,https://www.etsy.com/people/ldc2btliqwd13yl8?ref=shop_review,5 out of 5 stars,Got it as a gift for my friend! They loved it!,https://www.etsy.com/listing/1471705220/bella-ramsey-retro-vintage-shirt-bella?ref=shop_review,https://i.etsystatic.com/4922960594/r/il/a6be69/4922960594/il_170x135.4922960594_3q78.jpg,"BELLA RAMSEY Retro Vintage Shirt, Bella Ramsey Homage Tshirt, Bella Ramsey Fan Tees, Bella Ramsey Retro 90s Sweater, Bella Ramsey Merch Gift"
https://i.etsystatic.com/site-assets/images/avatars/default_avatar.png?width=75,"on Oct 13, 2023",Kiara,https://www.etsy.com/people/ddrgbasb?ref=shop_review,5 out of 5 stars,Seller was so helpful!! The top is incredible!! I love it :),https://www.etsy.com/listing/1237255925/custom-order-vintage-shirt-up-to-you?ref=shop_review,https://i.etsystatic.com/3889504952/r/il/1908ec/3889504952/il_170x135.3889504952_muab.jpg,"Custom Order Vintage Shirt, Up to You Shirt, Insert Your Design, Personalized Shirt, Customized Shirt, Change Your Design Here Shirt"
https://i.etsystatic.com/iusa/c7ca45/95982104/iusa_75x75.95982104_7oef.jpg?version=0,"on Oct 11, 2023",Natalie,https://www.etsy.com/people/GnattNats?ref=shop_review,5 out of 5 stars,great! my friend loved it!,https://www.etsy.com/listing/1394379435/chris-evans-shirt-lucas-lee-chris-evans?ref=shop_review,https://i.etsystatic.com/4572796625/r/il/2f801c/4572796625/il_170x135.4572796625_qrby.jpg,"CHRIS EVANS Shirt, Lucas Lee Chris Evans 90s Homage Shirt, Chris Evans America Shirt, Chris Evans Vintage Shirt Chris Evans Bootleg Shirt"
https://i.etsystatic.com/site-assets/images/avatars/default_avatar.png?width=75,"on Oct 11, 2023",kelsey,https://www.etsy.com/people/kels0324?ref=shop_review,5 out of 5 stars,"Exactly as pictured, perfect gift for hot rod loving daughter",https://www.etsy.com/listing/1480109801/rod-kimble-retro-shirt-rod-kimble-shirt?ref=shop_review,https://i.etsystatic.com/4946123955/r/il/b50a8f/4946123955/il_170x135.4946123955_nye6.jpg,"Rod Kimble Retro Shirt, Rod Kimble Shirt, Stuntmant Retro Shirt, Rod Kimble 90's Vintage Homage Shirt, Daredevil, Comedy Character Tees"
https://i.etsystatic.com/iusa/348557/74177650/iusa_75x75.74177650_2eyg.jpg?version=0,"on Oct 10, 2023",Vincent,https://www.etsy.com/people/hgddew6y?ref=shop_review,5 out of 5 stars,This item met what I expected,https://www.etsy.com/listing/1387231731/ross-lynch-shirt-ross-shor-lynch-tees-r5?ref=shop_review,https://i.etsystatic.com/4541856741/r/il/44114a/4541856741/il_170x135.4541856741_b971.jpg,"ROSS LYNCH Shirt, Ross Shor Lynch Tees, R5 Lynch Pop Rock Band Tshirt, Sabrina Sweatshirt, Austin Lynch Sweatshirt, Riker Lynch, Lynch Tees"
https://i.etsystatic.com/iusa/18afa6/76630260/iusa_75x75.76630260_ck7i.jpg?version=0,"on Oct 15, 2023",Cobey,https://www.etsy.com/people/uingodhx?ref=shop_review,5 out of 5 stars,,https://www.etsy.com/listing/1512712849/retro-big-latto-shirt-latto-big-energy?ref=shop_review,https://i.etsystatic.com/5041683248/r/il/701638/5041683248/il_170x135.5041683248_tpm8.jpg,"RETRO BIG LATTO Shirt, Latto Big Energy Rap Shirt, Big Latto The Biggest Vintage Shirt, Alyssa Michelle Stephens, Latto Shirt, Hip Hop Tees"
https://i.etsystatic.com/site-assets/images/avatars/default_avatar.png?width=75,"on Oct 14, 2023",Paige,https://www.etsy.com/people/yfpdxndr?ref=shop_review,5 out of 5 stars,,https://www.etsy.com/listing/1498584650/peso-pluma-music-shirt-peso-pluma-merch?ref=shop_review,https://i.etsystatic.com/5090002083/r/il/31810b/5090002083/il_170x135.5090002083_dh27.jpg,"Peso Pluma Music Shirt, Peso Pluma Merch Gift For Fan Sweatshirt, Peso Pluma World Tour 2023 Shirt, Peso Pluma Concerts Fan Tee"
https://i.etsystatic.com/iusa/96ee69/25402747/iusa_75x75.25402747_mjqa.jpg?version=0,"on Oct 13, 2023",Etsy buyer,https://www.etsy.com/people/jewelzz921?ref=shop_review,5 out of 5 stars,,https://www.etsy.com/listing/1444790364/jaden-hossler-retro-shirt-jxdn-shirt?ref=shop_review,https://i.etsystatic.com/4856075037/r/il/d325e1/4856075037/il_170x135.4856075037_iulj.jpg,"Jaden Hossler Retro Shirt, Jxdn Shirt, Jxdn Sweathsirt, Jxdn Merch, Nessa Barett, Jaden Hossler, Jxdn Gift for fan"
https://i.etsystatic.com/iusa/4d938b/46067976/iusa_75x75.46067976_q9pn.jpg?version=0,"on Oct 2, 2023",Amy,https://www.etsy.com/people/amyross783?ref=shop_review,5 out of 5 stars,Super cute just as described,https://www.etsy.com/listing/1507368555/ryan-gosling-vintage-shirt-ryan-gosling?ref=shop_review,https://i.etsystatic.com/5065259109/r/il/d5dfe3/5065259109/il_170x135.5065259109_7r9c.jpg,"Ryan Gosling Vintage Shirt, Ryan Gosling Homage Tshirt, Ryan Gosling Fan Tees, Ryan Gosling Retro 90s Sweater, Ryan Gosling Merch Gift"
https://i.etsystatic.com/iusa/d8a26e/116541508/iusa_75x75.116541508_7ai4.jpg?version=0,"on Oct 1, 2023",M,https://www.etsy.com/people/rosetafoya?ref=shop_review,5 out of 5 stars,great quality and very comfy,https://www.etsy.com/listing/1458991105/evan-buckley-retro-shirt-nine-eleven?ref=shop_review,https://i.etsystatic.com/4807798810/r/il/ee0c9d/4807798810/il_170x135.4807798810_1ra0.jpg,"Evan Buckley Retro Shirt, Nine Eleven Shirt, Series Retro Shirt, Evan Buckley 90's Vintage Homage Shirt, Evan Buckley Gift for fan"
https://i.etsystatic.com/iusa/6d06ce/84904571/iusa_75x75.84904571_pxnk.jpg?version=0,"on Sep 26, 2023",Marisol,https://www.etsy.com/people/8g9l7ry5502lg5be?ref=shop_review,5 out of 5 stars,"Great quality of the design on the shirt! It arrived within 3 days of me placing the order, it actually arrived ON my birthday. i was so happy i wore it that day!",https://www.etsy.com/listing/1295009154/khalid-homage-shirt-khalid-style-90s?ref=shop_review,https://i.etsystatic.com/4227523615/r/il/f31558/4227523615/il_170x135.4227523615_crkf.jpg,"Khalid Homage Shirt, Khalid Style 90s Shirt, Khalid Shirt, Khalid Gift For Fan, Khalid Tshirt, Khalid Location Shirt, Khalid Tour Merch"
https://i.etsystatic.com/site-assets/images/avatars/default_avatar.png?width=75,"Etsy buyer on Sep 24, 2023",,,5 out of 5 stars,Great shirt and good quality!,https://www.etsy.com/listing/1377852104/bowen-and-matt-shirt-bowen-and-matt?ref=shop_review,https://i.etsystatic.com/4514867902/r/il/22af7e/4514867902/il_170x135.4514867902_b110.jpg,"Bowen and Matt Shirt, Bowen and matt Homage Tshirt, Bowen and matt Fan, Bowen and matt Retro 90s Sweater, Bowen & matt Merch Gift"
https://i.etsystatic.com/iusa/f416b3/63238215/iusa_75x75.63238215_e9yx.jpg?version=0,"on Sep 22, 2023",Kara,https://www.etsy.com/people/ksomers89?ref=shop_review,5 out of 5 stars,Wished I would have ordered a bigger size because I like the fit to be oversized. But overall it is good,https://www.etsy.com/listing/1394379435/chris-evans-shirt-lucas-lee-chris-evans?ref=shop_review,https://i.etsystatic.com/4525410084/r/il/3f0d94/4525410084/il_170x135.4525410084_r2r6.jpg,"CHRIS EVANS Shirt, Lucas Lee Chris Evans 90s Homage Shirt, Chris Evans America Shirt, Chris Evans Vintage Shirt Chris Evans Bootleg Shirt"
https://i.etsystatic.com/site-assets/images/avatars/default_avatar.png?width=75,"on Sep 26, 2023",Pauline,https://www.etsy.com/people/7d5frb7b?ref=shop_review,5 out of 5 stars,,https://www.etsy.com/listing/1215224561/khalid-homage-shirt-khalid-style-90s?ref=shop_review,https://i.etsystatic.com/3808182810/r/il/2e3e63/3808182810/il_170x135.3808182810_g0p3.jpg,"Khalid Homage Shirt, Khalid Style 90s Shirt, Khalid Shirt, Khalid Gift For Fan, Khalid Tshirt, Khalid Location Shirt, Khalid Tour Merch"
https://i.etsystatic.com/site-assets/images/avatars/default_avatar.png?width=75,"on Sep 26, 2023",Pauline,https://www.etsy.com/people/7d5frb7b?ref=shop_review,5 out of 5 stars,,https://www.etsy.com/listing/1184859388/giveon-heartbreak-anniversary-shirt?ref=shop_review,https://i.etsystatic.com/3745869102/r/il/b9481c/3745869102/il_170x135.3745869102_8cmk.jpg,"Giveon Heartbreak Anniversary Shirt, Giveon Vintage T Shirt, GIVEON Rap Hip Hop 90s Shirt, Gift for Men and Women, Unisex Clothes"
https://i.etsystatic.com/site-assets/images/avatars/default_avatar.png?width=75,"on Sep 26, 2023",Pauline,https://www.etsy.com/people/7d5frb7b?ref=shop_review,5 out of 5 stars,,https://www.etsy.com/listing/1295009154/khalid-homage-shirt-khalid-style-90s?ref=shop_review,https://i.etsystatic.com/4179871424/r/il/d81354/4179871424/il_170x135.4179871424_60yl.jpg,"Khalid Homage Shirt, Khalid Style 90s Shirt, Khalid Shirt, Khalid Gift For Fan, Khalid Tshirt, Khalid Location Shirt, Khalid Tour Merch"
https://i.etsystatic.com/site-assets/images/avatars/default_avatar.png?width=75,"on Sep 25, 2023",Beck,https://www.etsy.com/people/aedngfdf?ref=shop_review,5 out of 5 stars,,https://www.etsy.com/listing/1212839969/william-shakespeare-shirt-shakespeare?ref=shop_review,https://i.etsystatic.com/3799100570/r/il/f197a4/3799100570/il_170x135.3799100570_8yro.jpg,"William Shakespeare Shirt, Shakespeare Homage Shirt, Shakespeare Shirt, Shakespeare Gift, Shakespeare Unisex Shirt, Shakespeare Poet Shirt"
https://i.etsystatic.com/site-assets/images/avatars/default_avatar.png?width=75,"on Sep 21, 2023",Brighton,https://www.etsy.com/people/1lyny6d5hz20c1yu?ref=shop_review,5 out of 5 stars,,https://www.etsy.com/listing/1202447931/tobey-maguire-retro-shirt-tobey-maguire?ref=shop_review,https://i.etsystatic.com/3759910504/r/il/85fbcf/3759910504/il_170x135.3759910504_5suf.jpg,"Tobey Maguire Retro Shirt, Tobey Maguire Homage Shirt, Tobey Maguire Fan Shirt, Tobey Maguire Shirt, Tobey Maguire Funny Dance Shirt"
https://i.etsystatic.com/iusa/45f201/67795239/iusa_75x75.67795239_fp09.jpg?version=0,"on Sep 15, 2023",Toniyea,https://www.etsy.com/people/lvboer3v?ref=shop_review,5 out of 5 stars,Got this as a gift and she absolutely loved it!,https://www.etsy.com/listing/1458991105/evan-buckley-retro-shirt-nine-eleven?ref=shop_review,https://i.etsystatic.com/4807798810/r/il/ee0c9d/4807798810/il_170x135.4807798810_1ra0.jpg,"Evan Buckley Retro Shirt, Nine Eleven Shirt, Series Retro Shirt, Evan Buckley 90's Vintage Homage Shirt, Evan Buckley Gift for fan"
https://i.etsystatic.com/site-assets/images/avatars/default_avatar.png?width=75,"on Sep 14, 2023",Emilee,https://www.etsy.com/people/tc8l3ddq025rmfgy?ref=shop_review,5 out of 5 stars,So cute! The color is perfect and the image on the shirt is flawless. Love it!,https://www.etsy.com/listing/1204182645/pavement-vintage-t-shirt-pavement-shirt?ref=shop_review,https://i.etsystatic.com/3766322856/r/il/0cd1be/3766322856/il_170x135.3766322856_7afi.jpg,"Pavement Vintage T-Shirt - Pavement Shirt, Pavement Band Shirt, Rock Music, Gift Music Lovers, Pavement Band Rock Merch, Pavement Merch"
https://i.etsystatic.com/iusa/d09e00/91115210/iusa_75x75.91115210_4lsd.jpg?version=0,"on Sep 12, 2023",Sophie,https://www.etsy.com/people/p8g9b2697amnhqmo?ref=shop_review,5 out of 5 stars,"Quality of item is great, looks exactly the picture, and fast shipping!",https://www.etsy.com/listing/1474709954/idris-elba-retro-shirt-elba-obe-homage?ref=shop_review,https://i.etsystatic.com/4984818419/r/il/9c6f4d/4984818419/il_170x135.4984818419_j1qk.jpg,"Idris Elba Retro Shirt, Elba OBE Homage Shirt, Idris Elba Fan Tees, Idris Elba Retro 90s Sweater, The Wire Idris Elba Nelson Mandela Gift"
https://i.etsystatic.com/site-assets/images/avatars/default_avatar.png?width=75,"on Sep 16, 2023",Ana,https://www.etsy.com/people/odizw20chri7v950?ref=shop_review,5 out of 5 stars,,https://www.etsy.com/listing/1402868565/bam-margera-vintage-shirt-bam-margera?ref=shop_review,https://i.etsystatic.com/4562545128/r/il/15e575/4562545128/il_170x135.4562545128_8nya.jpg,"BAM MARGERA Vintage Shirt, Bam margera Homage Tshirt, Bam margera Fan Tees, Bam margera Retro 90s Sweater, Bam margera Merch Gift"
https://i.etsystatic.com/iusa/611adf/114642537/iusa_75x75.114642537_70q9.jpg?version=0,"on Sep 15, 2023",Juanita,https://www.etsy.com/people/Guera1724?ref=shop_review,5 out of 5 stars,,https://www.etsy.com/listing/1404302754/tom-jones-shirt-tom-jones-90s-shirt-tom?ref=shop_review,https://i.etsystatic.com/4680184099/r/il/3fc97c/4680184099/il_170x135.4680184099_76hj.jpg,"Tom Jones Shirt, Tom Jones 90's Shirt, Tom Jones Retro Vintage Shirt, Tom Jones Sweatshirt, Tom Jones 58th Shirt, Tom Jones Gift For Fan"
https://i.etsystatic.com/site-assets/images/avatars/default_avatar.png?width=75,"on Sep 15, 2023",mary,https://www.etsy.com/people/jtociqyanfv1eyy9?ref=shop_review,5 out of 5 stars,,https://www.etsy.com/listing/1458991081/anetra-retro-shirt-anetra-90s-vintage?ref=shop_review,https://i.etsystatic.com/4807794614/r/il/56f51a/4807794614/il_170x135.4807794614_75vx.jpg,"Anetra Retro Shirt, Anetra 90's Vintage Homage Shirt, American Drag Queen, Drag Queen Season 15, Gift For Fan"
https://i.etsystatic.com/site-assets/images/avatars/default_avatar.png?width=75,"on Sep 15, 2023",Haley,https://www.etsy.com/people/rums1pf8o4lf5u7p?ref=shop_review,5 out of 5 stars,,https://www.etsy.com/listing/1408405344/salvatore-brothers-shirt-stefan?ref=shop_review,https://i.etsystatic.com/4698812145/r/il/f4e284/4698812145/il_170x135.4698812145_mw9g.jpg,"Salvatore Brother's Shirt, Stefan Salvatore Shirt , Damon Salvatore Shirt, Paul Wesley Shirt, The Vampie Diaries Shirt, Gift For Fan"
https://i.etsystatic.com/site-assets/images/avatars/default_avatar.png?width=75,"on Sep 13, 2023",Etsy buyer,https://www.etsy.com/people/clairemckmeown?ref=shop_review,5 out of 5 stars,,https://www.etsy.com/listing/1520280244/sasha-colby-retro-shirt-sasha-colby-90s?ref=shop_review,https://i.etsystatic.com/5140048838/r/il/cde5a3/5140048838/il_170x135.5140048838_a070.jpg,"Sasha Colby Retro Shirt, Sasha Colby 90's Vintage Homage Shirt, Drag Queen Reality Show, Drag Queen Season 15, Gift For Fan"
https://i.etsystatic.com/site-assets/images/avatars/default_avatar.png?width=75,"on Sep 9, 2023",Mikey,https://www.etsy.com/people/w8ln83j4t9cjf3fx?ref=shop_review,5 out of 5 stars,,https://www.etsy.com/listing/1507572876/ross-lynch-shirt-ross-lynch-r5-t-shirt?ref=shop_review,https://i.etsystatic.com/5130705015/r/il/14f3c1/5130705015/il_170x135.5130705015_lfed.jpg,"ROSS LYNCH Shirt, Ross Lynch R5 T-shirt, Ross Lynch Homage Shirt ,Ross Lynch Driver Era Shirt, Funny Ross Lynch Austin and Ally Shirt"
https://i.etsystatic.com/site-assets/images/avatars/default_avatar.png?width=75,"on Sep 8, 2023",karina,https://www.etsy.com/people/81ytyx33ho21aw77?ref=shop_review,5 out of 5 stars,,https://www.etsy.com/listing/1402868873/pedro-pascal-shirt-actor-pedro-pascal?ref=shop_review,https://i.etsystatic.com/4609930917/r/il/3d9ece/4609930917/il_170x135.4609930917_ad8p.jpg,"PEDRO PASCAL Shirt, Actor Pedro Pascal Shirt Retro 90s, Narco Pedro Pascal Fans Gift, Pedro Pascal Tribute Celebrity Shirt"
https://i.etsystatic.com/iusa/5b0709/101784620/iusa_75x75.101784620_qplw.jpg?version=0,"on Sep 1, 2023",D,https://www.etsy.com/people/diannehanlon?ref=shop_review,5 out of 5 stars,Perfection. Comfy and oversized when ordering XL!,https://www.etsy.com/listing/1520280224/sasha-colby-retro-shirt-sasha-colby-90s?ref=shop_review,https://i.etsystatic.com/5188266639/r/il/bc715e/5188266639/il_170x135.5188266639_9vxi.jpg,"Sasha Colby Retro Shirt, Sasha Colby 90's Vintage Homage Shirt, Drag Queen Reality Show, Drag Queen Season 15, Gift For Fan"
https://i.etsystatic.com/iusa/35e232/90724969/iusa_75x75.90724969_p0sl.jpg?version=0,"on Sep 3, 2023",DESIRAE,https://www.etsy.com/people/mnt9o1ez?ref=shop_review,5 out of 5 stars,,https://www.etsy.com/listing/1512712915/daniel-caesar-shirt-daniel-caesar?ref=shop_review,https://i.etsystatic.com/5089908805/r/il/7e9167/5089908805/il_170x135.5089908805_qq7o.jpg,"DANIEL CAESAR Shirt, Daniel Caesar Vintage Shirt, Daniel Caesar Bootleg Rap Shirt, Daniel Caesar Homage Shirt, Daniel Caesar Concert #tpc"
https://i.etsystatic.com/site-assets/images/avatars/default_avatar.png?width=75,"on Sep 3, 2023",Sam,https://www.etsy.com/people/yo1p4cfc3mk2qajh?ref=shop_review,5 out of 5 stars,,https://www.etsy.com/listing/1498584708/timothee-chalamet-shirt-timothee?ref=shop_review,https://i.etsystatic.com/5041786284/r/il/a5c862/5041786284/il_170x135.5041786284_iic3.jpg,"TIMOTHEE CHALAMET Shirt, Timothee Chalamet Retro 90s Tshirt, The king Homage Tees, Timothee Chalamet Dune Fan Gift, Wonka, Timothee Fan Tees"
https://i.etsystatic.com/site-assets/images/avatars/default_avatar.png?width=75,"on Sep 1, 2023",Imani,https://www.etsy.com/people/n1ptxvaq?ref=shop_review,5 out of 5 stars,,https://www.etsy.com/listing/1313997423/raccoon-retro-sweatshirt-raccoon-homage?ref=shop_review,https://i.etsystatic.com/4249014481/r/il/73ab36/4249014481/il_170x135.4249014481_njsp.jpg,"Raccoon Retro Sweatshirt, Raccoon Homage Sweatshirt, Raccoon Sweatshirt, Raccoon Unisex Sweater, Raccoon Lovers Sweater, Raccoon Fan Sweater"
https://i.etsystatic.com/iusa/680b62/29120757/iusa_75x75.29120757_ab53.jpg?version=0,"on Sep 1, 2023",Etsy buyer,https://www.etsy.com/people/sarahmaej1?ref=shop_review,5 out of 5 stars,,https://www.etsy.com/listing/1480109801/rod-kimble-retro-shirt-rod-kimble-shirt?ref=shop_review,https://i.etsystatic.com/4946123981/r/il/1a96e7/4946123981/il_170x135.4946123981_hils.jpg,"Rod Kimble Retro Shirt, Rod Kimble Shirt, Stuntmant Retro Shirt, Rod Kimble 90's Vintage Homage Shirt, Daredevil, Comedy Character Tees"
https://i.etsystatic.com/site-assets/images/avatars/default_avatar.png?width=75,"on Aug 31, 2023",Ann-Katrin,https://www.etsy.com/people/4b5weiinrqmbjidw?ref=shop_review,5 out of 5 stars,,https://www.etsy.com/listing/1512770905/ricky-martin-vintage-shirt-ricky-martin?ref=shop_review,https://i.etsystatic.com/5041778246/r/il/63a5ad/5041778246/il_170x135.5041778246_g85u.jpg,"RICKY MARTIN Vintage Shirt, Ricky Martin Homage Tshirt, Ricky Martin Fan Tees, Ricky Martin Retro 90s Sweater, Ricky Martin Merch Gift"
https://i.etsystatic.com/site-assets/images/avatars/default_avatar.png?width=75,"on Aug 30, 2023",Ava,https://www.etsy.com/people/blairava?ref=shop_review,5 out of 5 stars,,https://www.etsy.com/listing/1390158225/bette-porter-shirt-bette-porter-90s?ref=shop_review,https://i.etsystatic.com/4507205988/r/il/f2fc24/4507205988/il_170x135.4507205988_4uir.jpg,"Bette Porter Shirt, Bette Porter 90's Retro Shirt, Jenifer Beals, Jenifer Beals Vintage Shirt, Jennifer Beals Gift For Fan"
https://i.etsystatic.com/iusa/79feb2/101943647/iusa_75x75.101943647_t6cn.jpg?version=0,"on Aug 30, 2023",Jahnae,https://www.etsy.com/people/jahnaenglish1?ref=shop_review,5 out of 5 stars,,https://www.etsy.com/listing/1294996828/han-lue-retro-shirt-han-lue-shirt-tokyo?ref=shop_review,https://i.etsystatic.com/4179805712/r/il/ec598e/4179805712/il_170x135.4179805712_eyyc.jpg,"Han Lue Retro Shirt, Han Lue Shirt, Tokyo Drift Retro Shirt, Han Lue 90's Vintage Homage Shirt, Han Lue Gift for fan"
https://i.etsystatic.com/iusa/79feb2/101943647/iusa_75x75.101943647_t6cn.jpg?version=0,"on Aug 30, 2023",Jahnae,https://www.etsy.com/people/jahnaenglish1?ref=shop_review,5 out of 5 stars,,https://www.etsy.com/listing/1294996828/han-lue-retro-shirt-han-lue-shirt-tokyo?ref=shop_review,https://i.etsystatic.com/4179805778/r/il/f362b8/4179805778/il_170x135.4179805778_7xog.jpg,"Han Lue Retro Shirt, Han Lue Shirt, Tokyo Drift Retro Shirt, Han Lue 90's Vintage Homage Shirt, Han Lue Gift for fan"
https://i.etsystatic.com/iusa/2e5205/89106979/iusa_75x75.89106979_t7qz.jpg?version=0,"on Sep 3, 2023",Gabriela,https://www.etsy.com/people/j6j0zgq1w6fv7ywf?ref=shop_review,3 out of 5 stars,,https://www.etsy.com/listing/1512712915/daniel-caesar-shirt-daniel-caesar?ref=shop_review,https://i.etsystatic.com/5041684596/r/il/9105b4/5041684596/il_170x135.5041684596_tru8.jpg,"DANIEL CAESAR Shirt, Daniel Caesar Vintage Shirt, Daniel Caesar Bootleg Rap Shirt, Daniel Caesar Homage Shirt, Daniel Caesar Concert #tpc"
https://i.etsystatic.com/iusa/60e4b4/28638686/iusa_75x75.28638686_lrrw.jpg?version=0,"on Aug 23, 2023",Etsy buyer,https://www.etsy.com/people/arriolamegan93?ref=shop_review,5 out of 5 stars,My favorite shirt! I get compliments all the time :),https://www.etsy.com/listing/1465912738/sasha-colby-retro-shirt-sasha-colby-90s?ref=shop_review,https://i.etsystatic.com/4946123029/r/il/01c145/4946123029/il_170x135.4946123029_grbz.jpg,"Sasha Colby Retro Shirt, Sasha Colby 90's Vintage Homage Shirt, Drag Queen Reality Show, Drag Queen Season 15, Gift For Fan"
https://i.etsystatic.com/iusa/2b00e1/41497561/iusa_75x75.41497561_qmlg.jpg?version=0,"on Aug 18, 2023",Maryam,https://www.etsy.com/people/maryamgca3?ref=shop_review,5 out of 5 stars,"Really love wearing this bc I love Chalino. I got an XL, I’m 5 feet tall lol I get a lot of looks from other Mexicans. It’s a great way to commemorate such a great musician.",https://www.etsy.com/listing/1363884064/chalino-sanchez-shirt-camacho-ariel?ref=shop_review,https://i.etsystatic.com/4504478189/r/il/c72e9c/4504478189/il_170x135.4504478189_akxh.jpg,"CHALINO Sanchez Shirt, Camacho Ariel Shirt, Vintage Retro 90s Shirt, Corridos Mexican Shirt, Valentin Elizalde, Saul Viera Shirts, KAM Tees"
https://i.etsystatic.com/site-assets/images/avatars/default_avatar.png?width=75,"on Aug 17, 2023",Eleazar,https://www.etsy.com/people/frhkyqtfh7zklqnr?ref=shop_review,5 out of 5 stars,the shirts looks amazing looking forward for more purchases,https://www.etsy.com/listing/1512770913/selena-quintanilla-tshirt-quintanilla?ref=shop_review,https://i.etsystatic.com/5041778786/r/il/7f9b3b/5041778786/il_170x135.5041778786_64x0.jpg,"SELENA QUINTANILLA Tshirt, Quintanilla Family Shirt, Pop r&b Selena Quintanilla-Pérez, Singer Tees, Selena Quintanilla Sweatshirt Merch Tees"
https://i.etsystatic.com/site-assets/images/avatars/default_avatar.png?width=75,"on Aug 24, 2023",田口　葉月,https://www.etsy.com/people/vcewgie2aqumo057?ref=shop_review,5 out of 5 stars,,https://www.etsy.com/listing/1237255925/custom-order-vintage-shirt-up-to-you?ref=shop_review,https://i.etsystatic.com/3889504952/r/il/1908ec/3889504952/il_170x135.3889504952_muab.jpg,"Custom Order Vintage Shirt, Up to You Shirt, Insert Your Design, Personalized Shirt, Customized Shirt, Change Your Design Here Shirt"
https://i.etsystatic.com/site-assets/images/avatars/default_avatar.png?width=75,"on Aug 22, 2023",Dia,https://www.etsy.com/people/9knstgpopbhhsuvi?ref=shop_review,5 out of 5 stars,,https://www.etsy.com/listing/1458991463/marcia-marcia-marcia-retro-shirt-marcia?ref=shop_review,https://i.etsystatic.com/4856086607/r/il/256205/4856086607/il_170x135.4856086607_8qxx.jpg,"Marcia! Marcia! Marcia! Retro Shirt, Marcia! Marcia! Marcia! Shirt, Marcia! Marcia! Marcia! 90's Vintage Homage Shirt, Comedy Tv Shirt"
https://i.etsystatic.com/site-assets/images/avatars/default_avatar.png?width=75,"Inactive account on Aug 21, 2023",,,5 out of 5 stars,,https://www.etsy.com/listing/1192937070/princess-diana-retro-shirt-princess?ref=shop_review,https://i.etsystatic.com/3824318635/r/il/845fc0/3824318635/il_170x135.3824318635_r8u5.jpg,"Princess Diana Retro Shirt, Princess Diana Fan Shirt, Princess Diana Shirt, Princess Diana Unisex Shirt, Princess Diana Public Figure Tee"
https://i.etsystatic.com/site-assets/images/avatars/default_avatar.png?width=75,"on Aug 21, 2023",Michaela,https://www.etsy.com/people/3dxlj6exvxxechv5?ref=shop_review,5 out of 5 stars,,https://www.etsy.com/listing/1274353314/bryson-tiller-retro-sweatshirt-bryson?ref=shop_review,https://i.etsystatic.com/4090568170/r/il/e54f6c/4090568170/il_170x135.4090568170_57ja.jpg,"Bryson Tiller Retro Sweatshirt, Bryson Tiller Homage Sweatshirt, Bryson Tiller Sweatshirt, Bryson Tiller Unisex Sweater"
https://i.etsystatic.com/site-assets/images/avatars/default_avatar.png?width=75,"Inactive account on Aug 21, 2023",,,5 out of 5 stars,,,,
https://i.etsystatic.com/site-assets/images/avatars/default_avatar.png?width=75,"on Aug 18, 2023",Etsy buyer,https://www.etsy.com/people/kbpierce88?ref=shop_review,5 out of 5 stars,,https://www.etsy.com/listing/1477961086/ice-spice-retro-shirt-ice-spice-homage?ref=shop_review,https://i.etsystatic.com/4999030855/r/il/704810/4999030855/il_170x135.4999030855_oe5a.jpg,"Ice Spice Retro Shirt, Ice Spice Homage Shirt, American Singer, Naija Gaston Ice Spice Fan Tees, American rapper Retro 90s, Ice Spice Merch"
https://i.etsystatic.com/iusa/5666d0/79292262/iusa_75x75.79292262_c2z5.jpg?version=0,"on Aug 17, 2023",MaKayla,https://www.etsy.com/people/by5uz2ok?ref=shop_review,5 out of 5 stars,,https://www.etsy.com/listing/1197914406/dave-grohl-homage-shirt-dave-grohl?ref=shop_review,https://i.etsystatic.com/3843014961/r/il/7ae56d/3843014961/il_170x135.3843014961_41m9.jpg,"Dave Grohl Homage Shirt, Dave Grohl Vintage Shirt, Dave Grohl Fan Shirt, Dave Grohl Gift For Him Her Tees, Dave Grohl Tee, Rock Band Shirt"
https://i.etsystatic.com/site-assets/images/avatars/default_avatar.png?width=75,"on Aug 12, 2023",Etsy buyer,https://www.etsy.com/people/maygunjoys?ref=shop_review,4 out of 5 stars,"Listing has Alyssa Edwards spelled correctly but the shirt does not, otherwise it’s nice",https://www.etsy.com/listing/1507368337/alyssa-edwards-shirt-alyssa-edwards-gift?ref=shop_review,https://i.etsystatic.com/5065251213/r/il/d23ce5/5065251213/il_170x135.5065251213_cdwj.jpg,"Alyssa Edward Shirt, Alyssa Edwards Gift, LGBTQ Shirt, Alyssa Drag Queen, Drag queen Tees, Concert T-shirt, Rupaul's Drag race Tshirt"
https://i.etsystatic.com/iusa/08ec8c/96622097/iusa_75x75.96622097_4hzu.jpg?version=0,"on Aug 10, 2023",toby,https://www.etsy.com/people/wtq0hzagf0kl4fee?ref=shop_review,5 out of 5 stars,"Love this shirt, buy it.",https://www.etsy.com/listing/1512724981/megan-fox-vintage-shirt-megan-denise-fox?ref=shop_review,https://i.etsystatic.com/5041730016/r/il/2adf9e/5041730016/il_170x135.5041730016_urno.jpg,"MEGAN FOX Vintage Shirt, Megan Denise Fox Homage Tshirt, Megan Fox Fan Tees, Megan Fox Actress Model Retro 90s Sweater, Megan Fox Merch Gift"
https://i.etsystatic.com/iusa/7ef8c8/100773363/iusa_75x75.100773363_iefe.jpg?version=0,"on Aug 12, 2023",Trevor,https://www.etsy.com/people/6qhohc12jrguwp1w?ref=shop_review,4 out of 5 stars,,https://www.etsy.com/listing/1194578434/matt-damon-retro-shirt-matt-damon-homage?ref=shop_review,https://i.etsystatic.com/3830348345/r/il/f942b4/3830348345/il_170x135.3830348345_ajt6.jpg,"Matt Damon Retro Shirt, Matt Damon Homage Shirt, Matt Damon Shirt, Matt Damon Actor Shirt, Unisex Shirt, Matt Damon Actor Tee"
https://i.etsystatic.com/site-assets/images/avatars/default_avatar.png?width=75,"on Aug 10, 2023",Amanda,https://www.etsy.com/people/ostbd1djamjdd4lx?ref=shop_review,5 out of 5 stars,,https://www.etsy.com/listing/1320841378/steve-harvey-shirt-steve-hightower?ref=shop_review,https://i.etsystatic.com/4294976022/r/il/b7ee22/4294976022/il_170x135.4294976022_r02a.jpg,"STEVE HARVEY Shirt, Steve Hightower Vintage Shirt, Steve Harvey Homage Tshirt, Steve Harvey Fan Tees, Harvey Retro 90s Sweater, Harvey Gift"
https://i.etsystatic.com/iusa/224716/33827025/iusa_75x75.33827025_jxxn.jpg?version=0,"on Aug 9, 2023",Etsy buyer,https://www.etsy.com/people/lwilson08lw?ref=shop_review,5 out of 5 stars,,https://www.etsy.com/listing/1477961086/ice-spice-retro-shirt-ice-spice-homage?ref=shop_review,https://i.etsystatic.com/4999030855/r/il/704810/4999030855/il_170x135.4999030855_oe5a.jpg,"Ice Spice Retro Shirt, Ice Spice Homage Shirt, American Singer, Naija Gaston Ice Spice Fan Tees, American rapper Retro 90s, Ice Spice Merch"
https://i.etsystatic.com/site-assets/images/avatars/default_avatar.png?width=75,"on Aug 9, 2023",Brooke,https://www.etsy.com/people/hm5oai9h?ref=shop_review,5 out of 5 stars,,https://www.etsy.com/listing/1515124852/hannah-montana-shirt-hannah-montana?ref=shop_review,https://i.etsystatic.com/5116503638/r/il/2d7df5/5116503638/il_170x135.5116503638_p1c9.jpg,"HANNAH MONTANA Shirt, Hannah Montana Homage T-Shirt, Vintage Hannah Montana American sitcom Retro 90s Merch, Hannah Montana Tee Fans Gift"
https://i.etsystatic.com/site-assets/images/avatars/default_avatar.png?width=75,"on Aug 9, 2023",Brooke,https://www.etsy.com/people/hm5oai9h?ref=shop_review,5 out of 5 stars,,https://www.etsy.com/listing/1404302754/tom-jones-shirt-tom-jones-90s-shirt-tom?ref=shop_review,https://i.etsystatic.com/4680184099/r/il/3fc97c/4680184099/il_170x135.4680184099_76hj.jpg,"Tom Jones Shirt, Tom Jones 90's Shirt, Tom Jones Retro Vintage Shirt, Tom Jones Sweatshirt, Tom Jones 58th Shirt, Tom Jones Gift For Fan"
https://i.etsystatic.com/iusa/b53483/69816078/iusa_75x75.69816078_3wdq.jpg?version=0,"on Aug 7, 2023",Tessa,https://www.etsy.com/people/pvl6eeem?ref=shop_review,5 out of 5 stars,,https://www.etsy.com/listing/1294430646/salvatore-brothers-shirt-stefan?ref=shop_review,https://i.etsystatic.com/4225018723/r/il/8a6c5f/4225018723/il_170x135.4225018723_5g7w.jpg,"Salvatore Brother's Shirt, Stefan Salvatore Shirt , Damon Salvatore Shirt, Paul Wesley Shirt, The Vampie Diaries Shirt, Gift For Fan"
https://i.etsystatic.com/iusa/b7c108/112667761/iusa_75x75.112667761_qdeu.jpg?version=0,"on Aug 6, 2023",Jessie,https://www.etsy.com/people/dolenzio?ref=shop_review,5 out of 5 stars,,https://www.etsy.com/listing/1402868565/bam-margera-vintage-shirt-bam-margera?ref=shop_review,https://i.etsystatic.com/4562545128/r/il/15e575/4562545128/il_170x135.4562545128_8nya.jpg,"BAM MARGERA Vintage Shirt, Bam margera Homage Tshirt, Bam margera Fan Tees, Bam margera Retro 90s Sweater, Bam margera Merch Gift"
https://i.etsystatic.com/iusa/d11aa5/78054746/iusa_75x75.78054746_tdos.jpg?version=0,"on Aug 3, 2023",Lorena,https://www.etsy.com/people/lorenagaytan?ref=shop_review,5 out of 5 stars,,https://www.etsy.com/listing/1458991105/evan-buckley-retro-shirt-nine-eleven?ref=shop_review,https://i.etsystatic.com/4807798810/r/il/ee0c9d/4807798810/il_170x135.4807798810_1ra0.jpg,"Evan Buckley Retro Shirt, Nine Eleven Shirt, Series Retro Shirt, Evan Buckley 90's Vintage Homage Shirt, Evan Buckley Gift for fan"
https://i.etsystatic.com/site-assets/images/avatars/default_avatar.png?width=75,"on Jul 28, 2023",Daniela,https://www.etsy.com/people/hensztgo?ref=shop_review,4 out of 5 stars,It was a gift and my friend loved it,https://www.etsy.com/listing/1394379435/chris-evans-shirt-lucas-lee-chris-evans?ref=shop_review,https://i.etsystatic.com/4572796625/r/il/2f801c/4572796625/il_170x135.4572796625_qrby.jpg,"CHRIS EVANS Shirt, Lucas Lee Chris Evans 90s Homage Shirt, Chris Evans America Shirt, Chris Evans Vintage Shirt Chris Evans Bootleg Shirt"
https://i.etsystatic.com/iusa/785cda/85516071/iusa_75x75.85516071_kb2q.jpg?version=0,"on Jul 22, 2023",K,https://www.etsy.com/people/qtgsztjq?ref=shop_review,5 out of 5 stars,"If youre a woman i would suggest getting it very oversized, since my chest makes his face disfigured on both sides. 
but the quality is great & I love it!",https://www.etsy.com/listing/1201857619/boy-pablo-retro-shirt-boy-pablo-homage?ref=shop_review,https://i.etsystatic.com/3757613728/r/il/00e332/3757613728/il_170x135.3757613728_2ets.jpg,"Boy Pablo Retro Shirt, Boy Pablo Homage Shirt, Boy Pablo Fan Shirt, Boy Pablo Unisex Shirt, Boy Pablo 90's Vintage Homage Shirt"
https://i.etsystatic.com/site-assets/images/avatars/default_avatar.png?width=75,"on Jul 21, 2023",Kaylee,https://www.etsy.com/people/5jevcou0yn1jpoap?ref=shop_review,5 out of 5 stars,I bought it for my friend and she LOVE IT!,,,
https://i.etsystatic.com/site-assets/images/avatars/default_avatar.png?width=75,"on Jul 27, 2023",Anna,https://www.etsy.com/people/banana14as?ref=shop_review,5 out of 5 stars,,https://www.etsy.com/listing/1496235263/aubrey-plaza-shirt-aubrey-plaza-homage-t?ref=shop_review,https://i.etsystatic.com/4969254684/r/il/e7f975/4969254684/il_170x135.4969254684_3czx.jpg,"Aubrey Plaza Shirt, Aubrey Plaza Homage T-Shirt, Aubrey Christina Plaza American Actress Vintage Retro 90s Merch, Aubrey Plaza Fans Gift"
https://i.etsystatic.com/iusa/66cd63/96368502/iusa_75x75.96368502_mr3o.jpg?version=0,"on Jul 27, 2023",Griffin,https://www.etsy.com/people/shwlyw7q7o8o3p45?ref=shop_review,5 out of 5 stars,,https://www.etsy.com/listing/1313997423/raccoon-retro-sweatshirt-raccoon-homage?ref=shop_review,https://i.etsystatic.com/4249014481/r/il/73ab36/4249014481/il_170x135.4249014481_njsp.jpg,"Raccoon Retro Sweatshirt, Raccoon Homage Sweatshirt, Raccoon Sweatshirt, Raccoon Unisex Sweater, Raccoon Lovers Sweater, Raccoon Fan Sweater"
https://i.etsystatic.com/site-assets/images/avatars/default_avatar.png?width=75,"on Jul 27, 2023",Micah,https://www.etsy.com/people/uftpnvej?ref=shop_review,5 out of 5 stars,,https://www.etsy.com/listing/1261354951/meghan-markle-retro-shirt-meghan-markle?ref=shop_review,https://i.etsystatic.com/4030416629/r/il/cbd6cc/4030416629/il_170x135.4030416629_lmsq.jpg,"Meghan Markle Retro Shirt, Meghan Markle Fan Shirt, Meghan Markle Shirt, Meghan Markle Unisex Shirt, Meghan Markle Public Figure Tee"
https://i.etsystatic.com/iusa/28464b/83254525/iusa_75x75.83254525_io5o.jpg?version=0,"on Jul 26, 2023",Joey,https://www.etsy.com/people/jwhefcif?ref=shop_review,5 out of 5 stars,,https://www.etsy.com/listing/1237255925/custom-order-vintage-shirt-up-to-you?ref=shop_review,https://i.etsystatic.com/3889504952/r/il/1908ec/3889504952/il_170x135.3889504952_muab.jpg,"Custom Order Vintage Shirt, Up to You Shirt, Insert Your Design, Personalized Shirt, Customized Shirt, Change Your Design Here Shirt"
https://i.etsystatic.com/site-assets/images/avatars/default_avatar.png?width=75,"on Jul 25, 2023",Crystal,https://www.etsy.com/people/4q8qr9y52j5thrxt?ref=shop_review,5 out of 5 stars,,https://www.etsy.com/listing/1458991081/anetra-retro-shirt-anetra-90s-vintage?ref=shop_review,https://i.etsystatic.com/4807794614/r/il/56f51a/4807794614/il_170x135.4807794614_75vx.jpg,"Anetra Retro Shirt, Anetra 90's Vintage Homage Shirt, RuPaul's Drag Queen, Drag Queen Season 15, Gift For Fan"
https://i.etsystatic.com/site-assets/images/avatars/default_avatar.png?width=75,"on Jul 22, 2023",Margaret,https://www.etsy.com/people/ewts2tuz?ref=shop_review,5 out of 5 stars,,https://www.etsy.com/listing/1261369217/artie-bucco-homage-retro-90s-vintage?ref=shop_review,https://i.etsystatic.com/4030550765/r/il/d632d5/4030550765/il_170x135.4030550765_2s6s.jpg,"Artie Bucco Homage Retro 90's Vintage Sweatshirt, Artie Bucco Sweatshirt, La Cosa Nostra, Mafia Tv Series, Soprano, American Italian Crime"
https://i.etsystatic.com/iusa/8d8390/74139785/iusa_75x75.74139785_bmzp.jpg?version=0,"on Jul 21, 2023",Myda,https://www.etsy.com/people/mydarojas?ref=shop_review,5 out of 5 stars,,https://www.etsy.com/listing/1198920310/raccoon-homage-shirt-raccoon-hip-hop?ref=shop_review,https://i.etsystatic.com/3799090884/r/il/825913/3799090884/il_170x135.3799090884_d4pg.jpg,"Raccoon Homage Shirt, Raccoon Hip Hop Style 90s Shirt, Raccoon Shirt, Raccoon Funny Gift For Him Her Tees, Cute Raccoon Tshirt"
https://i.etsystatic.com/site-assets/images/avatars/default_avatar.png?width=75,"on Jul 17, 2023",Etsy buyer,https://www.etsy.com/people/Purplepitbulls?ref=shop_review,5 out of 5 stars,"This review is long overdue, but I couldn't ask for better service. Responses were quick, and I was shown a mock up image before the final shirt was made. 😁",https://www.etsy.com/listing/1237255925/custom-order-vintage-shirt-up-to-you?ref=shop_review,https://i.etsystatic.com/3889504952/r/il/1908ec/3889504952/il_170x135.3889504952_muab.jpg,"Custom Order Vintage Shirt, Up to You Shirt, Insert Your Design, Personalized Shirt, Customized Shirt, Change Your Design Here Shirt"
https://i.etsystatic.com/iusa/10f5a1/74820365/iusa_75x75.74820365_igte.jpg?version=0,"on Jul 16, 2023",Jason,https://www.etsy.com/people/sjadycrk?ref=shop_review,5 out of 5 stars,Yahtzee!!,https://www.etsy.com/listing/1404302754/tom-jones-shirt-tom-jones-90s-shirt-tom?ref=shop_review,https://i.etsystatic.com/4680184099/r/il/3fc97c/4680184099/il_170x135.4680184099_76hj.jpg,"Tom Jones Shirt, Tom Jones 90's Shirt, Tom Jones Retro Vintage Shirt, Tom Jones Sweatshirt, Tom Jones 58th Shirt, Tom Jones Gift For Fan"
https://i.etsystatic.com/site-assets/images/avatars/default_avatar.png?width=75,"on Jul 17, 2023",Emmanuel,https://www.etsy.com/people/6plin8gtqrdbspq3?ref=shop_review,5 out of 5 stars,,https://www.etsy.com/listing/1477961070/retro-chalino-sanchez-shirt-camacho?ref=shop_review,https://i.etsystatic.com/4950760180/r/il/19a3b9/4950760180/il_170x135.4950760180_ksup.jpg,"Retro Chalino Sanchez Shirt, Camacho Ariel Shirt, Vintage Retro 90s T-shirt , Corridos Mexican, Valentin Elizalde, Saul Viera Shirts,"
https://i.etsystatic.com/iusa/dafaeb/116151592/iusa_75x75.116151592_mj3x.jpg?version=0,"on Jul 15, 2023",Kaila,https://www.etsy.com/people/oiazpt02lmfy90mx?ref=shop_review,5 out of 5 stars,,https://www.etsy.com/listing/1512712985/jason-momoa-shirt-jason-momoa-hawaiian?ref=shop_review,https://i.etsystatic.com/5089911303/r/il/c3c76f/5089911303/il_170x135.5089911303_lrfq.jpg,"JASON MOMOA Shirt, Jason Momoa Hawaiian Actor T-shirt, Vintage Jason Momoa Homage Merch Retro 90s Fans Gift, Jason Momoa Amber Heard Tees"
https://i.etsystatic.com/iusa/751d68/74446824/iusa_75x75.74446824_bjs7.jpg?version=0,"on Jul 15, 2023",Etsy buyer,https://www.etsy.com/people/tbhummel?ref=shop_review,5 out of 5 stars,,https://www.etsy.com/listing/1404302754/tom-jones-shirt-tom-jones-90s-shirt-tom?ref=shop_review,https://i.etsystatic.com/4680184067/r/il/89af59/4680184067/il_170x135.4680184067_nk4l.jpg,"Tom Jones Shirt, Tom Jones 90's Shirt, Tom Jones Retro Vintage Shirt, Tom Jones Sweatshirt, Tom Jones 58th Shirt, Tom Jones Gift For Fan"
https://i.etsystatic.com/iusa/ca30e4/81893979/iusa_75x75.81893979_q6zi.jpg?version=0,"on Jul 13, 2023",Hannah,https://www.etsy.com/people/hannahmixson01?ref=shop_review,5 out of 5 stars,,https://www.etsy.com/listing/1465912738/sasha-colby-retro-shirt-sasha-colby-90s?ref=shop_review,https://i.etsystatic.com/4897853176/r/il/598fb1/4897853176/il_170x135.4897853176_pno5.jpg,"Sasha Colby Retro Shirt, Sasha Colby 90's Vintage Homage Shirt, Drag Queen Reality Show, Drag Queen Season 15, Gift For Fan"
https://i.etsystatic.com/iusa/9a6199/92347679/iusa_75x75.92347679_g306.jpg?version=0,"on Jul 13, 2023",Alexis,https://www.etsy.com/people/d95nu21stx1vda8b?ref=shop_review,5 out of 5 stars,,https://www.etsy.com/listing/1198920310/raccoon-homage-shirt-raccoon-hip-hop?ref=shop_review,https://i.etsystatic.com/3799090884/r/il/825913/3799090884/il_170x135.3799090884_d4pg.jpg,"Raccoon Homage Shirt, Raccoon Hip Hop Style 90s Shirt, Raccoon Shirt, Raccoon Funny Gift For Him Her Tees, Cute Raccoon Tshirt"
https://i.etsystatic.com/iusa/8baaee/116136344/iusa_75x75.116136344_1c89.jpg?version=0,"on Jul 13, 2023",bettyrose,https://www.etsy.com/people/enm7y9mc?ref=shop_review,5 out of 5 stars,,https://www.etsy.com/listing/1458991105/evan-buckley-retro-shirt-nine-eleven?ref=shop_review,https://i.etsystatic.com/4807798810/r/il/ee0c9d/4807798810/il_170x135.4807798810_1ra0.jpg,"Evan Buckley Retro Shirt, Nine Eleven Shirt, Series Retro Shirt, Evan Buckley 90's Vintage Homage Shirt, Evan Buckley Gift for fan"
https://i.etsystatic.com/site-assets/images/avatars/default_avatar.png?width=75,"on Jul 13, 2023",Katherine,https://www.etsy.com/people/griffithkatherine?ref=shop_review,5 out of 5 stars,,https://www.etsy.com/listing/1313997423/raccoon-retro-sweatshirt-raccoon-homage?ref=shop_review,https://i.etsystatic.com/4249014481/r/il/73ab36/4249014481/il_170x135.4249014481_njsp.jpg,"Raccoon Retro Sweatshirt, Raccoon Homage Sweatshirt, Raccoon Sweatshirt, Raccoon Unisex Sweater, Raccoon Lovers Sweater, Raccoon Fan Sweater"
https://i.etsystatic.com/site-assets/images/avatars/default_avatar.png?width=75,"on Jul 11, 2023",Macy,https://www.etsy.com/people/magicallymacy?ref=shop_review,5 out of 5 stars,,https://www.etsy.com/listing/1458991105/evan-buckley-retro-shirt-nine-eleven?ref=shop_review,https://i.etsystatic.com/4856066101/r/il/bd64da/4856066101/il_170x135.4856066101_oiy2.jpg,"Evan Buckley Retro Shirt, Nine Eleven Shirt, Series Retro Shirt, Evan Buckley 90's Vintage Homage Shirt, Evan Buckley Gift for fan"
https://i.etsystatic.com/site-assets/images/avatars/default_avatar.png?width=75,"on Jun 29, 2023",Danielle,https://www.etsy.com/people/dgraham7?ref=shop_review,5 out of 5 stars,"Bought for gift. Great quality, good print!",https://www.etsy.com/listing/1198920310/raccoon-homage-shirt-raccoon-hip-hop?ref=shop_review,https://i.etsystatic.com/3799090882/r/il/a90ec7/3799090882/il_170x135.3799090882_an27.jpg,"Raccoon Homage Shirt, Raccoon Hip Hop Style 90s Shirt, Raccoon Shirt, Raccoon Funny Gift For Him Her Tees, Cute Raccoon Tshirt"
https://i.etsystatic.com/site-assets/images/avatars/default_avatar.png?width=75,"on Jun 25, 2023",Mauricio,https://www.etsy.com/people/kej3vg64t1vqj8ui?ref=shop_review,5 out of 5 stars,Loves it exactly as u expect,https://www.etsy.com/listing/1192937070/princess-diana-retro-shirt-princess?ref=shop_review,https://i.etsystatic.com/3824318487/r/il/462a06/3824318487/il_170x135.3824318487_oqd8.jpg,"Princess Diana Retro Shirt, Princess Diana Fan Shirt, Princess Diana Shirt, Princess Diana Unisex Shirt, Princess Diana Public Figure Tee"
https://i.etsystatic.com/site-assets/images/avatars/default_avatar.png?width=75,"on Jul 1, 2023",Madeline,https://www.etsy.com/people/ptkiaya8?ref=shop_review,5 out of 5 stars,,https://www.etsy.com/listing/1197914406/dave-grohl-homage-shirt-dave-grohl?ref=shop_review,https://i.etsystatic.com/3843014961/r/il/7ae56d/3843014961/il_170x135.3843014961_41m9.jpg,"Dave Grohl Homage Shirt, Dave Grohl Vintage Shirt, Dave Grohl Fan Shirt, Dave Grohl Gift For Him Her Tees, Dave Grohl Tee, Rock Band Shirt"
https://i.etsystatic.com/site-assets/images/avatars/default_avatar.png?width=75,"Etsy buyer on Jun 28, 2023",,,4 out of 5 stars,,https://www.etsy.com/listing/1390158225/bette-porter-shirt-bette-porter-90s?ref=shop_review,https://i.etsystatic.com/4507205988/r/il/f2fc24/4507205988/il_170x135.4507205988_4uir.jpg,"Bette Porter Shirt, Bette Porter 90's Retro Shirt, Jenifer Beals, Jenifer Beals Vintage Shirt, Jennifer Beals Gift For Fan"
https://i.etsystatic.com/site-assets/images/avatars/default_avatar.png?width=75,"on Jun 26, 2023",Yumiko,https://www.etsy.com/people/yedjowth?ref=shop_review,5 out of 5 stars,,https://www.etsy.com/listing/1254010835/aphex-twin-retro-sweatshirt-aphex-twin?ref=shop_review,https://i.etsystatic.com/3953576050/r/il/88610e/3953576050/il_170x135.3953576050_4hry.jpg,"Aphex Twin Retro Sweatshirt, Aphex Twin Homage Sweatshirt, Aphex Twin Sweatshirt, Aphex Twin  Unisex Sweatshirt, Aphex Twin  Crewneck"
https://i.etsystatic.com/site-assets/images/avatars/default_avatar.png?width=75,"on Jun 26, 2023",Yumiko,https://www.etsy.com/people/yedjowth?ref=shop_review,5 out of 5 stars,,https://www.etsy.com/listing/1232180758/aphex-twin-retro-shirt-aphex-twin-shirt?ref=shop_review,https://i.etsystatic.com/3970411959/r/il/c63999/3970411959/il_170x135.3970411959_9i2k.jpg,"Aphex Twin Retro Shirt, Aphex Twin Shirt, Aphex Twin Musician Shirt, Aphex Twin 90's Vintage Homage Shirt, Aphex Twin Gift for fan"
https://i.etsystatic.com/site-assets/images/avatars/default_avatar.png?width=75,"on Jun 26, 2023",Yumiko,https://www.etsy.com/people/yedjowth?ref=shop_review,5 out of 5 stars,,https://www.etsy.com/listing/1232180758/aphex-twin-retro-shirt-aphex-twin-shirt?ref=shop_review,https://i.etsystatic.com/3922911524/r/il/e21e68/3922911524/il_170x135.3922911524_mofo.jpg,"Aphex Twin Retro Shirt, Aphex Twin Shirt, Aphex Twin Musician Shirt, Aphex Twin 90's Vintage Homage Shirt, Aphex Twin Gift for fan"
https://i.etsystatic.com/site-assets/images/avatars/default_avatar.png?width=75,"on Jun 26, 2023",sara,https://www.etsy.com/people/uunigiyx?ref=shop_review,5 out of 5 stars,,https://www.etsy.com/listing/1408405344/salvatore-brothers-shirt-stefan?ref=shop_review,https://i.etsystatic.com/4698812145/r/il/f4e284/4698812145/il_170x135.4698812145_mw9g.jpg,"Salvatore Brother's Shirt, Stefan Salvatore Shirt , Damon Salvatore Shirt, Paul Wesley Shirt, The Vampie Diaries Shirt, Gift For Fan"
https://i.etsystatic.com/site-assets/images/avatars/default_avatar.png?width=75,"on Jun 25, 2023",Etsy buyer,https://www.etsy.com/people/brimaikranz?ref=shop_review,5 out of 5 stars,,https://www.etsy.com/listing/1193566176/christopher-moltisanti-homage-retro-90s?ref=shop_review,https://i.etsystatic.com/3779109146/r/il/891cd7/3779109146/il_170x135.3779109146_awbg.jpg,"Christopher Moltisanti Homage Retro 90's Vintage Tshirt, Chris Moltisanti Shirt, La Cosa Nostra, Mafia Tv Series, American Italian Crime"
https://i.etsystatic.com/iusa/944f93/95833710/iusa_75x75.95833710_sguz.jpg?version=0,"on Jun 25, 2023",Veronica,https://www.etsy.com/people/m0vqh1fw6xavsmxx?ref=shop_review,5 out of 5 stars,,https://www.etsy.com/listing/1465912738/sasha-colby-retro-shirt-sasha-colby-90s?ref=shop_review,https://i.etsystatic.com/4897853176/r/il/598fb1/4897853176/il_170x135.4897853176_pno5.jpg,"Sasha Colby Retro Shirt, Sasha Colby 90's Vintage Homage Shirt, Drag Queen Reality Show, Drag Queen Season 15, Gift For Fan"
https://i.etsystatic.com/iusa/c21dd0/47250291/iusa_75x75.47250291_61gd.jpg?version=0,"on Jun 15, 2023",Jennifer,https://www.etsy.com/people/Stupidlamb69101?ref=shop_review,5 out of 5 stars,Absolutely love this! Great quality and looks fantastic thank you,https://www.etsy.com/listing/1197914406/dave-grohl-homage-shirt-dave-grohl?ref=shop_review,https://i.etsystatic.com/3843014961/r/il/7ae56d/3843014961/il_170x135.3843014961_41m9.jpg,"Dave Grohl Homage Shirt, Dave Grohl Vintage Shirt, Dave Grohl Fan Shirt, Dave Grohl Gift For Him Her Tees, Dave Grohl Tee, Rock Band Shirt"
https://i.etsystatic.com/iusa/84bd0d/92014789/iusa_75x75.92014789_e7bb.jpg?version=0,"on Jun 15, 2023",abbie,https://www.etsy.com/people/abbiedecastro?ref=shop_review,5 out of 5 stars,The perfect gift for my friend who is a Pedro Pascal lover!,https://www.etsy.com/listing/1402868873/pedro-pascal-shirt-actor-pedro-pascal?ref=shop_review,https://i.etsystatic.com/4609930917/r/il/3d9ece/4609930917/il_170x135.4609930917_ad8p.jpg,"PEDRO PASCAL Shirt, Actor Pedro Pascal Shirt Retro 90s, Narco Pedro Pascal Fans Gift, Pedro Pascal Tribute Celebrity Shirt"
https://i.etsystatic.com/site-assets/images/avatars/default_avatar.png?width=75,"on Jun 14, 2023",Sofi,https://www.etsy.com/people/kdgo33zosctdmcmf?ref=shop_review,5 out of 5 stars,Loved it!! It’s so pretty and the quality is great :),https://www.etsy.com/listing/1394379435/chris-evans-shirt-lucas-lee-chris-evans?ref=shop_review,https://i.etsystatic.com/4572796625/r/il/2f801c/4572796625/il_170x135.4572796625_qrby.jpg,"CHRIS EVANS Shirt, Lucas Lee Chris Evans 90s Homage Shirt, Chris Evans America Shirt, Chris Evans Vintage Shirt Chris Evans Bootleg Shirt"
https://i.etsystatic.com/site-assets/images/avatars/default_avatar.png?width=75,"on Jun 12, 2023",Erin,https://www.etsy.com/people/ricefan?ref=shop_review,5 out of 5 stars,"Very good quality, quick shipping",https://www.etsy.com/listing/1197914406/dave-grohl-homage-shirt-dave-grohl?ref=shop_review,https://i.etsystatic.com/3795463178/r/il/f0ac15/3795463178/il_170x135.3795463178_rwz0.jpg,"Dave Grohl Homage Shirt, Dave Grohl Vintage Shirt, Dave Grohl Fan Shirt, Dave Grohl Gift For Him Her Tees, Dave Grohl Tee, Rock Band Shirt"
https://i.etsystatic.com/iusa/260836/100789732/iusa_75x75.100789732_474o.jpg?version=0,"on Jun 17, 2023",olivia,https://www.etsy.com/people/oliviaphillips1?ref=shop_review,5 out of 5 stars,,https://www.etsy.com/listing/1288379723/tony-soprano-retro-shirt-tony-soprano?ref=shop_review,https://i.etsystatic.com/4090596958/r/il/1d5139/4090596958/il_170x135.4090596958_5gds.jpg,"Tony Soprano Retro Shirt, Tony Soprano Shirt, Tony Soprano Retro Shirt, Tony Soprano 90's Vintage Homage Shirt, Tony Soprano Gift for fan"
https://i.etsystatic.com/iusa/f5ac1d/85295853/iusa_75x75.85295853_6wwe.jpg?version=0,"on Jun 14, 2023",Tyler,https://www.etsy.com/people/apdrcjus?ref=shop_review,5 out of 5 stars,,https://www.etsy.com/listing/1422737597/jon-stewart-2024-t-shirt-jon-stewart-for?ref=shop_review,https://i.etsystatic.com/4699451387/r/il/a2980d/4699451387/il_170x135.4699451387_26ib.jpg,"Jon Stewart 2024 t-shirt, Jon Stewart for President, Elect Jon Stewart in 24, The Daily Show, Jon Stewart HOPE Shirt"
https://i.etsystatic.com/site-assets/images/avatars/default_avatar.png?width=75,"on Jun 14, 2023",Katie,https://www.etsy.com/people/katiepatton526?ref=shop_review,5 out of 5 stars,,,,
https://i.etsystatic.com/site-assets/images/avatars/default_avatar.png?width=75,"on Jun 13, 2023",Katherine,https://www.etsy.com/people/griffithkatherine?ref=shop_review,5 out of 5 stars,,https://www.etsy.com/listing/1313997423/raccoon-retro-sweatshirt-raccoon-homage?ref=shop_review,https://i.etsystatic.com/4249014481/r/il/73ab36/4249014481/il_170x135.4249014481_njsp.jpg,"Raccoon Retro Sweatshirt, Raccoon Homage Sweatshirt, Raccoon Sweatshirt, Raccoon Unisex Sweater, Raccoon Lovers Sweater, Raccoon Fan Sweater"
https://i.etsystatic.com/iusa/d79c95/113111863/iusa_75x75.113111863_liad.jpg?version=0,"on Jun 13, 2023",Annie,https://www.etsy.com/people/anneisincontrol?ref=shop_review,5 out of 5 stars,,https://www.etsy.com/listing/1458991081/anetra-retro-shirt-anetra-90s-vintage?ref=shop_review,https://i.etsystatic.com/4807794614/r/il/56f51a/4807794614/il_170x135.4807794614_75vx.jpg,"Anetra Retro Shirt, Anetra 90's Vintage Homage Shirt, RuPaul's Drag Queen, Drag Queen Season 15, Gift For Fan"
https://i.etsystatic.com/site-assets/images/avatars/default_avatar.png?width=75,"on Jun 13, 2023",Etsy buyer,https://www.etsy.com/people/sydneypearce52?ref=shop_review,5 out of 5 stars,,,,
https://i.etsystatic.com/site-assets/images/avatars/default_avatar.png?width=75,"on Jun 2, 2023",jules,https://www.etsy.com/people/m8hjfjbu?ref=shop_review,5 out of 5 stars,this shirt is the essence of my existence i ADORE IT it makes me smile every time i wear it,https://www.etsy.com/listing/1198920310/raccoon-homage-shirt-raccoon-hip-hop?ref=shop_review,https://i.etsystatic.com/3799090884/r/il/825913/3799090884/il_170x135.3799090884_d4pg.jpg,"Raccoon Homage Shirt, Raccoon Hip Hop Style 90s Shirt, Raccoon Shirt, Raccoon Funny Gift For Him Her Tees, Cute Raccoon Tshirt"
https://i.etsystatic.com/iusa/39cb9b/80053001/iusa_75x75.80053001_93u0.jpg?version=0,"on May 31, 2023",Allison,https://www.etsy.com/people/teammonroe2012?ref=shop_review,5 out of 5 stars,Very accommodating! I love my shirt,https://www.etsy.com/listing/1237255925/custom-order-vintage-shirt-up-to-you?ref=shop_review,https://i.etsystatic.com/3889504952/r/il/1908ec/3889504952/il_170x135.3889504952_muab.jpg,"Custom Order Vintage Shirt, Up to You Shirt, Insert Your Design, Personalized Shirt, Customized Shirt, Change Your Design Here Shirt"
https://i.etsystatic.com/site-assets/images/avatars/default_avatar.png?width=75,"on Jun 2, 2023",Lauryn,https://www.etsy.com/people/ignw8ozp?ref=shop_review,5 out of 5 stars,,https://www.etsy.com/listing/1198920310/raccoon-homage-shirt-raccoon-hip-hop?ref=shop_review,https://i.etsystatic.com/3799090884/r/il/825913/3799090884/il_170x135.3799090884_d4pg.jpg,"Raccoon Homage Shirt, Raccoon Hip Hop Style 90s Shirt, Raccoon Shirt, Raccoon Funny Gift For Him Her Tees, Cute Raccoon Tshirt"
https://i.etsystatic.com/iusa/012cf3/100177438/iusa_75x75.100177438_d6go.jpg?version=0,"on Jun 2, 2023",Megumi,https://www.etsy.com/people/9khzaf9vbt61e0x6?ref=shop_review,5 out of 5 stars,,https://www.etsy.com/listing/1237255925/custom-order-vintage-shirt-up-to-you?ref=shop_review,https://i.etsystatic.com/3889504952/r/il/1908ec/3889504952/il_170x135.3889504952_muab.jpg,"Custom Order Vintage Shirt, Up to You Shirt, Insert Your Design, Personalized Shirt, Customized Shirt, Change Your Design Here Shirt"
https://i.etsystatic.com/iusa/9d1b64/82705078/iusa_75x75.82705078_sr41.jpg?version=0,"on Jun 1, 2023",Jennifer,https://www.etsy.com/people/qyb70rtc?ref=shop_review,5 out of 5 stars,,https://www.etsy.com/listing/1458991105/evan-buckley-retro-shirt-nine-eleven?ref=shop_review,https://i.etsystatic.com/4807798810/r/il/ee0c9d/4807798810/il_170x135.4807798810_1ra0.jpg,"Evan Buckley Retro Shirt, Nine Eleven Shirt, Series Retro Shirt, Evan Buckley 90's Vintage Homage Shirt, Evan Buckley Gift for fan"
https://i.etsystatic.com/iusa/ed48af/43068564/iusa_75x75.43068564_3yzr.jpg?version=0,"on Jun 1, 2023",Lauren,https://www.etsy.com/people/lelizabeth1218?ref=shop_review,5 out of 5 stars,,https://www.etsy.com/listing/1402868873/pedro-pascal-shirt-actor-pedro-pascal?ref=shop_review,https://i.etsystatic.com/4609930917/r/il/3d9ece/4609930917/il_170x135.4609930917_ad8p.jpg,"PEDRO PASCAL Shirt, Actor Pedro Pascal Shirt Retro 90s, Narco Pedro Pascal Fans Gift, Pedro Pascal Tribute Celebrity Shirt"
https://i.etsystatic.com/site-assets/images/avatars/default_avatar.png?width=75,"on Jun 1, 2023",Debra,https://www.etsy.com/people/lcpyyxnq?ref=shop_review,5 out of 5 stars,,https://www.etsy.com/listing/1404302754/tom-jones-shirt-tom-jones-90s-shirt-tom?ref=shop_review,https://i.etsystatic.com/4680184099/r/il/3fc97c/4680184099/il_170x135.4680184099_76hj.jpg,"Tom Jones Shirt, Tom Jones 90's Shirt, Tom Jones Retro Vintage Shirt, Tom Jones Sweatshirt, Tom Jones 58th Shirt, Tom Jones Gift For Fan"
https://i.etsystatic.com/iusa/1e950a/111749816/iusa_75x75.111749816_di3p.jpg?version=0,"on May 31, 2023",Heather,https://www.etsy.com/people/sinatragirl3?ref=shop_review,5 out of 5 stars,,https://www.etsy.com/listing/1402868675/bernadtette-peters-shirt-bernadtette?ref=shop_review,https://i.etsystatic.com/4609933279/r/il/0dc7d6/4609933279/il_170x135.4609933279_bcb5.jpg,"BERNADTETTE PETERS Shirt, Bernadtette Peters Homage Tshirt, Bernadtette Peters Fan Tees, Bernadtette Peters Retro 90s Sweater, Bernadtette"
https://i.etsystatic.com/site-assets/images/avatars/default_avatar.png?width=75,"on May 31, 2023",emily,https://www.etsy.com/people/15clxxue?ref=shop_review,5 out of 5 stars,,https://www.etsy.com/listing/1405607099/pedro-pascal-sweatshirt-actor-pedro?ref=shop_review,https://i.etsystatic.com/4621173103/r/il/dab14b/4621173103/il_170x135.4621173103_llf2.jpg,"PEDRO PASCAL Sweatshirt, Actor Pedro Pascal Sweatshirt Retro 90s, Narco Pedro Pascal Fans Gift, Pedro Pascal Tribute Celebrity Shirt"
https://i.etsystatic.com/site-assets/images/avatars/default_avatar.png?width=75,"on May 22, 2023",Arlanni,https://www.etsy.com/people/tsvuqp6l4wvzqf6n?ref=shop_review,5 out of 5 stars,I love it I really really love it,,,
https://i.etsystatic.com/iusa/ae92d0/92088987/iusa_75x75.92088987_qmyc.jpg?version=0,"on May 25, 2023",Cheyenne,https://www.etsy.com/people/valwtrkihlju5hc8?ref=shop_review,5 out of 5 stars,,https://www.etsy.com/listing/1458991081/anetra-retro-shirt-anetra-90s-vintage?ref=shop_review,https://i.etsystatic.com/4807794614/r/il/56f51a/4807794614/il_170x135.4807794614_75vx.jpg,"Anetra Retro Shirt, Anetra 90's Vintage Homage Shirt, RuPaul's Drag Queen, Drag Queen Season 15, Gift For Fan"
https://i.etsystatic.com/site-assets/images/avatars/default_avatar.png?width=75,"on May 25, 2023",Carina,https://www.etsy.com/people/gxfe9ieunr6gx4yp?ref=shop_review,5 out of 5 stars,,https://www.etsy.com/listing/1237120887/olivia-benson-retro-sweatshirt-olivia?ref=shop_review,https://i.etsystatic.com/3898332268/r/il/bf0de2/3898332268/il_170x135.3898332268_mgvq.jpg,"Olivia Benson Retro Sweatshirt, Olivia Benson Homage Sweatshirt, Olivia Benson Sweatshirt, Olivia Benson Unisex Sweatshirt"
https://i.etsystatic.com/site-assets/images/avatars/default_avatar.png?width=75,"on May 25, 2023",Stephanie,https://www.etsy.com/people/stephg9009?ref=shop_review,5 out of 5 stars,,https://www.etsy.com/listing/1200692588/sam-fender-retro-shirt-sam-fender-shirt?ref=shop_review,https://i.etsystatic.com/3805854932/r/il/d53a6e/3805854932/il_170x135.3805854932_74ps.jpg,"Sam Fender Retro Shirt, Sam Fender Shirt, Sam Fender Vintage Shirt, Sam Fender Gift for fan, Sam Fender Tour Merch, Sam Fender Homage Shirt"
https://i.etsystatic.com/site-assets/images/avatars/default_avatar.png?width=75,"on May 24, 2023",Sammy,https://www.etsy.com/people/samanthadargie?ref=shop_review,5 out of 5 stars,,https://www.etsy.com/listing/1192937070/princess-diana-retro-shirt-princess?ref=shop_review,https://i.etsystatic.com/3824318637/r/il/39482f/3824318637/il_170x135.3824318637_dn7s.jpg,"Princess Diana Retro Shirt, Princess Diana Fan Shirt, Princess Diana Shirt, Princess Diana Unisex Shirt, Princess Diana Public Figure Tee"
https://i.etsystatic.com/site-assets/images/avatars/default_avatar.png?width=75,"on May 23, 2023",Charlotte,https://www.etsy.com/people/hr5u91gxjpnvw3pl?ref=shop_review,5 out of 5 stars,,https://www.etsy.com/listing/1240020355/michael-buble-shirt-michael-buble-retro?ref=shop_review,https://i.etsystatic.com/3947253137/r/il/695f3b/3947253137/il_170x135.3947253137_23hq.jpg,"Michael Buble Shirt, Michael Buble Retro Shirt, Michael Buble Homage Shirt, Michael Buble Gift for fan, Michael Buble Merch"
https://i.etsystatic.com/site-assets/images/avatars/default_avatar.png?width=75,"on May 22, 2023",Torin,https://www.etsy.com/people/8ys1z9ct8jcnho38?ref=shop_review,5 out of 5 stars,,https://www.etsy.com/listing/1444790392/luxx-noir-london-retro-shirt-luxx-noir?ref=shop_review,https://i.etsystatic.com/4807808946/r/il/a04d57/4807808946/il_170x135.4807808946_okho.jpg,"Luxx noir London Retro Shirt, Luxx Noir London 90's Vintage Homage Shirt,Rupaul's Drag Race, Drag Race Season 15, Gift For Fan"
https://i.etsystatic.com/iusa/1bd504/71864105/iusa_75x75.71864105_a20j.jpg?version=0,"on May 22, 2023",Ashley,https://www.etsy.com/people/awaqq8mp?ref=shop_review,5 out of 5 stars,,https://www.etsy.com/listing/1458991105/evan-buckley-retro-shirt-nine-eleven?ref=shop_review,https://i.etsystatic.com/4807798804/r/il/41fdf4/4807798804/il_170x135.4807798804_8f15.jpg,"Evan Buckley Retro Shirt, Nine Eleven Shirt, Series Retro Shirt, Evan Buckley 90's Vintage Homage Shirt, Evan Buckley Gift for fan"
https://i.etsystatic.com/iusa/bb2b53/85290261/iusa_75x75.85290261_j1kn.jpg?version=0,"on May 22, 2023",Melly,https://www.etsy.com/people/mellyrodriguez1?ref=shop_review,5 out of 5 stars,,https://www.etsy.com/listing/1402868873/pedro-pascal-shirt-actor-pedro-pascal?ref=shop_review,https://i.etsystatic.com/4609930917/r/il/3d9ece/4609930917/il_170x135.4609930917_ad8p.jpg,"PEDRO PASCAL Shirt, Actor Pedro Pascal Shirt Retro 90s, Narco Pedro Pascal Fans Gift, Pedro Pascal Tribute Celebrity Shirt"
https://i.etsystatic.com/iusa/49d6ff/111943696/iusa_75x75.111943696_ka5y.jpg?version=0,"on May 21, 2023",moira,https://www.etsy.com/people/moiruh?ref=shop_review,5 out of 5 stars,,https://www.etsy.com/listing/1303818269/earth-wind-and-fire-vintage-shirt-earth?ref=shop_review,https://i.etsystatic.com/4157051436/r/il/51433b/4157051436/il_170x135.4157051436_jxve.jpg,"Earth Wind and Fire Vintage Shirt, Earth Wind and Fire Shirt, Earth Wind and Fire 80s Vintage Homage Shirt, Earth Wind and Fire Gift for fan"
https://i.etsystatic.com/site-assets/images/avatars/default_avatar.png?width=75,"on May 13, 2023",Maddie,https://www.etsy.com/people/maddiesinclair98?ref=shop_review,5 out of 5 stars,super fun and cute shirt!,https://www.etsy.com/listing/1458991105/evan-buckley-retro-shirt-nine-eleven?ref=shop_review,https://i.etsystatic.com/4807798810/r/il/ee0c9d/4807798810/il_170x135.4807798810_1ra0.jpg,"Evan Buckley Retro Shirt, Nine Eleven Shirt, Series Retro Shirt, Evan Buckley 90's Vintage Homage Shirt, Evan Buckley Gift for fan"
https://i.etsystatic.com/iusa/006bb8/74535337/iusa_75x75.74535337_bprt.jpg?version=0,"on May 11, 2023",Kaitlyn,https://www.etsy.com/people/ktastropheknits?ref=shop_review,5 out of 5 stars,"great quality, fast shipping. thank you!",https://www.etsy.com/listing/1294996828/han-lue-retro-shirt-han-lue-shirt-tokyo?ref=shop_review,https://i.etsystatic.com/4179805778/r/il/f362b8/4179805778/il_170x135.4179805778_7xog.jpg,"Han Lue Retro Shirt, Han Lue Shirt, Tokyo Drift Retro Shirt, Han Lue 90's Vintage Homage Shirt, Han Lue Gift for fan"
https://i.etsystatic.com/iusa/f9c4fc/112555172/iusa_75x75.112555172_jd1i.jpg?version=0,"on May 16, 2023",Wait,https://www.etsy.com/people/4bs5qhuwtqg73k62?ref=shop_review,5 out of 5 stars,,https://www.etsy.com/listing/1186527706/george-benson-shirt-george-benson?ref=shop_review,https://i.etsystatic.com/3799962397/r/il/6d820c/3799962397/il_170x135.3799962397_7y0z.jpg,"George Benson Shirt, George Benson Vintage T Shirt, Gift for Men and Women, Unisex Clothes, Nothing's Gonna Change My Love For You Shirt"
https://i.etsystatic.com/site-assets/images/avatars/default_avatar.png?width=75,"on May 15, 2023",Etsy buyer,https://www.etsy.com/people/the3odd?ref=shop_review,5 out of 5 stars,,https://www.etsy.com/listing/1212839969/william-shakespeare-shirt-shakespeare?ref=shop_review,https://i.etsystatic.com/3846631225/r/il/b2bc96/3846631225/il_170x135.3846631225_a28f.jpg,"William Shakespeare Shirt, Shakespeare Homage Shirt, Shakespeare Shirt, Shakespeare Gift, Shakespeare Unisex Shirt, Shakespeare Poet Shirt"
https://i.etsystatic.com/site-assets/images/avatars/default_avatar.png?width=75,"on May 15, 2023",Jackie,https://www.etsy.com/people/jackiecarelli?ref=shop_review,5 out of 5 stars,,https://www.etsy.com/listing/1192937070/princess-diana-retro-shirt-princess?ref=shop_review,https://i.etsystatic.com/3824318635/r/il/845fc0/3824318635/il_170x135.3824318635_r8u5.jpg,"Princess Diana Retro Shirt, Princess Diana Fan Shirt, Princess Diana Shirt, Princess Diana Unisex Shirt, Princess Diana Public Figure Tee"
https://i.etsystatic.com/iusa/a2a59f/104069314/iusa_75x75.104069314_9kxp.jpg?version=0,"on May 13, 2023",Marian,https://www.etsy.com/people/mariangardner1?ref=shop_review,5 out of 5 stars,,https://www.etsy.com/listing/1390476349/steve-brady-vintage-shirt-steve-brady?ref=shop_review,https://i.etsystatic.com/4508782124/r/il/216836/4508782124/il_170x135.4508782124_gtdg.jpg,"STEVE BRADY Vintage Shirt, steve brady Homage Tshirt, steve brady Fan Tees, steve brady Retro 90s Sweater, steve brady Merch Gift"
https://i.etsystatic.com/iusa/df4517/100760257/iusa_75x75.100760257_1ry3.jpg?version=0,"on May 12, 2023",Selena,https://www.etsy.com/people/3cvt97o8djmnzc06?ref=shop_review,5 out of 5 stars,,,,
https://i.etsystatic.com/iusa/611808/55647669/iusa_75x75.55647669_83px.jpg?version=0,"on May 11, 2023",Jennifer,https://www.etsy.com/people/610jennifer?ref=shop_review,5 out of 5 stars,,https://www.etsy.com/listing/1200743289/olivia-benson-law-and-order-svu-vintage?ref=shop_review,https://i.etsystatic.com/3802114975/r/il/221442/3802114975/il_170x135.3802114975_g8up.jpg,"Olivia Benson Law and Order SVU Vintage Retro Shirt, Mariska Hargitay Shirt Vintage, Homage Shirt, Olivia Benson Shirt , Olivia Benson Tee"
https://i.etsystatic.com/iusa/d7b9b4/64170804/iusa_75x75.64170804_1tsm.jpg?version=0,"on May 11, 2023",Karoline,https://www.etsy.com/people/9ohbrv5o?ref=shop_review,4 out of 5 stars,,https://www.etsy.com/listing/1405607099/pedro-pascal-sweatshirt-actor-pedro?ref=shop_review,https://i.etsystatic.com/4621173103/r/il/dab14b/4621173103/il_170x135.4621173103_llf2.jpg,"PEDRO PASCAL Sweatshirt, Actor Pedro Pascal Sweatshirt Retro 90s, Narco Pedro Pascal Fans Gift, Pedro Pascal Tribute Celebrity Shirt"
https://i.etsystatic.com/iusa/40a7eb/100209009/iusa_75x75.100209009_ddu4.jpg?version=0,"on May 11, 2023",Aliza,https://www.etsy.com/people/alizaking?ref=shop_review,5 out of 5 stars,,https://www.etsy.com/listing/1402868873/pedro-pascal-shirt-actor-pedro-pascal?ref=shop_review,https://i.etsystatic.com/4609930917/r/il/3d9ece/4609930917/il_170x135.4609930917_ad8p.jpg,"PEDRO PASCAL Shirt, Actor Pedro Pascal Shirt Retro 90s, Narco Pedro Pascal Fans Gift, Pedro Pascal Tribute Celebrity Shirt"
https://i.etsystatic.com/site-assets/images/avatars/default_avatar.png?width=75,"on May 4, 2023",Lynn,https://www.etsy.com/people/katelynnsmom?ref=shop_review,5 out of 5 stars,"Love it so much, can’t wait to wear for Coronation on Saturday! 😁",https://www.etsy.com/listing/1192937070/princess-diana-retro-shirt-princess?ref=shop_review,https://i.etsystatic.com/3824318635/r/il/845fc0/3824318635/il_170x135.3824318635_r8u5.jpg,"Princess Diana Retro Shirt, Princess Diana Fan Shirt, Princess Diana Shirt, Princess Diana Unisex Shirt, Princess Diana Public Figure Tee"
https://i.etsystatic.com/site-assets/images/avatars/default_avatar.png?width=75,"on May 2, 2023",Abigail,https://www.etsy.com/people/abigailguzman1984?ref=shop_review,5 out of 5 stars,"I love it, thank you so much!",https://www.etsy.com/listing/1402868873/pedro-pascal-shirt-actor-pedro-pascal?ref=shop_review,https://i.etsystatic.com/4609930917/r/il/3d9ece/4609930917/il_170x135.4609930917_ad8p.jpg,"PEDRO PASCAL Shirt, Actor Pedro Pascal Shirt Retro 90s, Narco Pedro Pascal Fans Gift, Pedro Pascal Tribute Celebrity Shirt"
https://i.etsystatic.com/iusa/114679/84829691/iusa_75x75.84829691_hlaj.jpg?version=0,"on Apr 29, 2023",Sarah,https://www.etsy.com/people/samack1?ref=shop_review,5 out of 5 stars,Love the design and the shirt fits true to size.,https://www.etsy.com/listing/1458991105/evan-buckley-retro-shirt-nine-eleven?ref=shop_review,https://i.etsystatic.com/4807798810/r/il/ee0c9d/4807798810/il_170x135.4807798810_1ra0.jpg,"Evan Buckley Retro Shirt, Nine Eleven Shirt, Series Retro Shirt, Evan Buckley 90's Vintage Homage Shirt, Evan Buckley Gift for fan"
https://i.etsystatic.com/site-assets/images/avatars/default_avatar.png?width=75,"on May 4, 2023",Lupe,https://www.etsy.com/people/lupexxarellano?ref=shop_review,5 out of 5 stars,,https://www.etsy.com/listing/1458991463/marcia-marcia-marcia-retro-shirt-marcia?ref=shop_review,https://i.etsystatic.com/4856086607/r/il/256205/4856086607/il_170x135.4856086607_8qxx.jpg,"Marcia! Marcia! Marcia! Retro Shirt, Marcia! Marcia! Marcia! Shirt, Marcia! Marcia! Marcia! 90's Vintage Homage Shirt, Comedy Tv Shirt"
https://i.etsystatic.com/site-assets/images/avatars/default_avatar.png?width=75,"on May 3, 2023",Oscar,https://www.etsy.com/people/oscarcantoran?ref=shop_review,5 out of 5 stars,,https://www.etsy.com/listing/1363884064/chalino-sanchez-shirt-camacho-ariel?ref=shop_review,https://i.etsystatic.com/4504478203/r/il/99c597/4504478203/il_170x135.4504478203_jr2j.jpg,"CHALINO Sanchez Shirt, Camacho Ariel Shirt, Vintage Retro 90s Shirt, Corridos Mexican Shirt, Valentin Elizalde, Saul Viera Shirts, KAM Tees"
https://i.etsystatic.com/site-assets/images/avatars/default_avatar.png?width=75,"on May 2, 2023",Heather,https://www.etsy.com/people/heatherherbold1?ref=shop_review,5 out of 5 stars,,https://www.etsy.com/listing/1444790416/balki-bartokomous-retro-shirt-balki?ref=shop_review,https://i.etsystatic.com/4856061991/r/il/d4c1e2/4856061991/il_170x135.4856061991_3yi3.jpg,"Balki Bartokomous Retro Shirt, Balki Bartokomous 90's Vintage Homage Shirt, 80's Tv Show, Perfect Strangers Tv Show"
https://i.etsystatic.com/site-assets/images/avatars/default_avatar.png?width=75,"on May 2, 2023",Loren,https://www.etsy.com/people/oumx3blc?ref=shop_review,5 out of 5 stars,,https://www.etsy.com/listing/1378580480/chuck-bass-shirt-vintage-chuck-bass?ref=shop_review,https://i.etsystatic.com/4518000252/r/il/a12812/4518000252/il_170x135.4518000252_9aq2.jpg,"CHUCK BASS Shirt, Vintage Chuck Bass Shirt 90s, Chuck Bass Gossip Girl Shirt, Chuck Gossip Girl Funny Merch, Ed Westwick Fans Gift"
https://i.etsystatic.com/iusa/f057f7/77951685/iusa_75x75.77951685_gjfn.jpg?version=0,"on Apr 29, 2023",Etsy buyer,https://www.etsy.com/people/maggierh22?ref=shop_review,5 out of 5 stars,,https://www.etsy.com/listing/1402868873/pedro-pascal-shirt-actor-pedro-pascal?ref=shop_review,https://i.etsystatic.com/4609930917/r/il/3d9ece/4609930917/il_170x135.4609930917_ad8p.jpg,"PEDRO PASCAL Shirt, Actor Pedro Pascal Shirt Retro 90s, Narco Pedro Pascal Fans Gift, Pedro Pascal Tribute Celebrity Shirt"
https://i.etsystatic.com/iusa/d82d72/86495610/iusa_75x75.86495610_5wv2.jpg?version=0,"on Apr 27, 2023",Nekiea,https://www.etsy.com/people/nekieagaines?ref=shop_review,5 out of 5 stars,,,,
https://i.etsystatic.com/iusa/0839fe/101344894/iusa_75x75.101344894_g967.jpg?version=0,"on Apr 26, 2023",Mackenzie,https://www.etsy.com/people/mackyyd?ref=shop_review,5 out of 5 stars,,https://www.etsy.com/listing/1213454439/lewis-capaldi-retro-shirt-lewis-capaldi?ref=shop_review,https://i.etsystatic.com/3801426708/r/il/e3a7c7/3801426708/il_170x135.3801426708_mfjs.jpg,"Lewis Capaldi Retro Shirt, Lewis Capaldi Shirt, Lewis Capaldi Shirt, Lewis Capaldi 90's Vintage Homage Shirt, Lewis Capaldi Gift for fan"
https://i.etsystatic.com/site-assets/images/avatars/default_avatar.png?width=75,"on Apr 14, 2023",Anayeli,https://www.etsy.com/people/1raq9j2o?ref=shop_review,5 out of 5 stars,Came out great! Love it❤️,https://www.etsy.com/listing/1405607099/pedro-pascal-sweatshirt-actor-pedro?ref=shop_review,https://i.etsystatic.com/4621173103/r/il/dab14b/4621173103/il_170x135.4621173103_llf2.jpg,"PEDRO PASCAL Sweatshirt, Actor Pedro Pascal Sweatshirt Retro 90s, Narco Pedro Pascal Fans Gift, Pedro Pascal Tribute Celebrity Shirt"
https://i.etsystatic.com/iusa/cefe8c/46704132/iusa_75x75.46704132_pcj7.jpg?version=0,"on Apr 11, 2023",Amarie,https://www.etsy.com/people/y2kween?ref=shop_review,5 out of 5 stars,I loved the shirt! I thought the color was gonna be a little bit different. For some reason I thought it was gonna be more of a purple (to go with Bam Margera's aesthetic) but it was pink. That was totally my fault for not reading properly LMAO but I still love the shirt overall. Rock n roll yeah mon \m/,https://www.etsy.com/listing/1402868565/bam-margera-vintage-shirt-bam-margera?ref=shop_review,https://i.etsystatic.com/4562545128/r/il/15e575/4562545128/il_170x135.4562545128_8nya.jpg,"BAM MARGERA Vintage Shirt, Bam margera Homage Tshirt, Bam margera Fan Tees, Bam margera Retro 90s Sweater, Bam margera Merch Gift"
https://i.etsystatic.com/site-assets/images/avatars/default_avatar.png?width=75,"on Apr 9, 2023",Shellie,https://www.etsy.com/people/CSDavis13?ref=shop_review,5 out of 5 stars,So cozy and amazing! Love my sweatshirt so much. Great quality,https://www.etsy.com/listing/1247351588/meghan-markle-sweatshirt-meghan-markle?ref=shop_review,https://i.etsystatic.com/4030418771/r/il/60a97e/4030418771/il_170x135.4030418771_9rxm.jpg,"Meghan Markle Sweatshirt, Meghan Markle Retro Sweatshirt, Meghan Markle Fan Gift, Meghan Markle Shirt, Meghan Markle Merch"
https://i.etsystatic.com/iusa/3f4a26/112065020/iusa_75x75.112065020_p4yg.jpg?version=0,"on Apr 8, 2023",Stephanie,https://www.etsy.com/people/styles14?ref=shop_review,5 out of 5 stars,Love my Spencer Sutherland shirt!,,,
https://i.etsystatic.com/iusa/3f4a26/112065020/iusa_75x75.112065020_p4yg.jpg?version=0,"on Apr 8, 2023",Stephanie,https://www.etsy.com/people/styles14?ref=shop_review,5 out of 5 stars,"I love my Spencer Sutherland sweatshirt, it looks exactly like the photo and the sweatshirt itself is nice and warm but not too hot",,,
https://i.etsystatic.com/iusa/01daa9/93721893/iusa_75x75.93721893_atlz.jpg?version=0,"on Apr 14, 2023",Nicole,https://www.etsy.com/people/nikkithompson114?ref=shop_review,5 out of 5 stars,,https://www.etsy.com/listing/1389033174/steve-buscemi-shirt-steve-buscemi-the?ref=shop_review,https://i.etsystatic.com/4611504501/r/il/70782c/4611504501/il_170x135.4611504501_emmu.jpg,STEVE BUSCEMI Shirt | Steve Buscemi The Big Lebowski Shirt | The Sopranos Steve Buscemi Quentin Tarantino | Steve Buscemi Broadwalk Empire
https://i.etsystatic.com/site-assets/images/avatars/default_avatar.png?width=75,"on Apr 14, 2023",Rob,https://www.etsy.com/people/robmsylvester?ref=shop_review,5 out of 5 stars,,https://www.etsy.com/listing/1203088845/paulie-walnuts-gualtieri-homage-retro?ref=shop_review,https://i.etsystatic.com/3809941599/r/il/896fa9/3809941599/il_170x135.3809941599_p87h.jpg,"Paulie Walnuts Gualtieri Homage Retro 90's Vintage Tshirt, Paulie Gualtieri Shirt, La Cosa Nostra, American Italian Crime Family"
https://i.etsystatic.com/site-assets/images/avatars/default_avatar.png?width=75,"on Apr 11, 2023",Misty,https://www.etsy.com/people/Msty28?ref=shop_review,5 out of 5 stars,,https://www.etsy.com/listing/1226936643/george-benson-sweatshirt-george-benson?ref=shop_review,https://i.etsystatic.com/3852784212/r/il/1012f2/3852784212/il_170x135.3852784212_9lg7.jpg,"George Benson SweatShirt, George Benson Vintage Sweatshirt, Gift for Men and Women, Nothing's Gonna Change My Love For You Sweatshirt"
https://i.etsystatic.com/iusa/289bed/114537072/iusa_75x75.114537072_mro0.jpg?version=0,"on Apr 10, 2023",Grace,https://www.etsy.com/people/guel0ez9l1pngnn4?ref=shop_review,5 out of 5 stars,,https://www.etsy.com/listing/1197914406/dave-grohl-homage-shirt-dave-grohl?ref=shop_review,https://i.etsystatic.com/3843014961/r/il/7ae56d/3843014961/il_170x135.3843014961_41m9.jpg,"Dave Grohl Homage Shirt, Dave Grohl Vintage Shirt, Dave Grohl Fan Shirt, Dave Grohl Gift For Him Her Tees, Dave Grohl Tee, Rock Band Shirt"
https://i.etsystatic.com/iusa/db8d89/87147764/iusa_75x75.87147764_aok7.jpg?version=0,"on Apr 9, 2023",Etsy buyer,https://www.etsy.com/people/graceannmadd2001?ref=shop_review,5 out of 5 stars,,https://www.etsy.com/listing/1193566176/christopher-moltisanti-homage-retro-90s?ref=shop_review,https://i.etsystatic.com/3779109146/r/il/891cd7/3779109146/il_170x135.3779109146_awbg.jpg,"Christopher Moltisanti Homage Retro 90's Vintage Tshirt, Chris Moltisanti Shirt, La Cosa Nostra, Mafia Tv Series, American Italian Crime"
https://i.etsystatic.com/site-assets/images/avatars/default_avatar.png?width=75,"on Apr 1, 2023",Matthew,https://www.etsy.com/people/z7u37qecmyh0otwe?ref=shop_review,5 out of 5 stars,"Great, quality t-shirt. Very pleased!",https://www.etsy.com/listing/1192937070/princess-diana-retro-shirt-princess?ref=shop_review,https://i.etsystatic.com/3824318487/r/il/462a06/3824318487/il_170x135.3824318487_oqd8.jpg,"Princess Diana Retro Shirt, Princess Diana Fan Shirt, Princess Diana Shirt, Princess Diana Unisex Shirt, Princess Diana Public Figure Tee"
https://i.etsystatic.com/iusa/c8c0cb/49252322/iusa_75x75.49252322_pegu.jpg?version=0,"on Apr 1, 2023",Johnetta,https://www.etsy.com/people/johnettahuggins1?ref=shop_review,5 out of 5 stars,"Buy, Buy, Buy from this seller! You won’t be disappointed. Not only was he super, friendly, checked in to make sure my address was correct before shipping and then sent a message after delivery. I can’t wait to make another purchase soon! Shipping was super quick and our New Edition shirts look amazing for our upcoming concert. Can’t wait to surprise my girlfriends with these!! Thank you!!",,,
https://i.etsystatic.com/site-assets/images/avatars/default_avatar.png?width=75,"on Apr 4, 2023",Savannah,https://www.etsy.com/people/nnmofxvj?ref=shop_review,5 out of 5 stars,,https://www.etsy.com/listing/1405607099/pedro-pascal-sweatshirt-actor-pedro?ref=shop_review,https://i.etsystatic.com/4621173103/r/il/dab14b/4621173103/il_170x135.4621173103_llf2.jpg,"PEDRO PASCAL Sweatshirt, Actor Pedro Pascal Sweatshirt Retro 90s, Narco Pedro Pascal Fans Gift, Pedro Pascal Tribute Celebrity Shirt"
https://i.etsystatic.com/iusa/0aaf1e/56558058/iusa_75x75.56558058_11sg.jpg?version=0,"on Apr 4, 2023",Sarah,https://www.etsy.com/people/sarahkostanciak1?ref=shop_review,5 out of 5 stars,,https://www.etsy.com/listing/1192937070/princess-diana-retro-shirt-princess?ref=shop_review,https://i.etsystatic.com/3824318635/r/il/845fc0/3824318635/il_170x135.3824318635_r8u5.jpg,"Princess Diana Retro Shirt, Princess Diana Fan Shirt, Princess Diana Shirt, Princess Diana Unisex Shirt, Princess Diana Public Figure Tee"
https://i.etsystatic.com/site-assets/images/avatars/default_avatar.png?width=75,"on Apr 4, 2023",Etsy buyer,https://www.etsy.com/people/samiblovesthee?ref=shop_review,5 out of 5 stars,,https://www.etsy.com/listing/1402868873/pedro-pascal-shirt-actor-pedro-pascal?ref=shop_review,https://i.etsystatic.com/4609930917/r/il/3d9ece/4609930917/il_170x135.4609930917_ad8p.jpg,"PEDRO PASCAL Shirt, Actor Pedro Pascal Shirt Retro 90s, Narco Pedro Pascal Fans Gift, Pedro Pascal Tribute Celebrity Shirt"
https://i.etsystatic.com/iusa/99c002/33326945/iusa_75x75.33326945_nb92.jpg?version=0,"on Apr 2, 2023",Nicole,https://www.etsy.com/people/weemsnick?ref=shop_review,5 out of 5 stars,,https://www.etsy.com/listing/1192937070/princess-diana-retro-shirt-princess?ref=shop_review,https://i.etsystatic.com/3824318673/r/il/e84573/3824318673/il_170x135.3824318673_cspu.jpg,"Princess Diana Retro Shirt, Princess Diana Fan Shirt, Princess Diana Shirt, Princess Diana Unisex Shirt, Princess Diana Public Figure Tee"
https://i.etsystatic.com/iusa/c8c0cb/49252322/iusa_75x75.49252322_pegu.jpg?version=0,"on Apr 1, 2023",Johnetta,https://www.etsy.com/people/johnettahuggins1?ref=shop_review,5 out of 5 stars,,,,
https://i.etsystatic.com/site-assets/images/avatars/default_avatar.png?width=75,"on Apr 1, 2023",Erin,https://www.etsy.com/people/gymebnjsgojn9wd1?ref=shop_review,5 out of 5 stars,,https://www.etsy.com/listing/1412282576/david-harbour-vintage-shirt-david?ref=shop_review,https://i.etsystatic.com/4668188000/r/il/eb433e/4668188000/il_170x135.4668188000_et2h.jpg,"DAVID HARBOUR Vintage Shirt, David Harbour Rap 90s Hip-hop Style Shirt, David Harbour Fan Tees, David Retro 90s Sweater, Harbour Film Tee"
https://i.etsystatic.com/site-assets/images/avatars/default_avatar.png?width=75,"on Apr 1, 2023",Erin,https://www.etsy.com/people/gymebnjsgojn9wd1?ref=shop_review,5 out of 5 stars,,https://www.etsy.com/listing/1406386381/dean-winchester-shirt-dean-winchester?ref=shop_review,https://i.etsystatic.com/4576371218/r/il/fa850f/4576371218/il_170x135.4576371218_99nt.jpg,"DEAN WINCHESTER Shirt, Dean Winchester Supernatural Shirt, Jensen Ackles Actor Retro Shirt, Supernatural Dean Winchester Tshirt, Dean"
https://i.etsystatic.com/site-assets/images/avatars/default_avatar.png?width=75,"on Mar 27, 2023",Khadija,https://www.etsy.com/people/mw5fy9eg2arb34hs?ref=shop_review,5 out of 5 stars,Love this shirt! Looks great and def gets noticed,,,
https://i.etsystatic.com/iusa/e4af99/92020715/iusa_75x75.92020715_sfyx.jpg?version=0,"on Mar 25, 2023",Chynna,https://www.etsy.com/people/chynnafuller27?ref=shop_review,5 out of 5 stars,"Amazing! This shop was so fast, I messaged back and worth to personalize my order and received it within a few days of placing the order. I was truly shocked with the timing! The quality is fantastic and I’m really pleased with it, especially considering it was completely customized.",https://www.etsy.com/listing/1237255925/custom-order-vintage-shirt-up-to-you?ref=shop_review,https://i.etsystatic.com/3889504952/r/il/1908ec/3889504952/il_170x135.3889504952_muab.jpg,"Custom Order Vintage Shirt, Up to You Shirt, Insert Your Design, Personalized Shirt, Customized Shirt, Change Your Design Here Shirt"
https://i.etsystatic.com/iusa/c9f913/104998986/iusa_75x75.104998986_aaux.jpg?version=0,"on Mar 27, 2023",Etsy buyer,https://www.etsy.com/people/neldaiznaga?ref=shop_review,5 out of 5 stars,,https://www.etsy.com/listing/1402868873/pedro-pascal-shirt-actor-pedro-pascal?ref=shop_review,https://i.etsystatic.com/4609930917/r/il/3d9ece/4609930917/il_170x135.4609930917_ad8p.jpg,"PEDRO PASCAL Shirt, Actor Pedro Pascal Shirt Retro 90s, Narco Pedro Pascal Fans Gift, Pedro Pascal Tribute Celebrity Shirt"
https://i.etsystatic.com/iusa/202965/89381660/iusa_75x75.89381660_birx.jpg?version=0,"on Mar 27, 2023",Julisa,https://www.etsy.com/people/wul2acda?ref=shop_review,5 out of 5 stars,,https://www.etsy.com/listing/1193566176/christopher-moltisanti-homage-retro-90s?ref=shop_review,https://i.etsystatic.com/3779109146/r/il/891cd7/3779109146/il_170x135.3779109146_awbg.jpg,"Christopher Moltisanti Homage Retro 90's Vintage Tshirt, Chris Moltisanti Shirt, La Cosa Nostra, Mafia Tv Series, American Italian Crime"
https://i.etsystatic.com/iusa/202965/89381660/iusa_75x75.89381660_birx.jpg?version=0,"on Mar 27, 2023",Julisa,https://www.etsy.com/people/wul2acda?ref=shop_review,5 out of 5 stars,,https://www.etsy.com/listing/1247365428/artie-bucco-homage-retro-90s-vintage?ref=shop_review,https://i.etsystatic.com/3982824880/r/il/cf5474/3982824880/il_170x135.3982824880_1kll.jpg,"Artie Bucco Homage Retro 90's Vintage Tshirt, Artie Bucco Shirt, La Cosa Nostra, Mafia Tv Series, Soprano, American Italian Crime"
https://i.etsystatic.com/site-assets/images/avatars/default_avatar.png?width=75,"on Mar 27, 2023",Carlos,https://www.etsy.com/people/v7w6j0mixavkje9e?ref=shop_review,5 out of 5 stars,,https://www.etsy.com/listing/1193566176/christopher-moltisanti-homage-retro-90s?ref=shop_review,https://i.etsystatic.com/3779109146/r/il/891cd7/3779109146/il_170x135.3779109146_awbg.jpg,"Christopher Moltisanti Homage Retro 90's Vintage Tshirt, Chris Moltisanti Shirt, La Cosa Nostra, Mafia Tv Series, American Italian Crime"
https://i.etsystatic.com/iusa/2db293/78160187/iusa_75x75.78160187_7rnm.jpg?version=0,"on Mar 26, 2023",Gabie,https://www.etsy.com/people/w7zoqk0w?ref=shop_review,5 out of 5 stars,,https://www.etsy.com/listing/1402868873/pedro-pascal-shirt-actor-pedro-pascal?ref=shop_review,https://i.etsystatic.com/4609930917/r/il/3d9ece/4609930917/il_170x135.4609930917_ad8p.jpg,"PEDRO PASCAL Shirt, Actor Pedro Pascal Shirt Retro 90s, Narco Pedro Pascal Fans Gift, Pedro Pascal Tribute Celebrity Shirt"
https://i.etsystatic.com/site-assets/images/avatars/default_avatar.png?width=75,"on Mar 26, 2023",Gracie,https://www.etsy.com/people/7xjynujjvcrdq9f8?ref=shop_review,5 out of 5 stars,,,,
https://i.etsystatic.com/site-assets/images/avatars/default_avatar.png?width=75,"on Mar 25, 2023",jenna,https://www.etsy.com/people/eromke9l?ref=shop_review,5 out of 5 stars,,https://www.etsy.com/listing/1193566176/christopher-moltisanti-homage-retro-90s?ref=shop_review,https://i.etsystatic.com/3779109146/r/il/891cd7/3779109146/il_170x135.3779109146_awbg.jpg,"Christopher Moltisanti Homage Retro 90's Vintage Tshirt, Chris Moltisanti Shirt, La Cosa Nostra, Mafia Tv Series, American Italian Crime"
https://i.etsystatic.com/site-assets/images/avatars/default_avatar.png?width=75,"on Mar 25, 2023",Nick,https://www.etsy.com/people/0l19hpwk8ndkyr02?ref=shop_review,5 out of 5 stars,,https://www.etsy.com/listing/1247365428/artie-bucco-homage-retro-90s-vintage?ref=shop_review,https://i.etsystatic.com/4030478115/r/il/6fb322/4030478115/il_170x135.4030478115_2rrd.jpg,"Artie Bucco Homage Retro 90's Vintage Tshirt, Artie Bucco Shirt, La Cosa Nostra, Mafia Tv Series, Soprano, American Italian Crime"
https://i.etsystatic.com/site-assets/images/avatars/default_avatar.png?width=75,"on Mar 17, 2023",Etsy buyer,https://www.etsy.com/people/aimeegd?ref=shop_review,5 out of 5 stars,Cute fast friendly amazing  good quality,https://www.etsy.com/listing/1394382779/zac-efron-shirt-zac-efron-cool-retro?ref=shop_review,https://i.etsystatic.com/4572805943/r/il/df965c/4572805943/il_170x135.4572805943_o224.jpg,"Zac Efron shirt, Zac Efron cool retro rock poster t-shirt 70s 80s 90s, rocker design style tee 285, Gift For Fan"
https://i.etsystatic.com/iusa/2b990b/7603965/iusa_75x75.7603965.jpg?version=0,"on Mar 17, 2023",Shae,https://www.etsy.com/people/shaetay?ref=shop_review,5 out of 5 stars,My son LOVES this shirt!  It looks great and shipped quickly.b,https://www.etsy.com/listing/1372478468/sigma-male-patrick-bateman-vintage-shirt?ref=shop_review,https://i.etsystatic.com/4491066660/r/il/91614c/4491066660/il_170x135.4491066660_g0ex.jpg,"SIGMA MALE Patrick Bateman Vintage Shirt, Patrick Bateman Homage Tshirt, Patrick Bateman Fan, Patrick Bateman Retro 90s Tee, Sigma Male Gift"
https://i.etsystatic.com/site-assets/images/avatars/default_avatar.png?width=75,"on Mar 21, 2023",Etsy buyer,https://www.etsy.com/people/babiesx2?ref=shop_review,3 out of 5 stars,The picture is great and the service was great. The shirt just isn’t soft at all so my daughter won’t wear it.,https://www.etsy.com/listing/1230827853/brad-pitt-retro-shirt-brad-pitt-shirt?ref=shop_review,https://i.etsystatic.com/3866390782/r/il/6b246d/3866390782/il_170x135.3866390782_a7v6.jpg,"Brad Pitt Retro Shirt, Brad Pitt Shirt, Brad Pitt Homage Shirt, Brad Pitt Fan Shirt, Brad Pitt Unisex Shirt, Brad Pitt Actor Tee"
https://i.etsystatic.com/site-assets/images/avatars/default_avatar.png?width=75,"on Mar 22, 2023",Chance,https://www.etsy.com/people/sykmx4gkfy9thjtd?ref=shop_review,5 out of 5 stars,,https://www.etsy.com/listing/1408405344/salvatore-brothers-shirt-stefan?ref=shop_review,https://i.etsystatic.com/4698812145/r/il/f4e284/4698812145/il_170x135.4698812145_mw9g.jpg,"Salvatore Brother's Shirt, Stefan Salvatore Shirt , Damon Salvatore Shirt, Paul Wesley Shirt, The Vampie Diaries Shirt, Gift For Fan"
https://i.etsystatic.com/site-assets/images/avatars/default_avatar.png?width=75,"on Mar 21, 2023",Tiara,https://www.etsy.com/people/zoj6qikqp0vn4jll?ref=shop_review,5 out of 5 stars,,,,
https://i.etsystatic.com/site-assets/images/avatars/default_avatar.png?width=75,"on Mar 19, 2023",megan,https://www.etsy.com/people/mkt0511?ref=shop_review,5 out of 5 stars,,https://www.etsy.com/listing/1394379435/chris-evans-shirt-lucas-lee-chris-evans?ref=shop_review,https://i.etsystatic.com/4572796625/r/il/2f801c/4572796625/il_170x135.4572796625_qrby.jpg,"CHRIS EVANS Shirt, Lucas Lee Chris Evans 90s Homage Shirt, Chris Evans America Shirt, Chris Evans Vintage Shirt Chris Evans Bootleg Shirt"
https://i.etsystatic.com/site-assets/images/avatars/default_avatar.png?width=75,"on Mar 19, 2023",jessica,https://www.etsy.com/people/pwqqbuo8g1l9ph40?ref=shop_review,5 out of 5 stars,,https://www.etsy.com/listing/1197914406/dave-grohl-homage-shirt-dave-grohl?ref=shop_review,https://i.etsystatic.com/3843014961/r/il/7ae56d/3843014961/il_170x135.3843014961_41m9.jpg,"Dave Grohl Homage Shirt, Dave Grohl Vintage Shirt, Dave Grohl Fan Shirt, Dave Grohl Gift For Him Her Tees, Dave Grohl Tee, Rock Band Shirt"
https://i.etsystatic.com/site-assets/images/avatars/default_avatar.png?width=75,"on Mar 18, 2023",Luciana,https://www.etsy.com/people/qyiuvodd?ref=shop_review,5 out of 5 stars,,https://www.etsy.com/listing/1394379435/chris-evans-shirt-lucas-lee-chris-evans?ref=shop_review,https://i.etsystatic.com/4572796625/r/il/2f801c/4572796625/il_170x135.4572796625_qrby.jpg,"CHRIS EVANS Shirt, Lucas Lee Chris Evans 90s Homage Shirt, Chris Evans America Shirt, Chris Evans Vintage Shirt Chris Evans Bootleg Shirt"
https://i.etsystatic.com/iusa/6d1dfc/76313471/iusa_75x75.76313471_5tfe.jpg?version=0,"on Mar 18, 2023",Melissa,https://www.etsy.com/people/e14nltln?ref=shop_review,5 out of 5 stars,,https://www.etsy.com/listing/1392505215/patrick-bateman-sweatshirt-american?ref=shop_review,https://i.etsystatic.com/4564992621/r/il/a19a60/4564992621/il_170x135.4564992621_7zhc.jpg,"PATRICK BATEMAN Sweatshirt, American Psychho Sweatshirt, American Horror Film Sweater, Paul Allen Psycho, American Psycho Retro 90s Sweater"
https://i.etsystatic.com/site-assets/images/avatars/default_avatar.png?width=75,"on Mar 17, 2023",hasley,https://www.etsy.com/people/eamjqq24sdblrcnm?ref=shop_review,5 out of 5 stars,,https://www.etsy.com/listing/1418567905/heath-ledger-shirt-heath-ledger-homage-t?ref=shop_review,https://i.etsystatic.com/4680249879/r/il/c2de3a/4680249879/il_170x135.4680249879_skd4.jpg,HEATH LEDGER Shirt | Heath Ledger Homage T-Shirt | Heath Andrew Ledger Vintage Bootleg Merch Fans Gift | RIP Heath Ledger Retro 90s T-Shirt
https://i.etsystatic.com/iusa/dba40c/106324216/iusa_75x75.106324216_281v.jpg?version=0,"on Mar 13, 2023",Hailey,https://www.etsy.com/people/k5ua1k4a?ref=shop_review,5 out of 5 stars,"Love it so much , super comfortable",https://www.etsy.com/listing/1387231731/ross-lynch-shirt-ross-shor-lynch-tees-r5?ref=shop_review,https://i.etsystatic.com/4541856741/r/il/44114a/4541856741/il_170x135.4541856741_b971.jpg,"ROSS LYNCH Shirt, Ross Shor Lynch Tees, R5 Lynch Pop Rock Band Tshirt, Sabrina Sweatshirt, Austin Lynch Sweatshirt, Riker Lynch, Lynch Tees"
https://i.etsystatic.com/site-assets/images/avatars/default_avatar.png?width=75,"on Mar 12, 2023",Smiley,https://www.etsy.com/people/onfb70kbtxgss3rw?ref=shop_review,4 out of 5 stars,Love the shirt can’t wait to wear it to the concert! Just wish it was so long (Large).,,,
https://i.etsystatic.com/iusa/864e0d/100391878/iusa_75x75.100391878_dwkk.jpg?version=0,"on Mar 10, 2023",Kayla,https://www.etsy.com/people/kaylalarain841?ref=shop_review,5 out of 5 stars,Perfect!! I love Ojan so much. They are so sweet and fast with their orders. My shirt is exactly what I wanted and I will be buying more in the future. 😄,https://www.etsy.com/listing/1237255925/custom-order-vintage-shirt-up-to-you?ref=shop_review,https://i.etsystatic.com/3889504952/r/il/1908ec/3889504952/il_170x135.3889504952_muab.jpg,"Custom Order Vintage Shirt, Up to You Shirt, Insert Your Design, Personalized Shirt, Customized Shirt, Change Your Design Here Shirt"
https://i.etsystatic.com/site-assets/images/avatars/default_avatar.png?width=75,"on Mar 14, 2023",erin,https://www.etsy.com/people/xnc9rv1sp2zpsrge?ref=shop_review,5 out of 5 stars,,https://www.etsy.com/listing/1197439702/champagne-papi-homage-shirt-drake-retro?ref=shop_review,https://i.etsystatic.com/3841240571/r/il/2daed3/3841240571/il_170x135.3841240571_q8l6.jpg,"Champagne Papi Homage Shirt, Drake Retro Vintage Style 90's Shirt, Drake Shirt, Drake BBL Shirt Certified Lover Boy, Drake Meme Tshirt"
https://i.etsystatic.com/site-assets/images/avatars/default_avatar.png?width=75,"on Mar 12, 2023",Etsy buyer,https://www.etsy.com/people/kristijiles?ref=shop_review,5 out of 5 stars,,,,
https://i.etsystatic.com/site-assets/images/avatars/default_avatar.png?width=75,"on Mar 11, 2023",Nina,https://www.etsy.com/people/ninaing1?ref=shop_review,5 out of 5 stars,,https://www.etsy.com/listing/1197914406/dave-grohl-homage-shirt-dave-grohl?ref=shop_review,https://i.etsystatic.com/3843014961/r/il/7ae56d/3843014961/il_170x135.3843014961_41m9.jpg,"Dave Grohl Homage Shirt, Dave Grohl Vintage Shirt, Dave Grohl Fan Shirt, Dave Grohl Gift For Him Her Tees, Dave Grohl Tee, Rock Band Shirt"
https://i.etsystatic.com/site-assets/images/avatars/default_avatar.png?width=75,"on Mar 9, 2023",nikki,https://www.etsy.com/people/ezc8fkel?ref=shop_review,5 out of 5 stars,,https://www.etsy.com/listing/1203088845/paulie-walnuts-gualtieri-homage-retro?ref=shop_review,https://i.etsystatic.com/3809941599/r/il/896fa9/3809941599/il_170x135.3809941599_p87h.jpg,"Paulie Walnuts Gualtieri Homage Retro 90's Vintage Tshirt, Paulie Gualtieri Shirt, La Cosa Nostra, American Italian Crime Family"
https://i.etsystatic.com/iusa/d183ca/99052852/iusa_75x75.99052852_ptlm.jpg?version=0,"on Mar 9, 2023",Lyza,https://www.etsy.com/people/re9ptigy?ref=shop_review,5 out of 5 stars,,,,
https://i.etsystatic.com/iusa/89832b/91035055/iusa_75x75.91035055_6jq4.jpg?version=0,"Etsy buyer on Mar 8, 2023",,,5 out of 5 stars,,,,
https://i.etsystatic.com/iusa/3a8c53/92284949/iusa_75x75.92284949_fdjt.jpg?version=0,"on Mar 8, 2023",Etsy buyer,https://www.etsy.com/people/tyrahmayas?ref=shop_review,5 out of 5 stars,,https://www.etsy.com/listing/1402868873/pedro-pascal-shirt-actor-pedro-pascal?ref=shop_review,https://i.etsystatic.com/4609930917/r/il/3d9ece/4609930917/il_170x135.4609930917_ad8p.jpg,"PEDRO PASCAL Shirt, Actor Pedro Pascal Shirt Retro 90s, Narco Pedro Pascal Fans Gift, Pedro Pascal Tribute Celebrity Shirt"
https://i.etsystatic.com/site-assets/images/avatars/default_avatar.png?width=75,"on Mar 2, 2023",Anthony,https://www.etsy.com/people/daddiotony?ref=shop_review,5 out of 5 stars,Great quality item! Fast shipping!,https://www.etsy.com/listing/1200692588/sam-fender-retro-shirt-sam-fender-shirt?ref=shop_review,https://i.etsystatic.com/3853380179/r/il/ab6c8d/3853380179/il_170x135.3853380179_lva1.jpg,"Sam Fender Retro Shirt, Sam Fender Shirt, Sam Fender Vintage Shirt, Sam Fender Gift for fan, Sam Fender Tour Merch, Sam Fender Homage Shirt"
https://i.etsystatic.com/site-assets/images/avatars/default_avatar.png?width=75,"on Mar 3, 2023",Shakena,https://www.etsy.com/people/lqyoxhp6s68izolo?ref=shop_review,1 out of 5 stars,Shirt was way to small for a large had to purchase a 2x,,,
https://i.etsystatic.com/iusa/897c7e/60160285/iusa_75x75.60160285_rq3i.jpg?version=0,"on Mar 3, 2023",Etsy buyer,https://www.etsy.com/people/eveaudley2?ref=shop_review,5 out of 5 stars,,https://www.etsy.com/listing/1193566176/christopher-moltisanti-homage-retro-90s?ref=shop_review,https://i.etsystatic.com/3779109146/r/il/891cd7/3779109146/il_170x135.3779109146_awbg.jpg,"Christopher Moltisanti Homage Retro 90's Vintage Tshirt, Chris Moltisanti Shirt, La Cosa Nostra, Mafia Tv Series, American Italian Crime"
https://i.etsystatic.com/site-assets/images/avatars/default_avatar.png?width=75,"on Mar 1, 2023",Patricia,https://www.etsy.com/people/vrcrjz2h?ref=shop_review,5 out of 5 stars,,https://www.etsy.com/listing/1402868765/henry-cavill-vintage-shirt-henry-cavill?ref=shop_review,https://i.etsystatic.com/4609930683/r/il/dbfb76/4609930683/il_170x135.4609930683_coiv.jpg,"HENRY CAVILL Vintage Shirt, Henry Cavill Homage Tshirt, Henry Cavill Fan Tees, Henry Cavill Retro 90s Sweater, Henry Cavill Merch Gift"
https://i.etsystatic.com/site-assets/images/avatars/default_avatar.png?width=75,"on Mar 1, 2023",Courtney,https://www.etsy.com/people/3aylxrxq1nieca93?ref=shop_review,5 out of 5 stars,,https://www.etsy.com/listing/1198920310/raccoon-homage-shirt-raccoon-hip-hop?ref=shop_review,https://i.etsystatic.com/3799090884/r/il/825913/3799090884/il_170x135.3799090884_d4pg.jpg,"Raccoon Homage Shirt, Raccoon Hip Hop Style 90s Shirt, Raccoon Shirt, Raccoon Funny Gift For Him Her Tees, Cute Raccoon Tshirt"
https://i.etsystatic.com/site-assets/images/avatars/default_avatar.png?width=75,"on Feb 28, 2023",Sydnee,https://www.etsy.com/people/oj8er119dfw8p8y5?ref=shop_review,5 out of 5 stars,,https://www.etsy.com/listing/1202412999/cole-sprouse-retro-shirt-cole-sprouse?ref=shop_review,https://i.etsystatic.com/3759748916/r/il/e6d5e1/3759748916/il_170x135.3759748916_a3gk.jpg,"Cole Sprouse Retro Shirt, Cole Sprouse Homage Shirt, Cole Sprouse Fan Shirt, Cole Sprouse Unisex Shirt, Cole Sprouse Movie Actor Tee"
https://i.etsystatic.com/iusa/41ade7/80951382/iusa_75x75.80951382_hoo2.jpg?version=0,"on Feb 28, 2023",Rachel,https://www.etsy.com/people/kndfohnk?ref=shop_review,5 out of 5 stars,,https://www.etsy.com/listing/1198920310/raccoon-homage-shirt-raccoon-hip-hop?ref=shop_review,https://i.etsystatic.com/3799090884/r/il/825913/3799090884/il_170x135.3799090884_d4pg.jpg,"Raccoon Homage Shirt, Raccoon Hip Hop Style 90s Shirt, Raccoon Shirt, Raccoon Funny Gift For Him Her Tees, Cute Raccoon Tshirt"
https://i.etsystatic.com/site-assets/images/avatars/default_avatar.png?width=75,"on Feb 27, 2023",Etsy buyer,https://www.etsy.com/people/anthonysphs?ref=shop_review,5 out of 5 stars,,https://www.etsy.com/listing/1405608515/chuck-bass-sweatshirt-vintage-chuck-bass?ref=shop_review,https://i.etsystatic.com/4621174415/r/il/9ac0bc/4621174415/il_170x135.4621174415_ic05.jpg,"CHUCK BASS Sweatshirt, Vintage Chuck Bass Sweatshirt 90s, Funny Chuck Bass Gossip Girl Sweatshirt, Ed Westwick Fans Gift"
https://i.etsystatic.com/site-assets/images/avatars/default_avatar.png?width=75,"on Feb 27, 2023",Anna,https://www.etsy.com/people/annakate1118?ref=shop_review,5 out of 5 stars,,https://www.etsy.com/listing/1188180734/seinfeld-retro-shirt-seinfeld-homage?ref=shop_review,https://i.etsystatic.com/3758690190/r/il/2eb023/3758690190/il_170x135.3758690190_adq9.jpg,"Seinfeld Retro Shirt, Seinfeld Homage Shirt, Seinfeld Shirt, Seinfeld Unisex Shirt, Seinfeld Funny Gift Idea, Classic American Sitcom"
https://i.etsystatic.com/site-assets/images/avatars/default_avatar.png?width=75,"on Feb 27, 2023",Ben,https://www.etsy.com/people/beneg92?ref=shop_review,5 out of 5 stars,,https://www.etsy.com/listing/1237255925/custom-order-vintage-shirt-up-to-you?ref=shop_review,https://i.etsystatic.com/3889504952/r/il/1908ec/3889504952/il_170x135.3889504952_muab.jpg,"Custom Order Vintage Shirt, Up to You Shirt, Insert Your Design, Personalized Shirt, Customized Shirt, Change Your Design Here Shirt"
https://i.etsystatic.com/site-assets/images/avatars/default_avatar.png?width=75,"on Feb 19, 2023",C,https://www.etsy.com/people/zfgakctl?ref=shop_review,5 out of 5 stars,I love this tshirt!  The quality is amazing and I plan on buying another one.  Great customer service as well which is always a bonus!,https://www.etsy.com/listing/1303818269/earth-wind-and-fire-vintage-shirt-earth?ref=shop_review,https://i.etsystatic.com/4157051436/r/il/51433b/4157051436/il_170x135.4157051436_jxve.jpg,"Earth Wind and Fire Vintage Shirt, Earth Wind and Fire Shirt, Earth Wind and Fire 80s Vintage Homage Shirt, Earth Wind and Fire Gift for fan"
https://i.etsystatic.com/iusa/864e0d/100391878/iusa_75x75.100391878_dwkk.jpg?version=0,"on Feb 17, 2023",Kayla,https://www.etsy.com/people/kaylalarain841?ref=shop_review,5 out of 5 stars,The shirt shipped so fast and was perfect! I order graphics like this often but this one was the best quality out of any I’ve ordered. I will definitely be back in the future! 🤗,https://www.etsy.com/listing/1391241641/timothee-chalamet-vintage-shirt-the?ref=shop_review,https://i.etsystatic.com/4512167652/r/il/09c0de/4512167652/il_170x135.4512167652_o5qx.jpg,"Timothee Chalamet Vintage Shirt, The kinngg Homage Tshirt, Timothee Chalamet Duune Fan Tees, Timothee Chalamet Retro 90s"
https://i.etsystatic.com/iusa/719f4e/63673524/iusa_75x75.63673524_a5pj.jpg?version=0,"on Feb 17, 2023",Maddie,https://www.etsy.com/people/Madds33?ref=shop_review,5 out of 5 stars,Got this as a gift for my brother! He loved it! Awesome quality,https://www.etsy.com/listing/1202447931/tobey-maguire-retro-shirt-tobey-maguire?ref=shop_review,https://i.etsystatic.com/3759910504/r/il/85fbcf/3759910504/il_170x135.3759910504_5suf.jpg,"Tobey Maguire Retro Shirt, Tobey Maguire Homage Shirt, Tobey Maguire Fan Shirt, Tobey Maguire Shirt, Tobey Maguire Funny Dance Shirt"
https://i.etsystatic.com/site-assets/images/avatars/default_avatar.png?width=75,"Etsy buyer on Feb 22, 2023",,,4 out of 5 stars,,https://www.etsy.com/listing/1195816022/michael-b-jordan-retro-shirt-michael-b?ref=shop_review,https://i.etsystatic.com/3835046221/r/il/c3796c/3835046221/il_170x135.3835046221_4c2z.jpg,"Michael B. Jordan Retro Shirt, Michael B. Jordan Homage Shirt, Michael B. Jordan Shirt, Unisex Shirt, Michael B. Jordan Actor Shirt Tee"
https://i.etsystatic.com/site-assets/images/avatars/default_avatar.png?width=75,"on Feb 21, 2023",Yamile,https://www.etsy.com/people/g1vzf2ulfpncc94j?ref=shop_review,5 out of 5 stars,,https://www.etsy.com/listing/1225456232/hailee-steinfeld-homage-shirt-hailee?ref=shop_review,https://i.etsystatic.com/3897299378/r/il/ee4c62/3897299378/il_170x135.3897299378_4u6a.jpg,"Hailee Steinfeld Homage Shirt, Hailee Steinfeld Shirt, Hailee Steinfeld Singer 90s Shirt, Hailee Steinfeld Tshirt, Hailee Steinfeld Fan Gift"
https://i.etsystatic.com/iusa/eb6717/41367905/iusa_75x75.41367905_qhaj.jpg?version=0,"on Feb 20, 2023",Cherea,https://www.etsy.com/people/chereadavis?ref=shop_review,5 out of 5 stars,,https://www.etsy.com/listing/1303818269/earth-wind-and-fire-vintage-shirt-earth?ref=shop_review,https://i.etsystatic.com/4157051436/r/il/51433b/4157051436/il_170x135.4157051436_jxve.jpg,"Earth Wind and Fire Vintage Shirt, Earth Wind and Fire Shirt, Earth Wind and Fire 80s Vintage Homage Shirt, Earth Wind and Fire Gift for fan"
https://i.etsystatic.com/site-assets/images/avatars/default_avatar.png?width=75,"on Feb 20, 2023",David,https://www.etsy.com/people/v91nrv3w?ref=shop_review,5 out of 5 stars,,https://www.etsy.com/listing/1203088845/paulie-walnuts-gualtieri-homage-retro?ref=shop_review,https://i.etsystatic.com/3809941599/r/il/896fa9/3809941599/il_170x135.3809941599_p87h.jpg,"Paulie Walnuts Gualtieri Homage Retro 90's Vintage Tshirt, Paulie Gualtieri Shirt, La Cosa Nostra, American Italian Crime Family"
https://i.etsystatic.com/site-assets/images/avatars/default_avatar.png?width=75,"on Feb 18, 2023",Jessie,https://www.etsy.com/people/kn444e1q?ref=shop_review,5 out of 5 stars,,https://www.etsy.com/listing/1402868873/pedro-pascal-shirt-actor-pedro-pascal?ref=shop_review,https://i.etsystatic.com/4609930917/r/il/3d9ece/4609930917/il_170x135.4609930917_ad8p.jpg,"PEDRO PASCAL Shirt, Actor Pedro Pascal Shirt Retro 90s, Narco Pedro Pascal Fans Gift, Pedro Pascal Tribute Celebrity Shirt"
https://i.etsystatic.com/site-assets/images/avatars/default_avatar.png?width=75,"Etsy buyer on Feb 17, 2023",,,4 out of 5 stars,,https://www.etsy.com/listing/1257499758/andrew-tate-sweatshirt-top-g-sweatshirt?ref=shop_review,https://i.etsystatic.com/4023588498/r/il/1704b3/4023588498/il_170x135.4023588498_9kso.jpg,"Andrew Tate Sweatshirt, Top G Sweatshirt, Top G Shirt, Andrew Tate  Shirt, Andrew Tate 90's Vintage Sweatshirt, Andrew Tate Gift for fan"
https://i.etsystatic.com/iusa/8f1f1b/107560932/iusa_75x75.107560932_bjuu.jpg?version=0,"on Feb 16, 2023",Victoria,https://www.etsy.com/people/babytoria0812?ref=shop_review,5 out of 5 stars,,https://www.etsy.com/listing/1195816022/michael-b-jordan-retro-shirt-michael-b?ref=shop_review,https://i.etsystatic.com/3835046221/r/il/c3796c/3835046221/il_170x135.3835046221_4c2z.jpg,"Michael B. Jordan Retro Shirt, Michael B. Jordan Homage Shirt, Michael B. Jordan Shirt, Unisex Shirt, Michael B. Jordan Actor Shirt Tee"
https://i.etsystatic.com/iusa/059f05/37249947/iusa_75x75.37249947_hl4r.jpg?version=0,"on Feb 7, 2023",Delaney,https://www.etsy.com/people/dharader?ref=shop_review,5 out of 5 stars,This shirt came out perfectly! The quality is amazing and the design was so good!,https://www.etsy.com/listing/1237255925/custom-order-vintage-shirt-up-to-you?ref=shop_review,https://i.etsystatic.com/3889504952/r/il/1908ec/3889504952/il_170x135.3889504952_muab.jpg,"Custom Order Vintage Shirt, Up to You Shirt, Insert Your Design, Personalized Shirt, Customized Shirt, Change Your Design Here Shirt"
https://i.etsystatic.com/site-assets/images/avatars/default_avatar.png?width=75,"on Feb 2, 2023",Fabienne,https://www.etsy.com/people/ws1l3p84e238w2xd?ref=shop_review,5 out of 5 stars,Gave as a gift and it was very much loved! Very comfy and good quality.,https://www.etsy.com/listing/1237120887/olivia-benson-retro-sweatshirt-olivia?ref=shop_review,https://i.etsystatic.com/3898332268/r/il/bf0de2/3898332268/il_170x135.3898332268_mgvq.jpg,"Olivia Benson Retro Sweatshirt, Olivia Benson Homage Sweatshirt, Olivia Benson Sweatshirt, Olivia Benson Unisex Sweatshirt"
https://i.etsystatic.com/site-assets/images/avatars/default_avatar.png?width=75,"on Feb 1, 2023",Kenneth,https://www.etsy.com/people/gbkhxjoy?ref=shop_review,5 out of 5 stars,Shop this business and get this shirt!,https://www.etsy.com/listing/1203088845/paulie-walnuts-gualtieri-homage-retro?ref=shop_review,https://i.etsystatic.com/3809941599/r/il/896fa9/3809941599/il_170x135.3809941599_p87h.jpg,"Paulie Walnuts Gualtieri Homage Retro 90's Vintage Tshirt, Paulie Gualtieri Shirt, La Cosa Nostra, American Italian Crime Family"
https://i.etsystatic.com/site-assets/images/avatars/default_avatar.png?width=75,"on Feb 13, 2023",Dan,https://www.etsy.com/people/m3iy2aercfdyzs40?ref=shop_review,5 out of 5 stars,,https://www.etsy.com/listing/1203088845/paulie-walnuts-gualtieri-homage-retro?ref=shop_review,https://i.etsystatic.com/3809941599/r/il/896fa9/3809941599/il_170x135.3809941599_p87h.jpg,"Paulie Walnuts Gualtieri Homage Retro 90's Vintage Tshirt, Paulie Gualtieri Shirt, La Cosa Nostra, American Italian Crime Family"
https://i.etsystatic.com/site-assets/images/avatars/default_avatar.png?width=75,"on Feb 13, 2023",Gabby,https://www.etsy.com/people/gabbytroise?ref=shop_review,5 out of 5 stars,,https://www.etsy.com/listing/1402868873/pedro-pascal-shirt-actor-pedro-pascal?ref=shop_review,https://i.etsystatic.com/4609930917/r/il/3d9ece/4609930917/il_170x135.4609930917_ad8p.jpg,"PEDRO PASCAL Shirt, Actor Pedro Pascal Shirt Retro 90s, Narco Pedro Pascal Fans Gift, Pedro Pascal Tribute Celebrity Shirt"
https://i.etsystatic.com/site-assets/images/avatars/default_avatar.png?width=75,"on Feb 11, 2023",Etsy buyer,https://www.etsy.com/people/rebeccabradley123?ref=shop_review,5 out of 5 stars,,https://www.etsy.com/listing/1402868873/pedro-pascal-shirt-actor-pedro-pascal?ref=shop_review,https://i.etsystatic.com/4609930917/r/il/3d9ece/4609930917/il_170x135.4609930917_ad8p.jpg,"PEDRO PASCAL Shirt, Actor Pedro Pascal Shirt Retro 90s, Narco Pedro Pascal Fans Gift, Pedro Pascal Tribute Celebrity Shirt"
https://i.etsystatic.com/site-assets/images/avatars/default_avatar.png?width=75,"on Feb 10, 2023",melissa,https://www.etsy.com/people/a412p868m11wqoj3?ref=shop_review,5 out of 5 stars,,https://www.etsy.com/listing/1203088845/paulie-walnuts-gualtieri-homage-retro?ref=shop_review,https://i.etsystatic.com/3809941599/r/il/896fa9/3809941599/il_170x135.3809941599_p87h.jpg,"Paulie Walnuts Gualtieri Homage Retro 90's Vintage Tshirt, Paulie Gualtieri Shirt, La Cosa Nostra, American Italian Crime Family"
https://i.etsystatic.com/site-assets/images/avatars/default_avatar.png?width=75,"on Feb 9, 2023",shaelyn,https://www.etsy.com/people/c9f7vvfk?ref=shop_review,5 out of 5 stars,,https://www.etsy.com/listing/1198920310/raccoon-homage-shirt-raccoon-hip-hop?ref=shop_review,https://i.etsystatic.com/3799090884/r/il/825913/3799090884/il_170x135.3799090884_d4pg.jpg,"Raccoon Homage Shirt, Raccoon Hip Hop Style 90s Shirt, Raccoon Shirt, Raccoon Funny Gift For Him Her Tees, Cute Raccoon Tshirt"
https://i.etsystatic.com/site-assets/images/avatars/default_avatar.png?width=75,"on Feb 5, 2023",Veronica,https://www.etsy.com/people/7yk3ufqb3xxc8aes?ref=shop_review,5 out of 5 stars,,https://www.etsy.com/listing/1387231997/millie-bobby-brown-shirt-millie-bobby?ref=shop_review,https://i.etsystatic.com/4541858333/r/il/064c07/4541858333/il_170x135.4541858333_mxex.jpg,MILLIE BOBBY BROWN Shirt | Millie Bobby Brown Eleven T-shirt | Millie Bobby Brown Homage Fan Gift | British Actress Millie Bobby Brown Merch
https://i.etsystatic.com/iusa/1556ac/96482292/iusa_75x75.96482292_sggt.jpg?version=0,"on Feb 1, 2023",Arlie,https://www.etsy.com/people/oruauxew?ref=shop_review,5 out of 5 stars,,https://www.etsy.com/listing/1212839969/william-shakespeare-shirt-shakespeare?ref=shop_review,https://i.etsystatic.com/3846631225/r/il/b2bc96/3846631225/il_170x135.3846631225_a28f.jpg,"William Shakespeare Shirt, Shakespeare Homage Shirt, Shakespeare Shirt, Shakespeare Gift, Shakespeare Unisex Shirt, Shakespeare Poet Shirt"
https://i.etsystatic.com/site-assets/images/avatars/default_avatar.png?width=75,"on Jan 25, 2023",Shannon,https://www.etsy.com/people/skeefe726?ref=shop_review,5 out of 5 stars,Took my custom design and created it beautifully!!,https://www.etsy.com/listing/1237255925/custom-order-vintage-shirt-up-to-you?ref=shop_review,https://i.etsystatic.com/3889504952/r/il/1908ec/3889504952/il_170x135.3889504952_muab.jpg,"Custom Order Vintage Shirt, Up to You Shirt, Insert Your Design, Personalized Shirt, Customized Shirt, Change Your Design Here Shirt"
https://i.etsystatic.com/site-assets/images/avatars/default_avatar.png?width=75,"Inactive account on Jan 24, 2023",,,5 out of 5 stars,Love the shirt! And it came super super fast!! Thank you 😊,https://www.etsy.com/listing/1294430646/salvatore-brothers-shirt-stefan?ref=shop_review,https://i.etsystatic.com/4177368758/r/il/4c1843/4177368758/il_170x135.4177368758_qv7o.jpg,"Salvatore Brother's Shirt, Stefan Salvatore Shirt , Damon Salvatore Shirt, Paul Wesley Shirt, The Vampie Diaries Shirt, Gift For Fan"
https://i.etsystatic.com/iusa/d70dc8/47916043/iusa_75x75.47916043_84xg.jpg?version=0,"on Jan 23, 2023",Etsy buyer,https://www.etsy.com/people/letanglover?ref=shop_review,5 out of 5 stars,So in love with shirt. Amazing quality and it came super quick!! I highly recommend this shop!,https://www.etsy.com/listing/1195816022/michael-b-jordan-retro-shirt-michael-b?ref=shop_review,https://i.etsystatic.com/3835046221/r/il/c3796c/3835046221/il_170x135.3835046221_4c2z.jpg,"Michael B. Jordan Retro Shirt, Michael B. Jordan Homage Shirt, Michael B. Jordan Shirt, Unisex Shirt, Michael B. Jordan Actor Shirt Tee"
https://i.etsystatic.com/iusa/b51880/98380417/iusa_75x75.98380417_6ked.jpg?version=0,"on Jan 26, 2023",Brandon,https://www.etsy.com/people/zjjv9hea?ref=shop_review,5 out of 5 stars,,https://www.etsy.com/listing/1202447931/tobey-maguire-retro-shirt-tobey-maguire?ref=shop_review,https://i.etsystatic.com/3759910504/r/il/85fbcf/3759910504/il_170x135.3759910504_5suf.jpg,"Tobey Maguire Retro Shirt, Tobey Maguire Homage Shirt, Tobey Maguire Fan Shirt, Tobey Maguire Shirt, Tobey Maguire Funny Dance Shirt"
https://i.etsystatic.com/site-assets/images/avatars/default_avatar.png?width=75,"on Jan 25, 2023",Gia,https://www.etsy.com/people/mahqdvzc?ref=shop_review,5 out of 5 stars,,https://www.etsy.com/listing/1390158225/bette-porter-shirt-bette-porter-90s?ref=shop_review,https://i.etsystatic.com/4507205988/r/il/f2fc24/4507205988/il_170x135.4507205988_4uir.jpg,"Bette Porter Shirt, Bette Porter 90's Retro Shirt, Jenifer Beals, Jenifer Beals Vintage Shirt, Jennifer Beals Gift For Fan"
https://i.etsystatic.com/site-assets/images/avatars/default_avatar.png?width=75,"on Jan 25, 2023",Shannon,https://www.etsy.com/people/skeefe726?ref=shop_review,5 out of 5 stars,,https://www.etsy.com/listing/1193966398/jared-leto-retro-shirt-jared-leto-homage?ref=shop_review,https://i.etsystatic.com/3780480452/r/il/f758d7/3780480452/il_170x135.3780480452_e1a5.jpg,"Jared Leto Retro Shirt, Jared Leto Homage Shirt, Jared Leto Shirt, Jared Leto Funny Shirt, Unisex Shirt, Jared Leto Actor Singer Tee"
https://i.etsystatic.com/site-assets/images/avatars/default_avatar.png?width=75,"on Jan 25, 2023",Shannon,https://www.etsy.com/people/skeefe726?ref=shop_review,5 out of 5 stars,,,,
https://i.etsystatic.com/site-assets/images/avatars/default_avatar.png?width=75,"on Jan 25, 2023",Shannon,https://www.etsy.com/people/skeefe726?ref=shop_review,5 out of 5 stars,,https://www.etsy.com/listing/1200060004/ryan-reynolds-funny-retro-shirt-ryan?ref=shop_review,https://i.etsystatic.com/3804752246/r/il/33c75a/3804752246/il_170x135.3804752246_71qz.jpg,"Ryan Reynolds Funny Retro Shirt, Ryan Reynolds Shirt, Ryan Reynolds Fan Shirt, Ryan Reynolds Unisex Shirt, Ryan Reynolds Tee, Actor Tee"
https://i.etsystatic.com/site-assets/images/avatars/default_avatar.png?width=75,"on Jan 23, 2023",,https://www.etsy.com/people/2hv0capbve24thrh?ref=shop_review,5 out of 5 stars,,,,
https://i.etsystatic.com/site-assets/images/avatars/default_avatar.png?width=75,"on Jan 20, 2023",Stephanie,https://www.etsy.com/people/gimmedatbecker?ref=shop_review,5 out of 5 stars,,https://www.etsy.com/listing/1203088845/paulie-walnuts-gualtieri-homage-retro?ref=shop_review,https://i.etsystatic.com/3809941599/r/il/896fa9/3809941599/il_170x135.3809941599_p87h.jpg,"Paulie Walnuts Gualtieri Homage Retro 90's Vintage Tshirt, Paulie Gualtieri Shirt, La Cosa Nostra, American Italian Crime Family"
https://i.etsystatic.com/site-assets/images/avatars/default_avatar.png?width=75,"on Jan 11, 2023",Johnny,https://www.etsy.com/people/f2k2kpr7poqp6bxe?ref=shop_review,5 out of 5 stars,"Yes, she loved it a lot",,,
https://i.etsystatic.com/iusa/32f25e/63121556/iusa_75x75.63121556_jmne.jpg?version=0,"on Jan 9, 2023",Dominique,https://www.etsy.com/people/f3jf0rjb?ref=shop_review,5 out of 5 stars,Great product and the picture is great.,,,
https://i.etsystatic.com/iusa/72331b/97265620/iusa_75x75.97265620_t4c5.jpg?version=0,"on Jan 7, 2023",Donna,https://www.etsy.com/people/uscnsumr?ref=shop_review,4 out of 5 stars,The kid (17) really likes it. Yea!,https://www.etsy.com/listing/1198920310/raccoon-homage-shirt-raccoon-hip-hop?ref=shop_review,https://i.etsystatic.com/3799090884/r/il/825913/3799090884/il_170x135.3799090884_d4pg.jpg,"Raccoon Homage Shirt, Raccoon Hip Hop Style 90s Shirt, Raccoon Shirt, Raccoon Funny Gift For Him Her Tees, Cute Raccoon Tshirt"
https://i.etsystatic.com/site-assets/images/avatars/default_avatar.png?width=75,"on Jan 6, 2023",,https://www.etsy.com/people/2hv0capbve24thrh?ref=shop_review,5 out of 5 stars,Great quality! Received before expected! Will definitely order again.,,,
https://i.etsystatic.com/site-assets/images/avatars/default_avatar.png?width=75,"on Jan 14, 2023",Sarah,https://www.etsy.com/people/sarahsands1?ref=shop_review,5 out of 5 stars,,https://www.etsy.com/listing/1313997423/raccoon-retro-sweatshirt-raccoon-homage?ref=shop_review,https://i.etsystatic.com/4249014481/r/il/73ab36/4249014481/il_170x135.4249014481_njsp.jpg,"Raccoon Retro Sweatshirt, Raccoon Homage Sweatshirt, Raccoon Sweatshirt, Raccoon Unisex Sweater, Raccoon Lovers Sweater, Raccoon Fan Sweater"
https://i.etsystatic.com/site-assets/images/avatars/default_avatar.png?width=75,"on Jan 13, 2023",Amanda,https://www.etsy.com/people/g38eu4noi95ftvsf?ref=shop_review,5 out of 5 stars,,https://www.etsy.com/listing/1274364092/tony-soprano-retro-sweatshirt-tony?ref=shop_review,https://i.etsystatic.com/4138271541/r/il/f0b904/4138271541/il_170x135.4138271541_6o3m.jpg,"Tony Soprano Retro Sweatshirt, Tony Soprano Homage Sweatshirt, Tony Soprano Sweatshirt, Tony Soprano Unisex Sweater"
https://i.etsystatic.com/site-assets/images/avatars/default_avatar.png?width=75,"Etsy buyer on Jan 13, 2023",,,5 out of 5 stars,,https://www.etsy.com/listing/1288379723/tony-soprano-retro-shirt-tony-soprano?ref=shop_review,https://i.etsystatic.com/4090596956/r/il/36e09d/4090596956/il_170x135.4090596956_4mx2.jpg,"Tony Soprano Retro Shirt, Tony Soprano Shirt, Tony Soprano Retro Shirt, Tony Soprano 90's Vintage Homage Shirt, Tony Soprano Gift for fan"
https://i.etsystatic.com/iusa/9ccdf2/97721524/iusa_75x75.97721524_qeta.jpg?version=0,"on Jan 11, 2023",Baylie,https://www.etsy.com/people/f3sfhz42mw91avb4?ref=shop_review,5 out of 5 stars,,https://www.etsy.com/listing/1196039860/vintage-emily-prentiss-and-jj-retro?ref=shop_review,https://i.etsystatic.com/3788385096/r/il/74e2d0/3788385096/il_170x135.3788385096_tmq3.jpg,"Vintage Emily Prentiss and JJ Retro Shirt, Emily Prentiss and Jj  Shirt, Emily Prentiss and JJ Criminal Minds TV Series Shirt"
https://i.etsystatic.com/site-assets/images/avatars/default_avatar.png?width=75,"on Jan 9, 2023",Pamela,https://www.etsy.com/people/pamelapurkey?ref=shop_review,5 out of 5 stars,,https://www.etsy.com/listing/1221935944/seinfeld-retro-sweatshirt-seinfeld?ref=shop_review,https://i.etsystatic.com/3884479646/r/il/533a6c/3884479646/il_170x135.3884479646_4phh.jpg,"Seinfeld Retro Sweatshirt, Seinfeld Homage Sweatshirt,  Seinfeld Unisex Sweatshirt, Seinfeld Funny Gift Idea, Classic American Sitcom"
https://i.etsystatic.com/iusa/56dec7/64155177/iusa_75x75.64155177_jmxz.jpg?version=0,"on Jan 8, 2023",Drew,https://www.etsy.com/people/stacykenyon2?ref=shop_review,5 out of 5 stars,,https://www.etsy.com/listing/1212839969/william-shakespeare-shirt-shakespeare?ref=shop_review,https://i.etsystatic.com/3846631213/r/il/a56578/3846631213/il_170x135.3846631213_iroi.jpg,"William Shakespeare Shirt, Shakespeare Homage Shirt, Shakespeare Shirt, Shakespeare Gift, Shakespeare Unisex Shirt, Shakespeare Poet Shirt"
https://i.etsystatic.com/site-assets/images/avatars/default_avatar.png?width=75,"on Dec 31, 2022",Brighton,https://www.etsy.com/people/3wbvjexv?ref=shop_review,5 out of 5 stars,"Boyfriend and I are sopranos fans, love that this one included Pauline’s signature finger wag",https://www.etsy.com/listing/1203088845/paulie-walnuts-gualtieri-homage-retro?ref=shop_review,https://i.etsystatic.com/3809941599/r/il/896fa9/3809941599/il_170x135.3809941599_p87h.jpg,"Paulie Walnuts Gualtieri Homage Retro 90's Vintage Tshirt, Paulie Gualtieri Shirt, La Cosa Nostra, American Italian Crime Family"
https://i.etsystatic.com/iusa/04b3b2/29105168/iusa_75x75.29105168_c6lp.jpg?version=0,"on Dec 31, 2022",jessica,https://www.etsy.com/people/btchertheweak?ref=shop_review,5 out of 5 stars,"Gifted this shirt to my daughter, and she loved it! Great quality, will definitely order more shirts!",https://www.etsy.com/listing/1202447931/tobey-maguire-retro-shirt-tobey-maguire?ref=shop_review,https://i.etsystatic.com/3759910504/r/il/85fbcf/3759910504/il_170x135.3759910504_5suf.jpg,"Tobey Maguire Retro Shirt, Tobey Maguire Homage Shirt, Tobey Maguire Fan Shirt, Tobey Maguire Shirt, Tobey Maguire Funny Dance Shirt"
https://i.etsystatic.com/iusa/898b04/92780903/iusa_75x75.92780903_d7v9.jpg?version=0,"on Dec 31, 2022",Xpr,https://www.etsy.com/people/christophermdame?ref=shop_review,5 out of 5 stars,This gift was a massive hit. Quality t-shirt and graphic.,https://www.etsy.com/listing/1198920310/raccoon-homage-shirt-raccoon-hip-hop?ref=shop_review,https://i.etsystatic.com/3799090884/r/il/825913/3799090884/il_170x135.3799090884_d4pg.jpg,"Raccoon Homage Shirt, Raccoon Hip Hop Style 90s Shirt, Raccoon Shirt, Raccoon Funny Gift For Him Her Tees, Cute Raccoon Tshirt"
https://i.etsystatic.com/iusa/f9a0c3/86039683/iusa_75x75.86039683_ik6r.jpg?version=0,"on Dec 31, 2022",Kayla,https://www.etsy.com/people/qsxccwna?ref=shop_review,5 out of 5 stars,,https://www.etsy.com/listing/1247351588/meghan-markle-sweatshirt-meghan-markle?ref=shop_review,https://i.etsystatic.com/4030418771/r/il/60a97e/4030418771/il_170x135.4030418771_9rxm.jpg,"Meghan Markle Sweatshirt, Meghan Markle Retro Sweatshirt, Meghan Markle Fan Gift, Meghan Markle Shirt, Meghan Markle Merch"
https://i.etsystatic.com/site-assets/images/avatars/default_avatar.png?width=75,"on Dec 31, 2022",Alexa,https://www.etsy.com/people/sk2yapqko1hk2h7y?ref=shop_review,5 out of 5 stars,,https://www.etsy.com/listing/1346405764/michael-buble-sweatshirt-michael-buble?ref=shop_review,https://i.etsystatic.com/4448292429/r/il/c8e0dc/4448292429/il_170x135.4448292429_mqlz.jpg,"Michael Buble Sweatshirt, Michael Buble Retro Sweatshirt, Michael Buble Homage Sweatshirt, Michael Buble Gift for fan, Michael Buble Merch"
https://i.etsystatic.com/iusa/f9a0c3/86039683/iusa_75x75.86039683_ik6r.jpg?version=0,"on Dec 30, 2022",Kayla,https://www.etsy.com/people/qsxccwna?ref=shop_review,5 out of 5 stars,,https://www.etsy.com/listing/1261354951/meghan-markle-retro-shirt-meghan-markle?ref=shop_review,https://i.etsystatic.com/4030416603/r/il/573911/4030416603/il_170x135.4030416603_p9f0.jpg,"Meghan Markle Retro Shirt, Meghan Markle Fan Shirt, Meghan Markle Shirt, Meghan Markle Unisex Shirt, Meghan Markle Public Figure Tee"
https://i.etsystatic.com/site-assets/images/avatars/default_avatar.png?width=75,"on Dec 30, 2022",Alyssa,https://www.etsy.com/people/kuhlweinalyssa?ref=shop_review,5 out of 5 stars,,https://www.etsy.com/listing/1192937070/princess-diana-retro-shirt-princess?ref=shop_review,https://i.etsystatic.com/3824318539/r/il/13b940/3824318539/il_170x135.3824318539_mvci.jpg,"Princess Diana Retro Shirt, Princess Diana Fan Shirt, Princess Diana Shirt, Princess Diana Unisex Shirt, Princess Diana Public Figure Tee"
https://i.etsystatic.com/site-assets/images/avatars/default_avatar.png?width=75,"on Dec 29, 2022",Landon,https://www.etsy.com/people/lindseyglenn04?ref=shop_review,5 out of 5 stars,,https://www.etsy.com/listing/1198920310/raccoon-homage-shirt-raccoon-hip-hop?ref=shop_review,https://i.etsystatic.com/3799090884/r/il/825913/3799090884/il_170x135.3799090884_d4pg.jpg,"Raccoon Homage Shirt, Raccoon Hip Hop Style 90s Shirt, Raccoon Shirt, Raccoon Funny Gift For Him Her Tees, Cute Raccoon Tshirt"
https://i.etsystatic.com/site-assets/images/avatars/default_avatar.png?width=75,"on Dec 29, 2022",Noah,https://www.etsy.com/people/k5pv2ya3enznen71?ref=shop_review,5 out of 5 stars,,https://www.etsy.com/listing/1197914406/dave-grohl-homage-shirt-dave-grohl?ref=shop_review,https://i.etsystatic.com/3843014961/r/il/7ae56d/3843014961/il_170x135.3843014961_41m9.jpg,"Dave Grohl Homage Shirt, Dave Grohl Vintage Shirt, Dave Grohl Fan Shirt, Dave Grohl Gift For Him Her Tees, Dave Grohl Tee, Rock Band Shirt"
https://i.etsystatic.com/iusa/e03be0/30409363/iusa_75x75.30409363_mcsa.jpg?version=0,"on Dec 29, 2022",Katy,https://www.etsy.com/people/katywray?ref=shop_review,5 out of 5 stars,,https://www.etsy.com/listing/1188180734/seinfeld-retro-shirt-seinfeld-homage?ref=shop_review,https://i.etsystatic.com/3758690190/r/il/2eb023/3758690190/il_170x135.3758690190_adq9.jpg,"Seinfeld Retro Shirt, Seinfeld Homage Shirt, Seinfeld Shirt, Seinfeld Unisex Shirt, Seinfeld Funny Gift Idea, Classic American Sitcom"
https://i.etsystatic.com/iusa/a03d8f/61697741/iusa_75x75.61697741_776i.jpg?version=0,"on Dec 23, 2022",Rylee,https://www.etsy.com/people/ryleedanner1?ref=shop_review,5 out of 5 stars,Really nice quality and fast shipping. I was nervous to order it so close to Christmas and was so happy that it arrived days before! Thanks so much,https://www.etsy.com/listing/1203088845/paulie-walnuts-gualtieri-homage-retro?ref=shop_review,https://i.etsystatic.com/3809941545/r/il/cc74cb/3809941545/il_170x135.3809941545_fjpw.jpg,"Paulie Walnuts Gualtieri Homage Retro 90's Vintage Tshirt, Paulie Gualtieri Shirt, La Cosa Nostra, American Italian Crime Family"
https://i.etsystatic.com/iusa/038ad0/74588826/iusa_75x75.74588826_be44.jpg?version=0,"on Dec 22, 2022",Stu,https://www.etsy.com/people/stuartjfullerton?ref=shop_review,5 out of 5 stars,Thank you!!! ❤️,https://www.etsy.com/listing/1193566176/christopher-moltisanti-homage-retro-90s?ref=shop_review,https://i.etsystatic.com/3779109146/r/il/891cd7/3779109146/il_170x135.3779109146_awbg.jpg,"Christopher Moltisanti Homage Retro 90's Vintage Tshirt, Chris Moltisanti Shirt, La Cosa Nostra, Mafia Tv Series, American Italian Crime"
https://i.etsystatic.com/iusa/6ee35c/101254310/iusa_75x75.101254310_2upw.jpg?version=0,"on Dec 22, 2022",Ali,https://www.etsy.com/people/bhtttp165s9y9kzg?ref=shop_review,5 out of 5 stars,my friend loved the shirt!,https://www.etsy.com/listing/1202447931/tobey-maguire-retro-shirt-tobey-maguire?ref=shop_review,https://i.etsystatic.com/3759910504/r/il/85fbcf/3759910504/il_170x135.3759910504_5suf.jpg,"Tobey Maguire Retro Shirt, Tobey Maguire Homage Shirt, Tobey Maguire Fan Shirt, Tobey Maguire Shirt, Tobey Maguire Funny Dance Shirt"
https://i.etsystatic.com/site-assets/images/avatars/default_avatar.png?width=75,"on Dec 22, 2022",Dudley,https://www.etsy.com/people/yj0kbzsk?ref=shop_review,5 out of 5 stars,Thank you very much,https://www.etsy.com/listing/1212839969/william-shakespeare-shirt-shakespeare?ref=shop_review,https://i.etsystatic.com/3846631235/r/il/b80eb4/3846631235/il_170x135.3846631235_811e.jpg,"William Shakespeare Shirt, Shakespeare Homage Shirt, Shakespeare Shirt, Shakespeare Gift, Shakespeare Unisex Shirt, Shakespeare Poet Shirt"
https://i.etsystatic.com/iusa/5bbb4e/70626149/iusa_75x75.70626149_f6nd.jpg?version=0,"on Dec 23, 2022",Stephanie,https://www.etsy.com/people/caz9zdce?ref=shop_review,5 out of 5 stars,,https://www.etsy.com/listing/1288379723/tony-soprano-retro-shirt-tony-soprano?ref=shop_review,https://i.etsystatic.com/4090596958/r/il/1d5139/4090596958/il_170x135.4090596958_5gds.jpg,"Tony Soprano Retro Shirt, Tony Soprano Shirt, Tony Soprano Retro Shirt, Tony Soprano 90's Vintage Homage Shirt, Tony Soprano Gift for fan"
https://i.etsystatic.com/site-assets/images/avatars/default_avatar.png?width=75,"on Dec 23, 2022",Sara,https://www.etsy.com/people/sararosewheeler?ref=shop_review,5 out of 5 stars,,https://www.etsy.com/listing/1208582375/nick-miller-retro-shirt-nick-miller?ref=shop_review,https://i.etsystatic.com/3782941700/r/il/a5d1d1/3782941700/il_170x135.3782941700_j0xi.jpg,"Nick Miller Retro Shirt, Nick Miller Homage Shirt, Nick Miller Shirt, Nick Miller Actor Shirt, Unisex Shirt, Nick Miller New Girls Fans Tee"
https://i.etsystatic.com/site-assets/images/avatars/default_avatar.png?width=75,"on Dec 23, 2022",Kate,https://www.etsy.com/people/katefrisk?ref=shop_review,5 out of 5 stars,,https://www.etsy.com/listing/1313997423/raccoon-retro-sweatshirt-raccoon-homage?ref=shop_review,https://i.etsystatic.com/4249014481/r/il/73ab36/4249014481/il_170x135.4249014481_njsp.jpg,"Raccoon Retro Sweatshirt, Raccoon Homage Sweatshirt, Raccoon Sweatshirt, Raccoon Unisex Sweater, Raccoon Lovers Sweater, Raccoon Fan Sweater"
https://i.etsystatic.com/iusa/b5cc66/71620004/iusa_75x75.71620004_azz7.jpg?version=0,"on Dec 22, 2022",Tasha,https://www.etsy.com/people/tashastamper1?ref=shop_review,5 out of 5 stars,,https://www.etsy.com/listing/1198920310/raccoon-homage-shirt-raccoon-hip-hop?ref=shop_review,https://i.etsystatic.com/3799090884/r/il/825913/3799090884/il_170x135.3799090884_d4pg.jpg,"Raccoon Homage Shirt, Raccoon Hip Hop Style 90s Shirt, Raccoon Shirt, Raccoon Funny Gift For Him Her Tees, Cute Raccoon Tshirt"
https://i.etsystatic.com/site-assets/images/avatars/default_avatar.png?width=75,"on Dec 22, 2022",Spencer,https://www.etsy.com/people/leqqvpsf?ref=shop_review,5 out of 5 stars,,https://www.etsy.com/listing/1198920310/raccoon-homage-shirt-raccoon-hip-hop?ref=shop_review,https://i.etsystatic.com/3799090888/r/il/89b387/3799090888/il_170x135.3799090888_eejj.jpg,"Raccoon Homage Shirt, Raccoon Hip Hop Style 90s Shirt, Raccoon Shirt, Raccoon Funny Gift For Him Her Tees, Cute Raccoon Tshirt"
https://i.etsystatic.com/iusa/e03be0/30409363/iusa_75x75.30409363_mcsa.jpg?version=0,"on Dec 22, 2022",Katy,https://www.etsy.com/people/katywray?ref=shop_review,5 out of 5 stars,,https://www.etsy.com/listing/1188180734/seinfeld-retro-shirt-seinfeld-homage?ref=shop_review,https://i.etsystatic.com/3758690202/r/il/00fd01/3758690202/il_170x135.3758690202_q4n5.jpg,"Seinfeld Retro Shirt, Seinfeld Homage Shirt, Seinfeld Shirt, Seinfeld Unisex Shirt, Seinfeld Funny Gift Idea, Classic American Sitcom"
https://i.etsystatic.com/site-assets/images/avatars/default_avatar.png?width=75,"on Dec 17, 2022",Sarah,https://www.etsy.com/people/w3l4rcxfr7zmn7co?ref=shop_review,5 out of 5 stars,Absolutely amazing quality on both the shirt and the design!!,https://www.etsy.com/listing/1213454439/lewis-capaldi-retro-shirt-lewis-capaldi?ref=shop_review,https://i.etsystatic.com/3801426708/r/il/e3a7c7/3801426708/il_170x135.3801426708_mfjs.jpg,"Lewis Capaldi Retro Shirt, Lewis Capaldi Shirt, Lewis Capaldi Shirt, Lewis Capaldi 90's Vintage Homage Shirt, Lewis Capaldi Gift for fan"
https://i.etsystatic.com/iusa/68001e/111805188/iusa_75x75.111805188_4zfz.jpg?version=0,"on Dec 15, 2022",Katrina,https://www.etsy.com/people/katrinaro87?ref=shop_review,5 out of 5 stars,Beautiful item and great quality! I would highly suggest!!,https://www.etsy.com/listing/1274353406/dmx-retro-sweatshirt-dmx-homage?ref=shop_review,https://i.etsystatic.com/4090568494/r/il/866a9e/4090568494/il_170x135.4090568494_qc4j.jpg,"Dmx Retro Sweatshirt, Dmx Homage Sweatshirt, Dmx Sweatshirt, Dmx Unisex Sweater"
https://i.etsystatic.com/site-assets/images/avatars/default_avatar.png?width=75,"on Dec 18, 2022",Shannon,https://www.etsy.com/people/shannsuess?ref=shop_review,5 out of 5 stars,,https://www.etsy.com/listing/1207440639/spencer-reid-retro-shirt-spencer-reid?ref=shop_review,https://i.etsystatic.com/3826554595/r/il/ddd097/3826554595/il_170x135.3826554595_hc7i.jpg,"Spencer Reid Retro Shirt, Spencer Reid Fan Shirt, Spencer Reid Shirt, Spencer Reid Unisex Shirt, Spencer Reid Criminal Minds TV Series Shirt"
https://i.etsystatic.com/site-assets/images/avatars/default_avatar.png?width=75,"Etsy buyer on Dec 17, 2022",,,5 out of 5 stars,,https://www.etsy.com/listing/1212985984/khalid-homage-sweatshirt-khalid-style?ref=shop_review,https://i.etsystatic.com/3900248685/r/il/5d17a2/3900248685/il_170x135.3900248685_c5i4.jpg,"Khalid Homage SweatShirt, Khalid Style 90s SweatShirt, Khalid SweatShirt, Khalid Gift For Fan, Khalid Location SweatShirt, Khalid Tour Merch"
https://i.etsystatic.com/iusa/f404db/111889587/iusa_75x75.111889587_he2f.jpg?version=0,"on Dec 17, 2022",Jazmynn,https://www.etsy.com/people/y483w4fnxu3kl2zp?ref=shop_review,5 out of 5 stars,,,,
https://i.etsystatic.com/site-assets/images/avatars/default_avatar.png?width=75,"on Dec 17, 2022",Alex,https://www.etsy.com/people/fivesosrocks?ref=shop_review,5 out of 5 stars,,https://www.etsy.com/listing/1202447931/tobey-maguire-retro-shirt-tobey-maguire?ref=shop_review,https://i.etsystatic.com/3759910504/r/il/85fbcf/3759910504/il_170x135.3759910504_5suf.jpg,"Tobey Maguire Retro Shirt, Tobey Maguire Homage Shirt, Tobey Maguire Fan Shirt, Tobey Maguire Shirt, Tobey Maguire Funny Dance Shirt"
https://i.etsystatic.com/site-assets/images/avatars/default_avatar.png?width=75,"on Dec 17, 2022",Laura,https://www.etsy.com/people/jnlwbq9t?ref=shop_review,4 out of 5 stars,,https://www.etsy.com/listing/1237120887/olivia-benson-retro-sweatshirt-olivia?ref=shop_review,https://i.etsystatic.com/3898332268/r/il/bf0de2/3898332268/il_170x135.3898332268_mgvq.jpg,"Olivia Benson Retro Sweatshirt, Olivia Benson Homage Sweatshirt, Olivia Benson Sweatshirt, Olivia Benson Unisex Sweatshirt"
https://i.etsystatic.com/site-assets/images/avatars/default_avatar.png?width=75,"on Dec 16, 2022",Caitlin,https://www.etsy.com/people/pi1poxipt5blzimf?ref=shop_review,5 out of 5 stars,,https://www.etsy.com/listing/1212859497/princess-diana-retro-sweatshirt-princess?ref=shop_review,https://i.etsystatic.com/3846564485/r/il/9d37d2/3846564485/il_170x135.3846564485_9wzg.jpg,"Princess Diana Retro Sweatshirt, Princess Diana Homage Sweatshirt, Princess Diana Sweatshirt, Princess Diana Unisex Sweatshirt, Princess"
https://i.etsystatic.com/iusa/b6c905/71915884/iusa_75x75.71915884_ern0.jpg?version=0,"on Dec 16, 2022",Brooke,https://www.etsy.com/people/brookemccoy1?ref=shop_review,5 out of 5 stars,,https://www.etsy.com/listing/1214636149/leonardo-dicaprio-retro-shirt-leonardo?ref=shop_review,https://i.etsystatic.com/3805835290/r/il/70c041/3805835290/il_170x135.3805835290_pkj9.jpg,"Leonardo DiCaprio Retro Shirt, Leonardo DiCaprio Shirt, Leonardo Di Caprio Vintage Shirt, Leonardo Di Caprio Gift for fan, DiCaprio Shirt"
https://i.etsystatic.com/site-assets/images/avatars/default_avatar.png?width=75,"on Dec 15, 2022",Edisa,https://www.etsy.com/people/edisa1993?ref=shop_review,5 out of 5 stars,,https://www.etsy.com/listing/1197914406/dave-grohl-homage-shirt-dave-grohl?ref=shop_review,https://i.etsystatic.com/3843014961/r/il/7ae56d/3843014961/il_170x135.3843014961_41m9.jpg,"Dave Grohl Homage Shirt, Dave Grohl Vintage Shirt, Dave Grohl Fan Shirt, Dave Grohl Gift For Him Her Tees, Dave Grohl Tee, Rock Band Shirt"
https://i.etsystatic.com/site-assets/images/avatars/default_avatar.png?width=75,"on Dec 11, 2022",Olivia,https://www.etsy.com/people/centofontiolivia?ref=shop_review,5 out of 5 stars,Great quality! Why are you blue?,https://www.etsy.com/listing/1289966986/jesse-pinkman-shirt-vintage-jesse?ref=shop_review,https://i.etsystatic.com/4157970320/r/il/d39863/4157970320/il_170x135.4157970320_2lf0.jpg,"Jesse Pinkman Shirt, Vintage Jesse Pinkman Shirt Retro, Breaking Bad Shirt, Jesse Pinkman Shirt, Heisenberg Shirt, Walter White Shirt"
https://i.etsystatic.com/iusa/da3ff0/74466440/iusa_75x75.74466440_mi5v.jpg?version=0,"on Dec 11, 2022",Kristin,https://www.etsy.com/people/kkayhinds?ref=shop_review,5 out of 5 stars,Great print quality and fast shipping!,https://www.etsy.com/listing/1257416477/glass-animal-retro-sweatshirt-glass?ref=shop_review,https://i.etsystatic.com/4014750037/r/il/a19902/4014750037/il_170x135.4014750037_9g3s.jpg,"Glass Animal Retro Sweatshirt, Glass Animal Homage Sweatshirt, Glass Animal Sweatshirt, Glass Animal Unisex, Glass Animal Crewneck"
https://i.etsystatic.com/iusa/0d99ba/93713430/iusa_75x75.93713430_rpm8.jpg?version=0,"on Dec 9, 2022",Nichole,https://www.etsy.com/people/8xgpjen0y4a4vwkl?ref=shop_review,5 out of 5 stars,"Looks amazing, just got it today. Cannot wait to wear it!",https://www.etsy.com/listing/1202447931/tobey-maguire-retro-shirt-tobey-maguire?ref=shop_review,https://i.etsystatic.com/3759910504/r/il/85fbcf/3759910504/il_170x135.3759910504_5suf.jpg,"Tobey Maguire Retro Shirt, Tobey Maguire Homage Shirt, Tobey Maguire Fan Shirt, Tobey Maguire Shirt, Tobey Maguire Funny Dance Shirt"
https://i.etsystatic.com/iusa/bcd200/56584401/iusa_75x75.56584401_27mv.jpg?version=0,"on Dec 9, 2022",Etsy buyer,https://www.etsy.com/people/SandyBeans?ref=shop_review,5 out of 5 stars,Had a great experience. The seller worked with me to change a design and the end product is great. Highly recommended,https://www.etsy.com/listing/1346405764/michael-buble-sweatshirt-michael-buble?ref=shop_review,https://i.etsystatic.com/4448292433/r/il/d3cb5c/4448292433/il_170x135.4448292433_7xip.jpg,"Michael Buble Sweatshirt, Michael Buble Retro Sweatshirt, Michael Buble Homage Sweatshirt, Michael Buble Gift for fan, Michael Buble Merch"
https://i.etsystatic.com/site-assets/images/avatars/default_avatar.png?width=75,"on Dec 8, 2022",Victoria,https://www.etsy.com/people/jna5c04csjl6kqzd?ref=shop_review,5 out of 5 stars,"It got here on time, and in great condition",https://www.etsy.com/listing/1198920310/raccoon-homage-shirt-raccoon-hip-hop?ref=shop_review,https://i.etsystatic.com/3799090884/r/il/825913/3799090884/il_170x135.3799090884_d4pg.jpg,"Raccoon Homage Shirt, Raccoon Hip Hop Style 90s Shirt, Raccoon Shirt, Raccoon Funny Gift For Him Her Tees, Cute Raccoon Tshirt"
https://i.etsystatic.com/iusa/e39d11/47599043/iusa_75x75.47599043_ix5r.jpg?version=0,"on Dec 11, 2022",Etsy buyer,https://www.etsy.com/people/marialeedy09?ref=shop_review,5 out of 5 stars,,https://www.etsy.com/listing/1208582375/nick-miller-retro-shirt-nick-miller?ref=shop_review,https://i.etsystatic.com/3782941700/r/il/a5d1d1/3782941700/il_170x135.3782941700_j0xi.jpg,"Nick Miller Retro Shirt, Nick Miller Homage Shirt, Nick Miller Shirt, Nick Miller Actor Shirt, Unisex Shirt, Nick Miller New Girls Fans Tee"
https://i.etsystatic.com/site-assets/images/avatars/default_avatar.png?width=75,"on Dec 11, 2022",Jesika,https://www.etsy.com/people/jplum16?ref=shop_review,5 out of 5 stars,,https://www.etsy.com/listing/1202447931/tobey-maguire-retro-shirt-tobey-maguire?ref=shop_review,https://i.etsystatic.com/3759910504/r/il/85fbcf/3759910504/il_170x135.3759910504_5suf.jpg,"Tobey Maguire Retro Shirt, Tobey Maguire Homage Shirt, Tobey Maguire Fan Shirt, Tobey Maguire Shirt, Tobey Maguire Funny Dance Shirt"
https://i.etsystatic.com/iusa/418374/54482073/iusa_75x75.54482073_23s6.jpg?version=0,"on Dec 9, 2022",Leslie,https://www.etsy.com/people/v1xmwvyv?ref=shop_review,5 out of 5 stars,,https://www.etsy.com/listing/1211059235/king-hasbulla-retro-shirt-king-hasbulla?ref=shop_review,https://i.etsystatic.com/3839907269/r/il/ed18c7/3839907269/il_170x135.3839907269_ns1f.jpg,"King Hasbulla Retro Shirt, King Hasbulla Homage Shirt, Hasbulla Shirt, King Hasbulla Funny Shirt, Unisex Shirt, King Hasbulla Meme Tee"
https://i.etsystatic.com/site-assets/images/avatars/default_avatar.png?width=75,"on Dec 8, 2022",Matthew,https://www.etsy.com/people/x0or53v4rpdb1vvq?ref=shop_review,5 out of 5 stars,,https://www.etsy.com/listing/1230835287/chris-evans-shirt-chris-evans-retro?ref=shop_review,https://i.etsystatic.com/3915465159/r/il/c04772/3915465159/il_170x135.3915465159_nnas.jpg,"Chris Evans Shirt, Chris Evans Retro Homage Shirt, Chris Evans Vintage Shirt, Chris Evans Gift for fan, Chris Evans Fan Shirt"
https://i.etsystatic.com/site-assets/images/avatars/default_avatar.png?width=75,"on Dec 8, 2022",Sierra,https://www.etsy.com/people/ap6dagl1?ref=shop_review,5 out of 5 stars,,https://www.etsy.com/listing/1217333364/tobey-maguire-sweatshirt-tobey-maguire?ref=shop_review,https://i.etsystatic.com/3915509831/r/il/6f13f1/3915509831/il_170x135.3915509831_4cx9.jpg,"Tobey Maguire Sweatshirt, Tobey Maguire Homage Sweatshirt, Tobey Maguire Fan Sweatshirt, Tobey Maguire Funny Dance Sweatshirt"
https://i.etsystatic.com/iusa/81f7fc/114826673/iusa_75x75.114826673_2qzs.jpg?version=0,"on Dec 2, 2022",Tiffany,https://www.etsy.com/people/tiffanyjthunder?ref=shop_review,5 out of 5 stars,Got it for my hubby! He’s gonna love it!,https://www.etsy.com/listing/1203088845/paulie-walnuts-gualtieri-homage-retro?ref=shop_review,https://i.etsystatic.com/3809941545/r/il/cc74cb/3809941545/il_170x135.3809941545_fjpw.jpg,"Paulie Walnuts Gualtieri Homage Retro 90's Vintage Tshirt, Paulie Gualtieri Shirt, La Cosa Nostra, American Italian Crime Family"
https://i.etsystatic.com/site-assets/images/avatars/default_avatar.png?width=75,"on Dec 2, 2022",Samantha,https://www.etsy.com/people/yogbtjdk?ref=shop_review,5 out of 5 stars,Thank you so much! The shirt was awesome quality and one of a kind!,https://www.etsy.com/listing/1200743289/olivia-benson-law-and-order-svu-vintage?ref=shop_review,https://i.etsystatic.com/3802114991/r/il/f7c611/3802114991/il_170x135.3802114991_r7aj.jpg,"Olivia Benson Law and Order SVU Vintage Retro Shirt, Mariska Hargitay Shirt Vintage, Homage Shirt, Olivia Benson Shirt , Olivia Benson Tee"
https://i.etsystatic.com/iusa/475110/58379348/iusa_75x75.58379348_suuz.jpg?version=0,"on Dec 2, 2022",Katelyn,https://www.etsy.com/people/kgnichols479?ref=shop_review,5 out of 5 stars,The shipping was super quick & the t-shirt was the perfect oversized fit that I love. The graphic & the printing were also great quality I can't wait to wear it to meet Ian & Paul in January!,https://www.etsy.com/listing/1294430646/salvatore-brothers-shirt-stefan?ref=shop_review,https://i.etsystatic.com/4177368758/r/il/4c1843/4177368758/il_170x135.4177368758_qv7o.jpg,"Salvatore Brother's Shirt, Stefan Salvatore Shirt , Damon Salvatore Shirt, Paul Wesley Shirt, The Vampie Diaries Shirt, Gift For Fan"
https://i.etsystatic.com/site-assets/images/avatars/default_avatar.png?width=75,"on Dec 1, 2022",danielle,https://www.etsy.com/people/danyellmp?ref=shop_review,1 out of 5 stars,The quality of the graphic decal is terrible and looks like it is going to wash off after one wash. Would not buy from this seller again.,https://www.etsy.com/listing/1193566176/christopher-moltisanti-homage-retro-90s?ref=shop_review,https://i.etsystatic.com/3779109146/r/il/891cd7/3779109146/il_170x135.3779109146_awbg.jpg,"Christopher Moltisanti Homage Retro 90's Vintage Tshirt, Chris Moltisanti Shirt, La Cosa Nostra, Mafia Tv Series, American Italian Crime"
https://i.etsystatic.com/site-assets/images/avatars/default_avatar.png?width=75,"on Dec 3, 2022",Pavlo,https://www.etsy.com/people/3i8pu90k8q38h7i9?ref=shop_review,5 out of 5 stars,,https://www.etsy.com/listing/1198920310/raccoon-homage-shirt-raccoon-hip-hop?ref=shop_review,https://i.etsystatic.com/3799090884/r/il/825913/3799090884/il_170x135.3799090884_d4pg.jpg,"Raccoon Homage Shirt, Raccoon Hip Hop Style 90s Shirt, Raccoon Shirt, Raccoon Funny Gift For Him Her Tees, Cute Raccoon Tshirt"
https://i.etsystatic.com/iusa/7e08b5/72207146/iusa_75x75.72207146_o86z.jpg?version=0,"on Dec 3, 2022",Etsy buyer,https://www.etsy.com/people/jessygirl505?ref=shop_review,5 out of 5 stars,,https://www.etsy.com/listing/1292414578/custom-order-vintage-sweatshirt-up-to?ref=shop_review,https://i.etsystatic.com/4168539298/r/il/255d3e/4168539298/il_170x135.4168539298_2uer.jpg,"Custom Order Vintage Sweatshirt, Up to You Sweatshirt, Insert Your Design, Personalized Shirt, Customized Sweatshirt, Change Your Design"
https://i.etsystatic.com/iusa/5ce80b/48660579/iusa_75x75.48660579_em2z.jpg?version=0,"on Dec 2, 2022",Etsy buyer,https://www.etsy.com/people/jennielapiana?ref=shop_review,4 out of 5 stars,,https://www.etsy.com/listing/1198920310/raccoon-homage-shirt-raccoon-hip-hop?ref=shop_review,https://i.etsystatic.com/3799090884/r/il/825913/3799090884/il_170x135.3799090884_d4pg.jpg,"Raccoon Homage Shirt, Raccoon Hip Hop Style 90s Shirt, Raccoon Shirt, Raccoon Funny Gift For Him Her Tees, Cute Raccoon Tshirt"
https://i.etsystatic.com/site-assets/images/avatars/default_avatar.png?width=75,"on Nov 30, 2022",Devin,https://www.etsy.com/people/jvvanueroo2y6glj?ref=shop_review,5 out of 5 stars,,https://www.etsy.com/listing/1188411882/jack-harlow-homage-shirt-rapper-hip-hop?ref=shop_review,https://i.etsystatic.com/3759506492/r/il/23805c/3759506492/il_170x135.3759506492_el0p.jpg,"Jack Harlow Homage Shirt, Rapper Hip Hop Style 90s Shirt, Industry Baby Shirt, Jack Harlow Gift For Him Her Tees, Jack Harlow Tshirt"
https://i.etsystatic.com/site-assets/images/avatars/default_avatar.png?width=75,"Inactive account on Nov 30, 2022",,,5 out of 5 stars,,https://www.etsy.com/listing/1313997423/raccoon-retro-sweatshirt-raccoon-homage?ref=shop_review,https://i.etsystatic.com/4249014481/r/il/73ab36/4249014481/il_170x135.4249014481_njsp.jpg,"Raccoon Retro Sweatshirt, Raccoon Homage Sweatshirt, Raccoon Sweatshirt, Raccoon Unisex Sweater, Raccoon Lovers Sweater, Raccoon Fan Sweater"
https://i.etsystatic.com/iusa/41e4f7/100880914/iusa_75x75.100880914_6hi1.jpg?version=0,"Etsy buyer on Nov 30, 2022",,,5 out of 5 stars,,https://www.etsy.com/listing/1332009773/derek-morgan-shirt-vintage-derek-morgan?ref=shop_review,https://i.etsystatic.com/4329847653/r/il/9b68af/4329847653/il_170x135.4329847653_44ee.jpg,"DEREK MORGAN Shirt, Vintage Derek Morgan Tshirt Retro 90s, Criminal Minds Vintage Shirt, Derek Morgan Criminal Minds Tshirt, Tv Series Shirt"
https://i.etsystatic.com/site-assets/images/avatars/default_avatar.png?width=75,"on Nov 21, 2022",Brianna,https://www.etsy.com/people/xjwis450lqpbpbph?ref=shop_review,5 out of 5 stars,Looked like the description and feels good quality.,https://www.etsy.com/listing/1192937070/princess-diana-retro-shirt-princess?ref=shop_review,https://i.etsystatic.com/3824318635/r/il/845fc0/3824318635/il_170x135.3824318635_r8u5.jpg,"Princess Diana Retro Shirt, Princess Diana Fan Shirt, Princess Diana Shirt, Princess Diana Unisex Shirt, Princess Diana Public Figure Tee"
https://i.etsystatic.com/site-assets/images/avatars/default_avatar.png?width=75,"on Nov 20, 2022",Bianca,https://www.etsy.com/people/i8h7qv5oj4kqc179?ref=shop_review,5 out of 5 stars,"so cute! with him not having much mercy, this totally satisfied my wants !",https://www.etsy.com/listing/1233744492/boy-pablo-retro-sweatshirt-boy-pablo?ref=shop_review,https://i.etsystatic.com/3929189888/r/il/43941d/3929189888/il_170x135.3929189888_2t2r.jpg,"Boy Pablo Retro Sweatshirt, Boy Pablo Homage Sweatshirt, Boy Pablo Sweatshirt, Boy Pablo Unisex Sweatshirt, Boy Pablo Crewneck"
https://i.etsystatic.com/iusa/7db665/55545573/iusa_75x75.55545573_etvx.jpg?version=0,"on Nov 18, 2022",Rachel,https://www.etsy.com/people/rachelstull3?ref=shop_review,5 out of 5 stars,"Very soft sweatshirt, love the image",https://www.etsy.com/listing/1313997423/raccoon-retro-sweatshirt-raccoon-homage?ref=shop_review,https://i.etsystatic.com/4201359512/r/il/62eb54/4201359512/il_170x135.4201359512_23ol.jpg,"Raccoon Retro Sweatshirt, Raccoon Homage Sweatshirt, Raccoon Sweatshirt, Raccoon Unisex Sweater, Raccoon Lovers Sweater, Raccoon Fan Sweater"
https://i.etsystatic.com/iusa/154403/44992942/iusa_75x75.44992942_cddv.jpg?version=0,"on Nov 23, 2022",Alex,https://www.etsy.com/people/alexmercer88?ref=shop_review,5 out of 5 stars,,https://www.etsy.com/listing/1193566176/christopher-moltisanti-homage-retro-90s?ref=shop_review,https://i.etsystatic.com/3779109146/r/il/891cd7/3779109146/il_170x135.3779109146_awbg.jpg,"Christopher Moltisanti Homage Retro 90's Vintage Tshirt, Chris Moltisanti Shirt, La Cosa Nostra, Mafia Tv Series, American Italian Crime"
https://i.etsystatic.com/site-assets/images/avatars/default_avatar.png?width=75,"on Nov 22, 2022",Isaac,https://www.etsy.com/people/0uhbzguwhgbs3q3s?ref=shop_review,4 out of 5 stars,,https://www.etsy.com/listing/1202447931/tobey-maguire-retro-shirt-tobey-maguire?ref=shop_review,https://i.etsystatic.com/3759910504/r/il/85fbcf/3759910504/il_170x135.3759910504_5suf.jpg,"Tobey Maguire Retro Shirt, Tobey Maguire Homage Shirt, Tobey Maguire Fan Shirt, Tobey Maguire Shirt, Tobey Maguire Funny Dance Shirt"
https://i.etsystatic.com/iusa/1e6422/25177324/iusa_75x75.25177324_680j.jpg?version=0,"on Nov 22, 2022",Jen,https://www.etsy.com/people/jennybenny321?ref=shop_review,5 out of 5 stars,,https://www.etsy.com/listing/1208542565/nicolas-cage-retro-shirt-nicolas-cage?ref=shop_review,https://i.etsystatic.com/3830370963/r/il/ae8083/3830370963/il_170x135.3830370963_lmf4.jpg,"Nicolas Cage Retro Shirt, Nicolas Cage Homage Shirt, Nicolas Cage Shirt, Nicolas Cage Actor Shirt, Unisex Shirt, Nicolas Cage Actor Tee"
https://i.etsystatic.com/site-assets/images/avatars/default_avatar.png?width=75,"on Nov 21, 2022",Amy,https://www.etsy.com/people/shakespeareteacher?ref=shop_review,5 out of 5 stars,,https://www.etsy.com/listing/1225456232/hailee-steinfeld-homage-shirt-hailee?ref=shop_review,https://i.etsystatic.com/3897299382/r/il/acbecc/3897299382/il_170x135.3897299382_4n6n.jpg,"Hailee Steinfeld Homage Shirt, Hailee Steinfeld Shirt, Hailee Steinfeld Singer 90s Shirt, Hailee Steinfeld Tshirt, Hailee Steinfeld Fan Gift"
https://i.etsystatic.com/site-assets/images/avatars/default_avatar.png?width=75,"Etsy buyer on Nov 21, 2022",,,5 out of 5 stars,,https://www.etsy.com/listing/1203088845/paulie-walnuts-gualtieri-homage-retro?ref=shop_review,https://i.etsystatic.com/3809941599/r/il/896fa9/3809941599/il_170x135.3809941599_p87h.jpg,"Paulie Walnuts Gualtieri Homage Retro 90's Vintage Tshirt, Paulie Gualtieri Shirt, La Cosa Nostra, American Italian Crime Family"
https://i.etsystatic.com/iusa/7e08b5/72207146/iusa_75x75.72207146_o86z.jpg?version=0,"on Nov 19, 2022",Etsy buyer,https://www.etsy.com/people/jessygirl505?ref=shop_review,5 out of 5 stars,,https://www.etsy.com/listing/1193966398/jared-leto-retro-shirt-jared-leto-homage?ref=shop_review,https://i.etsystatic.com/3780480452/r/il/f758d7/3780480452/il_170x135.3780480452_e1a5.jpg,"Jared Leto Retro Shirt, Jared Leto Homage Shirt, Jared Leto Shirt, Jared Leto Funny Shirt, Unisex Shirt, Jared Leto Actor Singer Tee"
https://i.etsystatic.com/iusa/05b8de/92873140/iusa_75x75.92873140_fk3h.jpg?version=0,"on Nov 18, 2022",Lauren,https://www.etsy.com/people/mmlkaypg?ref=shop_review,5 out of 5 stars,,https://www.etsy.com/listing/1288379723/tony-soprano-retro-shirt-tony-soprano?ref=shop_review,https://i.etsystatic.com/4090596958/r/il/1d5139/4090596958/il_170x135.4090596958_5gds.jpg,"Tony Soprano Retro Shirt, Tony Soprano Shirt, Tony Soprano Retro Shirt, Tony Soprano 90's Vintage Homage Shirt, Tony Soprano Gift for fan"
https://i.etsystatic.com/iusa/af7c49/76476958/iusa_75x75.76476958_rr72.jpg?version=0,"on Nov 11, 2022",Bridget,https://www.etsy.com/people/gqby3lk5?ref=shop_review,5 out of 5 stars,I got this as a gift for my boyfriend who is a huge sopranos fan! It’s his new favourite T-shirt. It arrived right on time and is absolutely perfect. Highly recommend.,https://www.etsy.com/listing/1203088845/paulie-walnuts-gualtieri-homage-retro?ref=shop_review,https://i.etsystatic.com/3809941599/r/il/896fa9/3809941599/il_170x135.3809941599_p87h.jpg,"Paulie Walnuts Gualtieri Homage Retro 90's Vintage Tshirt, Paulie Gualtieri Shirt, La Cosa Nostra, American Italian Crime Family"
https://i.etsystatic.com/iusa/c859d8/76253862/iusa_75x75.76253862_9iuc.jpg?version=0,"on Nov 11, 2022",Morgan,https://www.etsy.com/people/mztaylor2468?ref=shop_review,5 out of 5 stars,The shirt is really good quality. I know my niece will love this!,https://www.etsy.com/listing/1202447931/tobey-maguire-retro-shirt-tobey-maguire?ref=shop_review,https://i.etsystatic.com/3759910504/r/il/85fbcf/3759910504/il_170x135.3759910504_5suf.jpg,"Tobey Maguire Retro Shirt, Tobey Maguire Homage Shirt, Tobey Maguire Fan Shirt, Tobey Maguire Shirt, Tobey Maguire Funny Dance Shirt"
https://i.etsystatic.com/iusa/c11837/97524864/iusa_75x75.97524864_quwe.jpg?version=0,"on Nov 10, 2022",Pop,https://www.etsy.com/people/g0jz39k40u9atyy0?ref=shop_review,5 out of 5 stars,"Quality of the shirt was amazing and it came super fast! Love having a shirt of the future princess of pop, Addison Rae",https://www.etsy.com/listing/1200647105/addison-rae-vintage-retro-shirt-addison?ref=shop_review,https://i.etsystatic.com/3800659683/r/il/6b4f54/3800659683/il_170x135.3800659683_f6kv.jpg,"Addison Rae Vintage Retro Shirt, Addison Rae Dance Hip Hop, Addison Rae Influencer Shirt, Dancer Shirt, Shirt For Man Woman, Addison Rae Tee"
https://i.etsystatic.com/site-assets/images/avatars/default_avatar.png?width=75,"on Nov 10, 2022",Wyatt,https://www.etsy.com/people/gbzskvee0xpubrct?ref=shop_review,5 out of 5 stars,The seller was so kind and helpful with my designs and even gave me a sample of what it would look like. Fast Shiping is a major plus. Will definitely be buying again.,https://www.etsy.com/listing/1237255925/custom-order-vintage-shirt-up-to-you?ref=shop_review,https://i.etsystatic.com/3889504952/r/il/1908ec/3889504952/il_170x135.3889504952_muab.jpg,"Custom Order Vintage Shirt, Up to You Shirt, Insert Your Design, Personalized Shirt, Customized Shirt, Change Your Design Here Shirt"
https://i.etsystatic.com/iusa/2b793c/82431254/iusa_75x75.82431254_5bq6.jpg?version=0,"on Nov 8, 2022",Rita,https://www.etsy.com/people/1ehy9bb1sjio4mnd?ref=shop_review,5 out of 5 stars,Arrived fast and looks incredible. Would definitely buy from this shop again. The sweatshirt is so warm and comfy.,https://www.etsy.com/listing/1247361508/keanu-reeves-retro-sweatshirt-keanu?ref=shop_review,https://i.etsystatic.com/4039006953/r/il/568555/4039006953/il_170x135.4039006953_939p.jpg,"Keanu Reeves Retro Sweatshirt, Keanu Reeves Homage Sweatshirt, Keanu Reeves Sweatshirt, Keanu Reeves Unisex Sweater, Keanu Reeves Bootleg"
https://i.etsystatic.com/site-assets/images/avatars/default_avatar.png?width=75,"on Nov 8, 2022",Marcia,https://www.etsy.com/people/flvibbs66znq3ifd?ref=shop_review,5 out of 5 stars,Great graphics. I get a lot of compliments when I wear it,https://www.etsy.com/listing/1313997423/raccoon-retro-sweatshirt-raccoon-homage?ref=shop_review,https://i.etsystatic.com/4249014425/r/il/4e4cb1/4249014425/il_170x135.4249014425_h2g8.jpg,"Raccoon Retro Sweatshirt, Raccoon Homage Sweatshirt, Raccoon Sweatshirt, Raccoon Unisex Sweater, Raccoon Lovers Sweater, Raccoon Fan Sweater"
https://i.etsystatic.com/iusa/02c132/91759849/iusa_75x75.91759849_l6ew.jpg?version=0,"on Nov 8, 2022",Kristina,https://www.etsy.com/people/kristinamercado3?ref=shop_review,5 out of 5 stars,"Shirt was shipped the next day after my order was placed and was delivered two days later. The shirt is really good quality, print looks good and it seems true to size. Bought it as a gift so hopefully I got the right size lol. Would definitely buy a different shirt for myself in the future.",https://www.etsy.com/listing/1202447931/tobey-maguire-retro-shirt-tobey-maguire?ref=shop_review,https://i.etsystatic.com/3759910504/r/il/85fbcf/3759910504/il_170x135.3759910504_5suf.jpg,"Tobey Maguire Retro Shirt, Tobey Maguire Homage Shirt, Tobey Maguire Fan Shirt, Tobey Maguire Shirt, Tobey Maguire Funny Dance Shirt"
https://i.etsystatic.com/iusa/e93ad9/74365470/iusa_75x75.74365470_2vmc.jpg?version=0,"on Nov 10, 2022",Kolby,https://www.etsy.com/people/gm1d4iqu?ref=shop_review,5 out of 5 stars,,https://www.etsy.com/listing/1192937070/princess-diana-retro-shirt-princess?ref=shop_review,https://i.etsystatic.com/3776711400/r/il/862bd4/3776711400/il_170x135.3776711400_epeq.jpg,"Princess Diana Retro Shirt, Princess Diana Fan Shirt, Princess Diana Shirt, Princess Diana Unisex Shirt, Princess Diana Public Figure Tee"
https://i.etsystatic.com/site-assets/images/avatars/default_avatar.png?width=75,"on Nov 10, 2022",Abby,https://www.etsy.com/people/czjyioql?ref=shop_review,5 out of 5 stars,,https://www.etsy.com/listing/1203088845/paulie-walnuts-gualtieri-homage-retro?ref=shop_review,https://i.etsystatic.com/3809941599/r/il/896fa9/3809941599/il_170x135.3809941599_p87h.jpg,"Paulie Walnuts Gualtieri Homage Retro 90's Vintage Tshirt, Paulie Gualtieri Shirt, La Cosa Nostra, American Italian Crime Family"
https://i.etsystatic.com/site-assets/images/avatars/default_avatar.png?width=75,"on Nov 10, 2022",Etsy buyer,https://www.etsy.com/people/SavyMidd?ref=shop_review,5 out of 5 stars,,https://www.etsy.com/listing/1202447931/tobey-maguire-retro-shirt-tobey-maguire?ref=shop_review,https://i.etsystatic.com/3759910504/r/il/85fbcf/3759910504/il_170x135.3759910504_5suf.jpg,"Tobey Maguire Retro Shirt, Tobey Maguire Homage Shirt, Tobey Maguire Fan Shirt, Tobey Maguire Shirt, Tobey Maguire Funny Dance Shirt"
https://i.etsystatic.com/iusa/d60a67/74727720/iusa_75x75.74727720_sb11.jpg?version=0,"on Oct 27, 2022",Courtney,https://www.etsy.com/people/cantonioli?ref=shop_review,5 out of 5 stars,Such a fun throwback shirt!,https://www.etsy.com/listing/1203088845/paulie-walnuts-gualtieri-homage-retro?ref=shop_review,https://i.etsystatic.com/3809941599/r/il/896fa9/3809941599/il_170x135.3809941599_p87h.jpg,"Paulie Walnuts Gualtieri Homage Retro 90's Vintage Tshirt, Paulie Gualtieri Shirt, La Cosa Nostra, American Italian Crime Family"
https://i.etsystatic.com/iusa/989029/84312608/iusa_75x75.84312608_6nn5.jpg?version=0,"on Oct 27, 2022",Kimberly,https://www.etsy.com/people/liueicud?ref=shop_review,5 out of 5 stars,"Everything was amazing, the seller checked in to make sure the order was correct before fulfilling and the shirt was adorable. Loved everything about this small business! If your thinking about buying from them you should!!!!",https://www.etsy.com/listing/1187236028/john-mulaney-retro-shirt-john-mulaney?ref=shop_review,https://i.etsystatic.com/3849704065/r/il/8a7629/3849704065/il_170x135.3849704065_9eq0.jpg,"John Mulaney Retro Shirt, John Mulaney Homage Shirt, John Mulaney Fan Shirt, John Mulaney Unisex Shirt, John Mulaney Stand Up Comedian Tee"
https://i.etsystatic.com/site-assets/images/avatars/default_avatar.png?width=75,"on Oct 26, 2022",Jose,https://www.etsy.com/people/1oh8k8grjj8y0ufz?ref=shop_review,5 out of 5 stars,Just as advertised. The shirt looks amazing,https://www.etsy.com/listing/1198920310/raccoon-homage-shirt-raccoon-hip-hop?ref=shop_review,https://i.etsystatic.com/3799090884/r/il/825913/3799090884/il_170x135.3799090884_d4pg.jpg,"Raccoon Homage Shirt, Raccoon Hip Hop Style 90s Shirt, Raccoon Shirt, Raccoon Funny Gift For Him Her Tees, Cute Raccoon Tshirt"
https://i.etsystatic.com/iusa/789bb9/84095688/iusa_75x75.84095688_aawa.jpg?version=0,"on Oct 24, 2022",Courtney,https://www.etsy.com/people/courtneyavila1?ref=shop_review,5 out of 5 stars,Perfect condition and so cute!,https://www.etsy.com/listing/1192937070/princess-diana-retro-shirt-princess?ref=shop_review,https://i.etsystatic.com/3824318635/r/il/845fc0/3824318635/il_170x135.3824318635_r8u5.jpg,"Princess Diana Retro Shirt, Princess Diana Fan Shirt, Princess Diana Shirt, Princess Diana Unisex Shirt, Princess Diana Public Figure Tee"
https://i.etsystatic.com/iusa/540835/86394349/iusa_75x75.86394349_j2ql.jpg?version=0,"on Oct 23, 2022",Lalina,https://www.etsy.com/people/9sfxhljc57vyw9qr?ref=shop_review,5 out of 5 stars,"Exceeded my expectation, CAME OUT AMAZING!!",https://www.etsy.com/listing/1230835287/chris-evans-shirt-chris-evans-retro?ref=shop_review,https://i.etsystatic.com/3867975626/r/il/a67e1e/3867975626/il_170x135.3867975626_g3mx.jpg,"Chris Evans Shirt, Chris Evans Retro Homage Shirt, Chris Evans Vintage Shirt, Chris Evans Gift for fan, Chris Evans Fan Shirt"
https://i.etsystatic.com/site-assets/images/avatars/default_avatar.png?width=75,"Etsy buyer on Oct 28, 2022",,,5 out of 5 stars,,https://www.etsy.com/listing/1237661199/omar-apollo-retro-shirt-omar-apollo?ref=shop_review,https://i.etsystatic.com/3890832502/r/il/a2f292/3890832502/il_170x135.3890832502_4phc.jpg,"Omar Apollo Retro Shirt, Omar Apollo Shirt, Omar Apollo Fan Shirt, Omar Apollo 90's Vintage Homage Shirt, Omar Apollo Gift for Fan"
https://i.etsystatic.com/site-assets/images/avatars/default_avatar.png?width=75,"on Oct 27, 2022",Ujaala,https://www.etsy.com/people/ith8o59pct1i028i?ref=shop_review,5 out of 5 stars,,https://www.etsy.com/listing/1247365428/artie-bucco-homage-retro-90s-vintage?ref=shop_review,https://i.etsystatic.com/3982824880/r/il/cf5474/3982824880/il_170x135.3982824880_1kll.jpg,"Artie Bucco Homage Retro 90's Vintage Tshirt, Artie Bucco Shirt, La Cosa Nostra, Mafia Tv Series, Soprano, American Italian Crime"
https://i.etsystatic.com/site-assets/images/avatars/default_avatar.png?width=75,"on Oct 27, 2022",Abraham,https://www.etsy.com/people/hehrmjcm?ref=shop_review,5 out of 5 stars,,https://www.etsy.com/listing/1190249192/adam-sandler-retro-shirtadam-sandler?ref=shop_review,https://i.etsystatic.com/3814003285/r/il/3dc044/3814003285/il_170x135.3814003285_rugj.jpg,"Adam Sandler Retro Shirt,Adam Sandler Homage Shirt, Adam Sandler Fan Shirt, Adam Sandler Unisex Shirt, Adam Sandler Actor Comedian Tee"
https://i.etsystatic.com/iusa/48f7e2/95315951/iusa_75x75.95315951_90sg.jpg?version=0,"on Oct 24, 2022",Ashley,https://www.etsy.com/people/2cn9oscs5l2efyre?ref=shop_review,5 out of 5 stars,,https://www.etsy.com/listing/1198920310/raccoon-homage-shirt-raccoon-hip-hop?ref=shop_review,https://i.etsystatic.com/3846621485/r/il/58fafa/3846621485/il_170x135.3846621485_jddo.jpg,"Raccoon Homage Shirt, Raccoon Hip Hop Style 90s Shirt, Raccoon Shirt, Raccoon Funny Gift For Him Her Tees, Cute Raccoon Tshirt"
https://i.etsystatic.com/iusa/458537/112464742/iusa_75x75.112464742_fn29.jpg?version=0,"on Oct 21, 2022",Minya,https://www.etsy.com/people/lhyqzd3q?ref=shop_review,5 out of 5 stars,,https://www.etsy.com/listing/1198920310/raccoon-homage-shirt-raccoon-hip-hop?ref=shop_review,https://i.etsystatic.com/3799090884/r/il/825913/3799090884/il_170x135.3799090884_d4pg.jpg,"Raccoon Homage Shirt, Raccoon Hip Hop Style 90s Shirt, Raccoon Shirt, Raccoon Funny Gift For Him Her Tees, Cute Raccoon Tshirt"
https://i.etsystatic.com/site-assets/images/avatars/default_avatar.png?width=75,"on Oct 13, 2022",Dana,https://www.etsy.com/people/jbmutpk3xw163l4m?ref=shop_review,5 out of 5 stars,OBSESSED!!!! Super quick and helpful response time too :),https://www.etsy.com/listing/1237255925/custom-order-vintage-shirt-up-to-you?ref=shop_review,https://i.etsystatic.com/3889504952/r/il/1908ec/3889504952/il_170x135.3889504952_muab.jpg,"Custom Order Vintage Shirt, Up to You Shirt, Insert Your Design, Personalized Shirt, Customized Shirt, Change Your Design Here Shirt"
https://i.etsystatic.com/site-assets/images/avatars/default_avatar.png?width=75,"on Oct 12, 2022",Isabella,https://www.etsy.com/people/lol813z51ei8zphe?ref=shop_review,5 out of 5 stars,Came exactly how I want love it. Can’t wait to wear it,https://www.etsy.com/listing/1203088845/paulie-walnuts-gualtieri-homage-retro?ref=shop_review,https://i.etsystatic.com/3809941599/r/il/896fa9/3809941599/il_170x135.3809941599_p87h.jpg,"Paulie Walnuts Gualtieri Homage Retro 90's Vintage Tshirt, Paulie Gualtieri Shirt, La Cosa Nostra, American Italian Crime Family"
https://i.etsystatic.com/iusa/49e2c5/75779248/iusa_75x75.75779248_4weh.jpg?version=0,"on Oct 11, 2022",Lexi,https://www.etsy.com/people/AZAJDEL?ref=shop_review,5 out of 5 stars,This will be the perfect gift for my friend! :),https://www.etsy.com/listing/1201260110/nicolas-cage-retro-sweatshirt-nicolas?ref=shop_review,https://i.etsystatic.com/3855642327/r/il/c700a2/3855642327/il_170x135.3855642327_1set.jpg,"Nicolas Cage Retro Sweatshirt, Nicolas Cage Homage Sweatshirt, Nicolas Cage Sweatshirt, Nicolas Cage Actor Sweatshirt, Unisex Sweatshirt"
https://i.etsystatic.com/iusa/4780ea/85190765/iusa_75x75.85190765_bsg0.jpg?version=0,"on Oct 11, 2022",Dani,https://www.etsy.com/people/danicalif?ref=shop_review,5 out of 5 stars,Can’t wait to gift this shirt to my husband who loves the Sopranos. Graphic looks great and shipped quickly.,https://www.etsy.com/listing/1203088845/paulie-walnuts-gualtieri-homage-retro?ref=shop_review,https://i.etsystatic.com/3809941545/r/il/cc74cb/3809941545/il_170x135.3809941545_fjpw.jpg,"Paulie Walnuts Gualtieri Homage Retro 90's Vintage Tshirt, Paulie Gualtieri Shirt, La Cosa Nostra, American Italian Crime Family"
https://i.etsystatic.com/iusa/175cbf/77907732/iusa_75x75.77907732_1nnx.jpg?version=0,"on Oct 11, 2022",Devin,https://www.etsy.com/people/khlyjyrz?ref=shop_review,5 out of 5 stars,The shirt is great! I’ve washed it a few times and everything still looks good. I wore it to a concert and it was better than the merch they were selling.,https://www.etsy.com/listing/1188411882/jack-harlow-homage-shirt-rapper-hip-hop?ref=shop_review,https://i.etsystatic.com/3759506492/r/il/23805c/3759506492/il_170x135.3759506492_el0p.jpg,"Jack Harlow Homage Shirt, Rapper Hip Hop Style 90s Shirt, Industry Baby Shirt, Jack Harlow Gift For Him Her Tees, Jack Harlow Tshirt"
https://i.etsystatic.com/site-assets/images/avatars/default_avatar.png?width=75,"on Oct 11, 2022",miranda,https://www.etsy.com/people/tezdba3i?ref=shop_review,5 out of 5 stars,The quality of the item is great!,https://www.etsy.com/listing/1212839969/william-shakespeare-shirt-shakespeare?ref=shop_review,https://i.etsystatic.com/3846631219/r/il/1d5105/3846631219/il_170x135.3846631219_h6z0.jpg,"William Shakespeare Shirt, Shakespeare Homage Shirt, Shakespeare Shirt, Shakespeare Gift, Shakespeare Unisex Shirt, Shakespeare Poet Shirt"
https://i.etsystatic.com/site-assets/images/avatars/default_avatar.png?width=75,"on Oct 13, 2022",Brittany,https://www.etsy.com/people/bbxnxdee95?ref=shop_review,5 out of 5 stars,,https://www.etsy.com/listing/1288379723/tony-soprano-retro-shirt-tony-soprano?ref=shop_review,https://i.etsystatic.com/4090596956/r/il/36e09d/4090596956/il_170x135.4090596956_4mx2.jpg,"Tony Soprano Retro Shirt, Tony Soprano Shirt, Tony Soprano Retro Shirt, Tony Soprano 90's Vintage Homage Shirt, Tony Soprano Gift for fan"
https://i.etsystatic.com/site-assets/images/avatars/default_avatar.png?width=75,"on Oct 13, 2022",Taylor,https://www.etsy.com/people/2en7rfbl6jysj17y?ref=shop_review,5 out of 5 stars,,https://www.etsy.com/listing/1211059235/king-hasbulla-retro-shirt-king-hasbulla?ref=shop_review,https://i.etsystatic.com/3839907269/r/il/ed18c7/3839907269/il_170x135.3839907269_ns1f.jpg,"King Hasbulla Retro Shirt, King Hasbulla Homage Shirt, Hasbulla Shirt, King Hasbulla Funny Shirt, Unisex Shirt, King Hasbulla Meme Tee"
https://i.etsystatic.com/iusa/d5af29/83459133/iusa_75x75.83459133_i4e8.jpg?version=0,"on Oct 12, 2022",madylin,https://www.etsy.com/people/medleymadylin?ref=shop_review,5 out of 5 stars,,https://www.etsy.com/listing/1193566176/christopher-moltisanti-homage-retro-90s?ref=shop_review,https://i.etsystatic.com/3779109146/r/il/891cd7/3779109146/il_170x135.3779109146_awbg.jpg,"Christopher Moltisanti Homage Retro 90's Vintage Tshirt, Chris Moltisanti Shirt, La Cosa Nostra, Mafia Tv Series, American Italian Crime"
https://i.etsystatic.com/iusa/5a8a16/114924933/iusa_75x75.114924933_o4mt.jpg?version=0,"on Oct 10, 2022",McKenna,https://www.etsy.com/people/lcfzyls6?ref=shop_review,5 out of 5 stars,,https://www.etsy.com/listing/1187236028/john-mulaney-retro-shirt-john-mulaney?ref=shop_review,https://i.etsystatic.com/3849704065/r/il/8a7629/3849704065/il_170x135.3849704065_9eq0.jpg,"John Mulaney Retro Shirt, John Mulaney Homage Shirt, John Mulaney Fan Shirt, John Mulaney Unisex Shirt, John Mulaney Stand Up Comedian Tee"
https://i.etsystatic.com/iusa/6271cb/50989475/iusa_75x75.50989475_muc2.jpg?version=0,"on Oct 3, 2022",Brandy,https://www.etsy.com/people/brandywilhoite?ref=shop_review,5 out of 5 stars,Quality is great. Super soft on the inside and absolutely beautiful! I love Meghan Markle,https://www.etsy.com/listing/1247351588/meghan-markle-sweatshirt-meghan-markle?ref=shop_review,https://i.etsystatic.com/4030418771/r/il/60a97e/4030418771/il_170x135.4030418771_9rxm.jpg,"Meghan Markle Sweatshirt, Meghan Markle Retro Sweatshirt, Meghan Markle Fan Gift, Meghan Markle Shirt, Meghan Markle Merch"
https://i.etsystatic.com/iusa/e498b5/79479324/iusa_75x75.79479324_kgo1.jpg?version=0,"on Sep 30, 2022",God,https://www.etsy.com/people/jnwzqj3l?ref=shop_review,5 out of 5 stars,I like the quality of the shirt. And I get lots of compliments on it all the time. :),,,
https://i.etsystatic.com/iusa/55f500/36713208/iusa_75x75.36713208_cnvd.jpg?version=0,"on Oct 4, 2022",Amy,https://www.etsy.com/people/apizzuto619?ref=shop_review,5 out of 5 stars,,https://www.etsy.com/listing/1192937070/princess-diana-retro-shirt-princess?ref=shop_review,https://i.etsystatic.com/3776711400/r/il/862bd4/3776711400/il_170x135.3776711400_epeq.jpg,"Princess Diana Retro Shirt, Princess Diana Fan Shirt, Princess Diana Shirt, Princess Diana Unisex Shirt, Princess Diana Public Figure Tee"
https://i.etsystatic.com/site-assets/images/avatars/default_avatar.png?width=75,"on Oct 4, 2022",Julie,https://www.etsy.com/people/0rn7igwq22q03fwd?ref=shop_review,5 out of 5 stars,,https://www.etsy.com/listing/1294430646/salvatore-brothers-shirt-stefan?ref=shop_review,https://i.etsystatic.com/4177368758/r/il/4c1843/4177368758/il_170x135.4177368758_qv7o.jpg,"Salvatore Brother's Shirt, Stefan Salvatore Shirt , Damon Salvatore Shirt, Paul Wesley Shirt, The Vampie Diaries Shirt, Gift For Fan"
https://i.etsystatic.com/site-assets/images/avatars/default_avatar.png?width=75,"Inactive account on Oct 3, 2022",,,5 out of 5 stars,,https://www.etsy.com/listing/1188411882/jack-harlow-homage-shirt-rapper-hip-hop?ref=shop_review,https://i.etsystatic.com/3759506492/r/il/23805c/3759506492/il_170x135.3759506492_el0p.jpg,"Jack Harlow Homage Shirt, Rapper Hip Hop Style 90s Shirt, Industry Baby Shirt, Jack Harlow Gift For Him Her Tees, Jack Harlow Tshirt"
https://i.etsystatic.com/iusa/d4d243/90519505/iusa_75x75.90519505_7u2i.jpg?version=0,"on Oct 2, 2022",Kassidy,https://www.etsy.com/people/krol99?ref=shop_review,5 out of 5 stars,,https://www.etsy.com/listing/1207980837/adam-sandler-retro-sweatshirt-adam?ref=shop_review,https://i.etsystatic.com/3780663864/r/il/13f7f5/3780663864/il_170x135.3780663864_3vt5.jpg,"Adam Sandler Retro Sweatshirt, Adam Sandler Homage Sweatshirt, Adam Sandler Sweatshirt, Adam Sandler Unisex Sweatshirt, Adam Sandler Unisex"
https://i.etsystatic.com/iusa/210a62/44594837/iusa_75x75.44594837_tmvz.jpg?version=0,"on Oct 1, 2022",Etsy buyer,https://www.etsy.com/people/juliacthorne2?ref=shop_review,5 out of 5 stars,,https://www.etsy.com/listing/1215224561/khalid-homage-shirt-khalid-style-90s?ref=shop_review,https://i.etsystatic.com/3808182810/r/il/2e3e63/3808182810/il_170x135.3808182810_g0p3.jpg,"Khalid Homage Shirt, Khalid Style 90s Shirt, Khalid Shirt, Khalid Gift For Fan, Khalid Tshirt, Khalid Location Shirt, Khalid Tour Merch"
https://i.etsystatic.com/iusa/bee302/28095653/iusa_75x75.28095653_oprg.jpg?version=0,"on Oct 1, 2022",Skylar,https://www.etsy.com/people/skylarvick?ref=shop_review,5 out of 5 stars,,https://www.etsy.com/listing/1192937070/princess-diana-retro-shirt-princess?ref=shop_review,https://i.etsystatic.com/3824318635/r/il/845fc0/3824318635/il_170x135.3824318635_r8u5.jpg,"Princess Diana Retro Shirt, Princess Diana Fan Shirt, Princess Diana Shirt, Princess Diana Unisex Shirt, Princess Diana Public Figure Tee"
https://i.etsystatic.com/iusa/9921bc/35549063/iusa_75x75.35549063_dqv7.jpg?version=0,"on Sep 29, 2022",Gillian,https://www.etsy.com/people/gillthegiant?ref=shop_review,5 out of 5 stars,,https://www.etsy.com/listing/1261362967/keanu-reeves-retro-shirt-keanu-reeves?ref=shop_review,https://i.etsystatic.com/3990004572/r/il/36d88a/3990004572/il_170x135.3990004572_t9nq.jpg,"Keanu Reeves Retro Shirt, Keanu Reeves Shirt, Keanu Reeves Retro Shirt, Keanu Reeves 90's Shirt, Keanu Reeves Gift, Keanu Reeves Bootleg"
https://i.etsystatic.com/iusa/d913bd/94966055/iusa_75x75.94966055_dt1f.jpg?version=0,"on Sep 29, 2022",Alex,https://www.etsy.com/people/asnweomrci1esqjv?ref=shop_review,5 out of 5 stars,,https://www.etsy.com/listing/1192937070/princess-diana-retro-shirt-princess?ref=shop_review,https://i.etsystatic.com/3824318635/r/il/845fc0/3824318635/il_170x135.3824318635_r8u5.jpg,"Princess Diana Retro Shirt, Princess Diana Fan Shirt, Princess Diana Shirt, Princess Diana Unisex Shirt, Princess Diana Public Figure Tee"
https://i.etsystatic.com/iusa/6361d0/78851106/iusa_75x75.78851106_dl5t.jpg?version=0,"on Sep 22, 2022",Valeria,https://www.etsy.com/people/valeriamartell?ref=shop_review,5 out of 5 stars,my mom is gonna love it!!!,https://www.etsy.com/listing/1187145730/tom-hardy-vintage-retro-shirt-tom-hardy?ref=shop_review,https://i.etsystatic.com/3754707948/r/il/335947/3754707948/il_170x135.3754707948_i7np.jpg,"Tom Hardy Vintage Retro Shirt, Tom Hardy Shirt Vintage, Tom Hardy Fan Shirt, Tom Hardy Unisex Shirt , Tom Hardy Tee"
https://i.etsystatic.com/site-assets/images/avatars/default_avatar.png?width=75,"on Sep 21, 2022",Etsy buyer,https://www.etsy.com/people/bourland95?ref=shop_review,5 out of 5 stars,"Looks great, just what I wanted ! And showed up very fast",https://www.etsy.com/listing/1190249192/adam-sandler-retro-shirtadam-sandler?ref=shop_review,https://i.etsystatic.com/3814003285/r/il/3dc044/3814003285/il_170x135.3814003285_rugj.jpg,"Adam Sandler Retro Shirt,Adam Sandler Homage Shirt, Adam Sandler Fan Shirt, Adam Sandler Unisex Shirt, Adam Sandler Actor Comedian Tee"
https://i.etsystatic.com/site-assets/images/avatars/default_avatar.png?width=75,"on Sep 21, 2022",Holly,https://www.etsy.com/people/odntj20f6loe34uj?ref=shop_review,5 out of 5 stars,"I got this for my dad and I’m very excited to give it to him, it looks great! Thank you!",https://www.etsy.com/listing/1214632679/adele-retro-shirt-adele-shirt-adele-easy?ref=shop_review,https://i.etsystatic.com/3805814260/r/il/509a6a/3805814260/il_170x135.3805814260_f01a.jpg,"Adele Retro Shirt, Adele Shirt, Adele Easy On Me Shirt, Adele 90's Vintage Shirt, Adele Gift for fan, Adele Tour Merch Shirt, Adele Tshirt"
https://i.etsystatic.com/iusa/d366ab/112667784/iusa_75x75.112667784_qrg6.jpg?version=0,"on Sep 20, 2022",Stephanie,https://www.etsy.com/people/vfg3zbnpjfonfpj3?ref=shop_review,5 out of 5 stars,Love the shirt! Came in great shape and quality also shipping.,https://www.etsy.com/listing/1261362967/keanu-reeves-retro-shirt-keanu-reeves?ref=shop_review,https://i.etsystatic.com/3990004572/r/il/36d88a/3990004572/il_170x135.3990004572_t9nq.jpg,"Keanu Reeves Retro Shirt, Keanu Reeves Shirt, Keanu Reeves Retro Shirt, Keanu Reeves 90's Shirt, Keanu Reeves Gift, Keanu Reeves Bootleg"
https://i.etsystatic.com/iusa/6cedfc/82775945/iusa_75x75.82775945_iuvl.jpg?version=0,"on Sep 19, 2022",Stephanie,https://www.etsy.com/people/idl8aqpv?ref=shop_review,5 out of 5 stars,I've had so many people ask where I got this shirt! The best find I've had in a while.,https://www.etsy.com/listing/1208582375/nick-miller-retro-shirt-nick-miller?ref=shop_review,https://i.etsystatic.com/3782941700/r/il/a5d1d1/3782941700/il_170x135.3782941700_j0xi.jpg,"Nick Miller Retro Shirt, Nick Miller Homage Shirt, Nick Miller Shirt, Nick Miller Actor Shirt, Unisex Shirt, Nick Miller New Girls Fans Tee"
https://i.etsystatic.com/site-assets/images/avatars/default_avatar.png?width=75,"on Sep 17, 2022",Kit,https://www.etsy.com/people/w00t4ewan?ref=shop_review,5 out of 5 stars,Great shirt and fast shipping,https://www.etsy.com/listing/1196039860/vintage-emily-prentiss-and-jj-retro?ref=shop_review,https://i.etsystatic.com/3835983287/r/il/78aab0/3835983287/il_170x135.3835983287_cg5l.jpg,"Vintage Emily Prentiss and JJ Retro Shirt, Emily Prentiss and Jj  Shirt, Emily Prentiss and JJ Criminal Minds TV Series Shirt"
https://i.etsystatic.com/site-assets/images/avatars/default_avatar.png?width=75,"on Sep 23, 2022",Chanelle,https://www.etsy.com/people/v7v6h2vvl7efd85w?ref=shop_review,5 out of 5 stars,,https://www.etsy.com/listing/1190249192/adam-sandler-retro-shirtadam-sandler?ref=shop_review,https://i.etsystatic.com/3766401518/r/il/57a6e6/3766401518/il_170x135.3766401518_62rb.jpg,"Adam Sandler Retro Shirt,Adam Sandler Homage Shirt, Adam Sandler Fan Shirt, Adam Sandler Unisex Shirt, Adam Sandler Actor Comedian Tee"
https://i.etsystatic.com/iusa/9b19a3/89084607/iusa_75x75.89084607_gl7v.jpg?version=0,"on Sep 17, 2022",Angela,https://www.etsy.com/people/astidham?ref=shop_review,5 out of 5 stars,,https://www.etsy.com/listing/1192937070/princess-diana-retro-shirt-princess?ref=shop_review,https://i.etsystatic.com/3824318539/r/il/13b940/3824318539/il_170x135.3824318539_mvci.jpg,"Princess Diana Retro Shirt, Princess Diana Fan Shirt, Princess Diana Shirt, Princess Diana Unisex Shirt, Princess Diana Public Figure Tee"
https://i.etsystatic.com/iusa/5a051d/101293974/iusa_75x75.101293974_mpis.jpg?version=0,"on Sep 17, 2022",Ndia,https://www.etsy.com/people/wc7r3xug?ref=shop_review,5 out of 5 stars,,https://www.etsy.com/listing/1192937070/princess-diana-retro-shirt-princess?ref=shop_review,https://i.etsystatic.com/3824318635/r/il/845fc0/3824318635/il_170x135.3824318635_r8u5.jpg,"Princess Diana Retro Shirt, Princess Diana Fan Shirt, Princess Diana Shirt, Princess Diana Unisex Shirt, Princess Diana Public Figure Tee"
https://i.etsystatic.com/iusa/c1575d/112163105/iusa_75x75.112163105_9c5n.jpg?version=0,"on Sep 17, 2022",Sam,https://www.etsy.com/people/r9mtt3ah?ref=shop_review,5 out of 5 stars,,https://www.etsy.com/listing/1192937070/princess-diana-retro-shirt-princess?ref=shop_review,https://i.etsystatic.com/3776711400/r/il/862bd4/3776711400/il_170x135.3776711400_epeq.jpg,"Princess Diana Retro Shirt, Princess Diana Fan Shirt, Princess Diana Shirt, Princess Diana Unisex Shirt, Princess Diana Public Figure Tee"
https://i.etsystatic.com/site-assets/images/avatars/default_avatar.png?width=75,"on Sep 11, 2022",keith,https://www.etsy.com/people/t0ap8syw?ref=shop_review,5 out of 5 stars,great quality and shipped really quickly!  love it!,https://www.etsy.com/listing/1244765307/omar-apollo-retro-shirt-omar-apollo?ref=shop_review,https://i.etsystatic.com/3965528781/r/il/406d05/3965528781/il_170x135.3965528781_dkhj.jpg,"Omar Apollo Retro Shirt, Omar Apollo Shirt, Omar Apollo Fan Shirt, Omar Apollo 90's Vintage Homage Shirt, Omar Apollo Gift for Fan"
https://i.etsystatic.com/site-assets/images/avatars/default_avatar.png?width=75,"on Sep 10, 2022",Noriyuki,https://www.etsy.com/people/lhvn161khv4mq5v2?ref=shop_review,5 out of 5 stars,I love it with a great quality,https://www.etsy.com/listing/1235865943/tom-misch-retro-sweatshirt-tom-misch?ref=shop_review,https://i.etsystatic.com/3931951065/r/il/d2d9c7/3931951065/il_170x135.3931951065_9s1k.jpg,"Tom Misch Retro Sweatshirt, Tom Misch Movie, Tom Misch Sweatshirt, Tom Misch 90's Vintage Homage Shirt, Tom Misch Gift for fan, Tom Misch"
https://i.etsystatic.com/site-assets/images/avatars/default_avatar.png?width=75,"on Sep 8, 2022",Etsy buyer,https://www.etsy.com/people/menriquezbkny1?ref=shop_review,4 out of 5 stars,Love the shirt and design. Comfortable and cool to wear.,https://www.etsy.com/listing/1189732436/mazzy-star-hope-sandoval-vintage-t-shirt?ref=shop_review,https://i.etsystatic.com/3812112661/r/il/a6b277/3812112661/il_170x135.3812112661_7pgi.jpg,"Mazzy Star Hope Sandoval Vintage T-Shirt - Mazzy Star Shirt, Mazzy Star Band, Rock Music, Gift Music Lovers, Mazzy Star Fade Into You Shirt"
https://i.etsystatic.com/iusa/34a954/20012678/iusa_75x75.20012678.jpg?version=0,"on Sep 5, 2022",Ryun,https://www.etsy.com/people/BonesofEarth?ref=shop_review,5 out of 5 stars,"Fast Shipping and Great Product, my friend loved it for her B-Day!",https://www.etsy.com/listing/1208542565/nicolas-cage-retro-shirt-nicolas-cage?ref=shop_review,https://i.etsystatic.com/3830370967/r/il/9fb621/3830370967/il_170x135.3830370967_lozw.jpg,"Nicolas Cage Retro Shirt, Nicolas Cage Homage Shirt, Nicolas Cage Shirt, Nicolas Cage Actor Shirt, Unisex Shirt, Nicolas Cage Actor Tee"
https://i.etsystatic.com/site-assets/images/avatars/default_avatar.png?width=75,"on Sep 4, 2022",Zane,https://www.etsy.com/people/nybyhdhq?ref=shop_review,5 out of 5 stars,The shirt is excellent! It looks great! It feels great! No issues here! Thank you so much! I’ll be back for more!🤘🏻,https://www.etsy.com/listing/1193966398/jared-leto-retro-shirt-jared-leto-homage?ref=shop_review,https://i.etsystatic.com/3780480452/r/il/f758d7/3780480452/il_170x135.3780480452_e1a5.jpg,"Jared Leto Retro Shirt, Jared Leto Homage Shirt, Jared Leto Shirt, Jared Leto Funny Shirt, Unisex Shirt, Jared Leto Actor Singer Tee"
https://i.etsystatic.com/iusa/53b458/103515076/iusa_75x75.103515076_laat.jpg?version=0,"on Sep 3, 2022",Etsy buyer,https://www.etsy.com/people/veryvogue?ref=shop_review,5 out of 5 stars,Iconic sweatshirt!,https://www.etsy.com/listing/1247351588/meghan-markle-sweatshirt-meghan-markle?ref=shop_review,https://i.etsystatic.com/4030418771/r/il/60a97e/4030418771/il_170x135.4030418771_9rxm.jpg,"Meghan Markle Sweatshirt, Meghan Markle Retro Sweatshirt, Meghan Markle Fan Gift, Meghan Markle Shirt, Meghan Markle Merch"
https://i.etsystatic.com/site-assets/images/avatars/default_avatar.png?width=75,"on Sep 4, 2022",Jamie,https://www.etsy.com/people/pm1d8q7xohsr16ge?ref=shop_review,3 out of 5 stars,"The quality of the picture/shirt wasn't that great. The shirt is thin. Right out of the package, the picture looked already pretty faded and I'm afraid after a couple of washes that the whole picture will be gone or so worn off no body will know what it was supposed to be.",https://www.etsy.com/listing/1262864089/george-costanza-seinfield-shirt-george?ref=shop_review,https://i.etsystatic.com/3989256582/r/il/ca4553/3989256582/il_170x135.3989256582_acm7.jpg,"George Costanza Seinfield Shirt, George Costanza Shirt, George Costanza Homage Shirt, Seinfeld Shirt, Seinfeld Fan, Classic American Sitcom"
https://i.etsystatic.com/site-assets/images/avatars/default_avatar.png?width=75,"on Sep 9, 2022",Etsy buyer,https://www.etsy.com/people/onecunningham?ref=shop_review,5 out of 5 stars,,https://www.etsy.com/listing/1212859497/princess-diana-retro-sweatshirt-princess?ref=shop_review,https://i.etsystatic.com/3799033146/r/il/d298c5/3799033146/il_170x135.3799033146_1kyw.jpg,"Princess Diana Retro Sweatshirt, Princess Diana Homage Sweatshirt, Princess Diana Sweatshirt, Princess Diana Unisex Sweatshirt, Princess"
https://i.etsystatic.com/iusa/10430a/90308718/iusa_75x75.90308718_fxm8.jpg?version=0,"on Sep 9, 2022",Etsy buyer,https://www.etsy.com/people/theresab3721?ref=shop_review,5 out of 5 stars,,https://www.etsy.com/listing/1214636149/leonardo-dicaprio-retro-shirt-leonardo?ref=shop_review,https://i.etsystatic.com/3805835290/r/il/70c041/3805835290/il_170x135.3805835290_pkj9.jpg,"Leonardo DiCaprio Retro Shirt, Leonardo DiCaprio Shirt, Leonardo Di Caprio Vintage Shirt, Leonardo Di Caprio Gift for fan, DiCaprio Shirt"
https://i.etsystatic.com/iusa/ece4a6/46452816/iusa_75x75.46452816_b5os.jpg?version=0,"on Sep 3, 2022",holiday,https://www.etsy.com/people/holidat?ref=shop_review,5 out of 5 stars,,https://www.etsy.com/listing/1208542565/nicolas-cage-retro-shirt-nicolas-cage?ref=shop_review,https://i.etsystatic.com/3782773928/r/il/f7f169/3782773928/il_170x135.3782773928_njks.jpg,"Nicolas Cage Retro Shirt, Nicolas Cage Homage Shirt, Nicolas Cage Shirt, Nicolas Cage Actor Shirt, Unisex Shirt, Nicolas Cage Actor Tee"
https://i.etsystatic.com/site-assets/images/avatars/default_avatar.png?width=75,"on Aug 28, 2022",Melissa,https://www.etsy.com/people/34aimvjk?ref=shop_review,5 out of 5 stars,I love my T-shirt. The quality is excellent.,,,
https://i.etsystatic.com/site-assets/images/avatars/default_avatar.png?width=75,"Inactive account on Aug 27, 2022",,,5 out of 5 stars,Good quality shirt. Its the material kind I like so it was very worth it :),https://www.etsy.com/listing/1187186694/mac-demarco-retro-shirt-mac-demarco?ref=shop_review,https://i.etsystatic.com/3802489033/r/il/c050a5/3802489033/il_170x135.3802489033_99we.jpg,"Mac Demarco Retro Shirt, Mac Demarco Homage Shirt, Mac Demarco Fan Shirt, Mac Demarco Unisex Shirt, Mac Demarco Chamber Of Reflection Tee"
https://i.etsystatic.com/iusa/b679d0/94177200/iusa_75x75.94177200_2x7c.jpg?version=0,"on Aug 26, 2022",Jordan,https://www.etsy.com/people/1diya7tkbze70inj?ref=shop_review,5 out of 5 stars,"Item arrived just as ordered, shipping was a little slow, but my product arrived just as it looked online.",https://www.etsy.com/listing/1188411882/jack-harlow-homage-shirt-rapper-hip-hop?ref=shop_review,https://i.etsystatic.com/3759506492/r/il/23805c/3759506492/il_170x135.3759506492_el0p.jpg,"Jack Harlow Homage Shirt, Rapper Hip Hop Style 90s Shirt, Industry Baby Shirt, Jack Harlow Gift For Him Her Tees, Jack Harlow Tshirt"
https://i.etsystatic.com/iusa/f368d9/57758477/iusa_75x75.57758477_toh1.jpg?version=0,"on Aug 26, 2022",Makenzie,https://www.etsy.com/people/Makenzie91?ref=shop_review,5 out of 5 stars,Just as pictured! And super fast shipping.,https://www.etsy.com/listing/1214632679/adele-retro-shirt-adele-shirt-adele-easy?ref=shop_review,https://i.etsystatic.com/3805813914/r/il/465934/3805813914/il_170x135.3805813914_7qri.jpg,"Adele Retro Shirt, Adele Shirt, Adele Easy On Me Shirt, Adele 90's Vintage Shirt, Adele Gift for fan, Adele Tour Merch Shirt, Adele Tshirt"
https://i.etsystatic.com/iusa/5c1aa8/105628053/iusa_75x75.105628053_61va.jpg?version=0,"on Aug 26, 2022",Laura,https://www.etsy.com/people/2b3uxdzr?ref=shop_review,5 out of 5 stars,what an amazing shirt! my mom is absolutely in love with it! the shirt is great quality along with the beautiful design. :),https://www.etsy.com/listing/1230827853/brad-pitt-retro-shirt-brad-pitt-shirt?ref=shop_review,https://i.etsystatic.com/3866390782/r/il/6b246d/3866390782/il_170x135.3866390782_a7v6.jpg,"Brad Pitt Retro Shirt, Brad Pitt Shirt, Brad Pitt Homage Shirt, Brad Pitt Fan Shirt, Brad Pitt Unisex Shirt, Brad Pitt Actor Tee"
https://i.etsystatic.com/site-assets/images/avatars/default_avatar.png?width=75,"on Aug 25, 2022",Athena,https://www.etsy.com/people/v5md1up09ysu0wo0?ref=shop_review,5 out of 5 stars,I love it!! Shirt is good quality and shipping was fast!,https://www.etsy.com/listing/1207440639/spencer-reid-retro-shirt-spencer-reid?ref=shop_review,https://i.etsystatic.com/3826554595/r/il/ddd097/3826554595/il_170x135.3826554595_hc7i.jpg,"Spencer Reid Retro Shirt, Spencer Reid Fan Shirt, Spencer Reid Shirt, Spencer Reid Unisex Shirt, Spencer Reid Criminal Minds TV Series Shirt"
https://i.etsystatic.com/site-assets/images/avatars/default_avatar.png?width=75,"on Aug 25, 2022",Halle,https://www.etsy.com/people/c7jf5l22vcwp1ijm?ref=shop_review,5 out of 5 stars,I love this shirt so much and I'm very happy with the quality. I would definitely buy from this shop again.,https://www.etsy.com/listing/1261362967/keanu-reeves-retro-shirt-keanu-reeves?ref=shop_review,https://i.etsystatic.com/3990004572/r/il/36d88a/3990004572/il_170x135.3990004572_t9nq.jpg,"Keanu Reeves Retro Shirt, Keanu Reeves Shirt, Keanu Reeves Retro Shirt, Keanu Reeves 90's Shirt, Keanu Reeves Gift, Keanu Reeves Bootleg"
https://i.etsystatic.com/site-assets/images/avatars/default_avatar.png?width=75,"on Aug 28, 2022",Mark,https://www.etsy.com/people/bf27rjvltx1vd778?ref=shop_review,5 out of 5 stars,,https://www.etsy.com/listing/1203088845/paulie-walnuts-gualtieri-homage-retro?ref=shop_review,https://i.etsystatic.com/3809941545/r/il/cc74cb/3809941545/il_170x135.3809941545_fjpw.jpg,"Paulie Walnuts Gualtieri Homage Retro 90's Vintage Tshirt, Paulie Gualtieri Shirt, La Cosa Nostra, American Italian Crime Family"
https://i.etsystatic.com/site-assets/images/avatars/default_avatar.png?width=75,"on Aug 28, 2022",Etsy buyer,https://www.etsy.com/people/ashleypitts121?ref=shop_review,5 out of 5 stars,,https://www.etsy.com/listing/1188180734/seinfeld-retro-shirt-seinfeld-homage?ref=shop_review,https://i.etsystatic.com/3758690190/r/il/2eb023/3758690190/il_170x135.3758690190_adq9.jpg,"Seinfeld Retro Shirt, Seinfeld Homage Shirt, Seinfeld Shirt, Seinfeld Unisex Shirt, Seinfeld Funny Gift Idea, Classic American Sitcom"
https://i.etsystatic.com/site-assets/images/avatars/default_avatar.png?width=75,"on Aug 27, 2022",Stephanie,https://www.etsy.com/people/stepheiler?ref=shop_review,5 out of 5 stars,,https://www.etsy.com/listing/1197914406/dave-grohl-homage-shirt-dave-grohl?ref=shop_review,https://i.etsystatic.com/3843014961/r/il/7ae56d/3843014961/il_170x135.3843014961_41m9.jpg,"Dave Grohl Homage Shirt, Dave Grohl Vintage Shirt, Dave Grohl Fan Shirt, Dave Grohl Gift For Him Her Tees, Dave Grohl Tee, Rock Band Shirt"
https://i.etsystatic.com/site-assets/images/avatars/default_avatar.png?width=75,"on Aug 12, 2022",Kaitlyn,https://www.etsy.com/people/teq6vxdf?ref=shop_review,5 out of 5 stars,Love this shirt! I get lots of compliments.,https://www.etsy.com/listing/1201673272/usps-reshipping-fee?ref=shop_review,https://i.etsystatic.com/3808688534/r/il/e69dc8/3808688534/il_170x135.3808688534_adtp.jpg,USPS RESHIPPING FEE
https://i.etsystatic.com/site-assets/images/avatars/default_avatar.png?width=75,"on Aug 12, 2022",Korelka,https://www.etsy.com/people/reachling10?ref=shop_review,5 out of 5 stars,"I love it!! Good quality, nice Gildan material, fast shipping.  True to size, I assume, but I sized up for a looser fit (and it's just what I expected).  Would definitely recommend!",https://www.etsy.com/listing/1192937070/princess-diana-retro-shirt-princess?ref=shop_review,https://i.etsystatic.com/3824318539/r/il/13b940/3824318539/il_170x135.3824318539_mvci.jpg,"Princess Diana Retro Shirt, Princess Diana Fan Shirt, Princess Diana Shirt, Princess Diana Unisex Shirt, Princess Diana Public Figure Tee"
https://i.etsystatic.com/iusa/1685cd/89768968/iusa_75x75.89768968_sj7t.jpg?version=0,"on Aug 10, 2022",Leah,https://www.etsy.com/people/leahrottari?ref=shop_review,5 out of 5 stars,Love it,https://www.etsy.com/listing/1200743289/olivia-benson-law-and-order-svu-vintage?ref=shop_review,https://i.etsystatic.com/3802114975/r/il/221442/3802114975/il_170x135.3802114975_g8up.jpg,"Olivia Benson Law and Order SVU Vintage Retro Shirt, Mariska Hargitay Shirt Vintage, Homage Shirt, Olivia Benson Shirt , Olivia Benson Tee"
https://i.etsystatic.com/iusa/81441d/69759973/iusa_75x75.69759973_f5d4.jpg?version=0,"on Aug 10, 2022",Alexandra,https://www.etsy.com/people/wyhjc6yh?ref=shop_review,5 out of 5 stars,Super cute shirt! Love Princess Di!,https://www.etsy.com/listing/1192937070/princess-diana-retro-shirt-princess?ref=shop_review,https://i.etsystatic.com/3776719896/r/il/36d3c6/3776719896/il_170x135.3776719896_aasl.jpg,"Princess Diana Retro Shirt, Princess Diana Fan Shirt, Princess Diana Shirt, Princess Diana Unisex Shirt, Princess Diana Public Figure Tee"
https://i.etsystatic.com/iusa/556a19/86655100/iusa_75x75.86655100_h4de.jpg?version=0,"on Aug 7, 2022",Leilani,https://www.etsy.com/people/xw4zl3o5?ref=shop_review,5 out of 5 stars,Got this for my boyfriend and he is obsesseddddd. He gets compliments everywhere we go lol.,https://www.etsy.com/listing/1192937070/princess-diana-retro-shirt-princess?ref=shop_review,https://i.etsystatic.com/3824318635/r/il/845fc0/3824318635/il_170x135.3824318635_r8u5.jpg,"Princess Diana Retro Shirt, Princess Diana Fan Shirt, Princess Diana Shirt, Princess Diana Unisex Shirt, Princess Diana Public Figure Tee"
https://i.etsystatic.com/iusa/8aa19a/100678204/iusa_75x75.100678204_l47g.jpg?version=0,"on Aug 6, 2022",Ava,https://www.etsy.com/people/kxgdspjr?ref=shop_review,5 out of 5 stars,Seller was very nice and my packaged arrived quickly!,https://www.etsy.com/listing/1201857619/boy-pablo-retro-shirt-boy-pablo-homage?ref=shop_review,https://i.etsystatic.com/3757613726/r/il/157a52/3757613726/il_170x135.3757613726_ebkx.jpg,"Boy Pablo Retro Shirt, Boy Pablo Homage Shirt, Boy Pablo Fan Shirt, Boy Pablo Unisex Shirt, Boy Pablo 90's Vintage Homage Shirt"
https://i.etsystatic.com/iusa/d7ec94/88930776/iusa_75x75.88930776_t9x5.jpg?version=0,"on Aug 6, 2022",eleni,https://www.etsy.com/people/zlv9e4ecsh70nmk2?ref=shop_review,5 out of 5 stars,They didn’t have the colour i ordered but the seller Ojan was very helpful. Bought it for a friend’s birthday and she loves it x,https://www.etsy.com/listing/1200692588/sam-fender-retro-shirt-sam-fender-shirt?ref=shop_review,https://i.etsystatic.com/3805855726/r/il/bb0da6/3805855726/il_170x135.3805855726_92du.jpg,"Sam Fender Retro Shirt, Sam Fender Shirt, Sam Fender Vintage Shirt, Sam Fender Gift for fan, Sam Fender Tour Merch, Sam Fender Homage Shirt"
https://i.etsystatic.com/site-assets/images/avatars/default_avatar.png?width=75,"on Aug 17, 2022",Jennifer,https://www.etsy.com/people/q2d6vg46wk3q6klt?ref=shop_review,5 out of 5 stars,,https://www.etsy.com/listing/1203088845/paulie-walnuts-gualtieri-homage-retro?ref=shop_review,https://i.etsystatic.com/3809941599/r/il/896fa9/3809941599/il_170x135.3809941599_p87h.jpg,"Paulie Walnuts Gualtieri Homage Retro 90's Vintage Tshirt, Paulie Gualtieri Shirt, La Cosa Nostra, American Italian Crime Family"
https://i.etsystatic.com/site-assets/images/avatars/default_avatar.png?width=75,"on Aug 16, 2022",Leoni,https://www.etsy.com/people/fgjznjlb?ref=shop_review,5 out of 5 stars,,https://www.etsy.com/listing/1212839969/william-shakespeare-shirt-shakespeare?ref=shop_review,https://i.etsystatic.com/3799100570/r/il/f197a4/3799100570/il_170x135.3799100570_8yro.jpg,"William Shakespeare Shirt, Shakespeare Homage Shirt, Shakespeare Shirt, Shakespeare Gift, Shakespeare Unisex Shirt, Shakespeare Poet Shirt"
https://i.etsystatic.com/site-assets/images/avatars/default_avatar.png?width=75,"on Aug 7, 2022",Aleigha,https://www.etsy.com/people/xybi5v6i?ref=shop_review,5 out of 5 stars,,https://www.etsy.com/listing/1214632679/adele-retro-shirt-adele-shirt-adele-easy?ref=shop_review,https://i.etsystatic.com/3805813914/r/il/465934/3805813914/il_170x135.3805813914_7qri.jpg,"Adele Retro Shirt, Adele Shirt, Adele Easy On Me Shirt, Adele 90's Vintage Shirt, Adele Gift for fan, Adele Tour Merch Shirt, Adele Tshirt"
https://i.etsystatic.com/iusa/24a531/97215946/iusa_75x75.97215946_r902.jpg?version=0,"on Jul 30, 2022",Traece,https://www.etsy.com/people/fmj2q5vl?ref=shop_review,5 out of 5 stars,"I’m in love with this shirt! I love the graphic of Adele, it’s truly so great!",https://www.etsy.com/listing/1214632679/adele-retro-shirt-adele-shirt-adele-easy?ref=shop_review,https://i.etsystatic.com/3805813914/r/il/465934/3805813914/il_170x135.3805813914_7qri.jpg,"Adele Retro Shirt, Adele Shirt, Adele Easy On Me Shirt, Adele 90's Vintage Shirt, Adele Gift for fan, Adele Tour Merch Shirt, Adele Tshirt"
https://i.etsystatic.com/site-assets/images/avatars/default_avatar.png?width=75,"on Jul 28, 2022",Elana,https://www.etsy.com/people/jggjwmnp?ref=shop_review,5 out of 5 stars,It’s perfect! It looks great and is incredibly comfortable!,https://www.etsy.com/listing/1237120887/olivia-benson-retro-sweatshirt-olivia?ref=shop_review,https://i.etsystatic.com/3898332268/r/il/bf0de2/3898332268/il_170x135.3898332268_mgvq.jpg,"Olivia Benson Retro Sweatshirt, Olivia Benson Homage Sweatshirt, Olivia Benson Sweatshirt, Olivia Benson Unisex Sweatshirt"
https://i.etsystatic.com/iusa/89c6d2/72820678/iusa_75x75.72820678_kq94.jpg?version=0,"on Jul 21, 2022",Devon,https://www.etsy.com/people/xxakg3sy?ref=shop_review,5 out of 5 stars,My girlfriend absolutely loves this shirt.,https://www.etsy.com/listing/1193966398/jared-leto-retro-shirt-jared-leto-homage?ref=shop_review,https://i.etsystatic.com/3780480452/r/il/f758d7/3780480452/il_170x135.3780480452_e1a5.jpg,"Jared Leto Retro Shirt, Jared Leto Homage Shirt, Jared Leto Shirt, Jared Leto Funny Shirt, Unisex Shirt, Jared Leto Actor Singer Tee"
https://i.etsystatic.com/site-assets/images/avatars/default_avatar.png?width=75,"on Jul 21, 2022",Christa,https://www.etsy.com/people/oxd2pwwfmnykd3ts?ref=shop_review,5 out of 5 stars,Perfect!,https://www.etsy.com/listing/1190249192/adam-sandler-retro-shirtadam-sandler?ref=shop_review,https://i.etsystatic.com/3814003285/r/il/3dc044/3814003285/il_170x135.3814003285_rugj.jpg,"Adam Sandler Retro Shirt,Adam Sandler Homage Shirt, Adam Sandler Fan Shirt, Adam Sandler Unisex Shirt, Adam Sandler Actor Comedian Tee"
https://i.etsystatic.com/site-assets/images/avatars/default_avatar.png?width=75,"on Jul 20, 2022",Hailey,https://www.etsy.com/people/jpaoxtjd?ref=shop_review,5 out of 5 stars,"The shirt is perfect! Exactly what is pictured/described on the website, and shipping was so quick. Thank you for the perfect birthday gift for my friend!",https://www.etsy.com/listing/1192937070/princess-diana-retro-shirt-princess?ref=shop_review,https://i.etsystatic.com/3824318539/r/il/13b940/3824318539/il_170x135.3824318539_mvci.jpg,"Princess Diana Retro Shirt, Princess Diana Fan Shirt, Princess Diana Shirt, Princess Diana Unisex Shirt, Princess Diana Public Figure Tee"
https://i.etsystatic.com/iusa/1220b3/60933392/iusa_75x75.60933392_9485.jpg?version=0,"on Jul 19, 2022",Sally,https://www.etsy.com/people/sfrazer2?ref=shop_review,5 out of 5 stars,"Fast shipping, great t-shirt! Thank you!",https://www.etsy.com/listing/1261354951/meghan-markle-retro-shirt-meghan-markle?ref=shop_review,https://i.etsystatic.com/4030416625/r/il/b70c7e/4030416625/il_170x135.4030416625_jsbi.jpg,"Meghan Markle Retro Shirt, Meghan Markle Fan Shirt, Meghan Markle Shirt, Meghan Markle Unisex Shirt, Meghan Markle Public Figure Tee"
https://i.etsystatic.com/iusa/53b458/103515076/iusa_75x75.103515076_laat.jpg?version=0,"on Jul 23, 2022",Etsy buyer,https://www.etsy.com/people/veryvogue?ref=shop_review,5 out of 5 stars,,https://www.etsy.com/listing/1192937070/princess-diana-retro-shirt-princess?ref=shop_review,https://i.etsystatic.com/3824318635/r/il/845fc0/3824318635/il_170x135.3824318635_r8u5.jpg,"Princess Diana Retro Shirt, Princess Diana Fan Shirt, Princess Diana Shirt, Princess Diana Unisex Shirt, Princess Diana Public Figure Tee"
https://i.etsystatic.com/site-assets/images/avatars/default_avatar.png?width=75,"on Jul 21, 2022",Madison,https://www.etsy.com/people/madisonfaithnelsin?ref=shop_review,5 out of 5 stars,,https://www.etsy.com/listing/1188180734/seinfeld-retro-shirt-seinfeld-homage?ref=shop_review,https://i.etsystatic.com/3758690190/r/il/2eb023/3758690190/il_170x135.3758690190_adq9.jpg,"Seinfeld Retro Shirt, Seinfeld Homage Shirt, Seinfeld Shirt, Seinfeld Unisex Shirt, Seinfeld Funny Gift Idea, Classic American Sitcom"
https://i.etsystatic.com/site-assets/images/avatars/default_avatar.png?width=75,"Etsy buyer on Jul 19, 2022",,,5 out of 5 stars,,https://www.etsy.com/listing/1201673272/usps-reshipping-fee?ref=shop_review,https://i.etsystatic.com/3808688534/r/il/e69dc8/3808688534/il_170x135.3808688534_adtp.jpg,USPS RESHIPPING FEE
https://i.etsystatic.com/site-assets/images/avatars/default_avatar.png?width=75,"Etsy buyer on Jul 17, 2022",,,5 out of 5 stars,,https://www.etsy.com/listing/1193566176/christopher-moltisanti-homage-retro-90s?ref=shop_review,https://i.etsystatic.com/3779109146/r/il/891cd7/3779109146/il_170x135.3779109146_awbg.jpg,"Christopher Moltisanti Homage Retro 90's Vintage Tshirt, Chris Moltisanti Shirt, La Cosa Nostra, Mafia Tv Series, American Italian Crime"
https://i.etsystatic.com/iusa/73040a/113167905/iusa_75x75.113167905_mm3v.jpg?version=0,"on Jul 7, 2022",Nessa,https://www.etsy.com/people/yolvlbli?ref=shop_review,5 out of 5 stars,Fast and just what I ordered!,https://www.etsy.com/listing/1254466665/miles-teller-vintage-shirt-miles-teller?ref=shop_review,https://i.etsystatic.com/3955309582/r/il/e00a20/3955309582/il_170x135.3955309582_kwt1.jpg,"MILES TELLER Vintage Shirt, Miles Teller Homage Shirt, Miles Teller Fan Tees, Miles Teller Fan Shirt, Retro 90s Shirt, Top Maverick Shirt"
https://i.etsystatic.com/iusa/e51d99/95377655/iusa_75x75.95377655_5966.jpg?version=0,"on Jul 6, 2022",Amanda,https://www.etsy.com/people/onrod2dv?ref=shop_review,5 out of 5 stars,Great quality t-shirt and fit great! I would 100% recommend!,https://www.etsy.com/listing/1193566176/christopher-moltisanti-homage-retro-90s?ref=shop_review,https://i.etsystatic.com/3779109140/r/il/bf0ca9/3779109140/il_170x135.3779109140_5qub.jpg,"Christopher Moltisanti Homage Retro 90's Vintage Tshirt, Chris Moltisanti Shirt, La Cosa Nostra, Mafia Tv Series, American Italian Crime"
https://i.etsystatic.com/site-assets/images/avatars/default_avatar.png?width=75,"on Jul 5, 2022",Ryleigh,https://www.etsy.com/people/bjzsbfl6w012kblx?ref=shop_review,5 out of 5 stars,I absolutely love the shirt 💕,https://www.etsy.com/listing/1194192724/johnny-depp-retro-shirt-johnny-depp?ref=shop_review,https://i.etsystatic.com/3828986907/r/il/6e2fb6/3828986907/il_170x135.3828986907_1q94.jpg,"Johnny Depp Retro Shirt, Johnny Depp Homage Shirt, Johnny Depp Shirt, Johnny Depp Funny Shirt, Unisex Shirt, Johnny Depp Actor Tee"
https://i.etsystatic.com/site-assets/images/avatars/default_avatar.png?width=75,"on Jul 5, 2022",Erin,https://www.etsy.com/people/yfottbon?ref=shop_review,5 out of 5 stars,Really great quality and responsive shop- answered all of my questions and helped me design my t-shirt!,https://www.etsy.com/listing/1237255925/custom-order-vintage-shirt-up-to-you?ref=shop_review,https://i.etsystatic.com/3889504952/r/il/1908ec/3889504952/il_170x135.3889504952_muab.jpg,"Custom Order Vintage Shirt, Up to You Shirt, Insert Your Design, Personalized Shirt, Customized Shirt, Change Your Design Here Shirt"
https://i.etsystatic.com/site-assets/images/avatars/default_avatar.png?width=75,"on Jul 8, 2022",Jeanna,https://www.etsy.com/people/jeannagirl01?ref=shop_review,5 out of 5 stars,,https://www.etsy.com/listing/1192937070/princess-diana-retro-shirt-princess?ref=shop_review,https://i.etsystatic.com/3824318635/r/il/845fc0/3824318635/il_170x135.3824318635_r8u5.jpg,"Princess Diana Retro Shirt, Princess Diana Fan Shirt, Princess Diana Shirt, Princess Diana Unisex Shirt, Princess Diana Public Figure Tee"
https://i.etsystatic.com/site-assets/images/avatars/default_avatar.png?width=75,"on Jul 7, 2022",Marely,https://www.etsy.com/people/ejipnsuu?ref=shop_review,5 out of 5 stars,,https://www.etsy.com/listing/1244765307/omar-apollo-retro-shirt-omar-apollo?ref=shop_review,https://i.etsystatic.com/3965528781/r/il/406d05/3965528781/il_170x135.3965528781_dkhj.jpg,"Omar Apollo Retro Shirt, Omar Apollo Shirt, Omar Apollo Fan Shirt, Omar Apollo 90's Vintage Homage Shirt, Omar Apollo Gift for Fan"
https://i.etsystatic.com/iusa/843775/96933802/iusa_75x75.96933802_4m46.jpg?version=0,"on Jul 6, 2022",Brooklyn,https://www.etsy.com/people/brooklynmanders1?ref=shop_review,5 out of 5 stars,,https://www.etsy.com/listing/1187236028/john-mulaney-retro-shirt-john-mulaney?ref=shop_review,https://i.etsystatic.com/3849704065/r/il/8a7629/3849704065/il_170x135.3849704065_9eq0.jpg,"John Mulaney Retro Shirt, John Mulaney Homage Shirt, John Mulaney Fan Shirt, John Mulaney Unisex Shirt, John Mulaney Stand Up Comedian Tee"
https://i.etsystatic.com/site-assets/images/avatars/default_avatar.png?width=75,"on Jul 6, 2022",Katia,https://www.etsy.com/people/gyzprog4?ref=shop_review,5 out of 5 stars,,https://www.etsy.com/listing/1228300532/hellfire-club-retro-shirt-hellfire-club?ref=shop_review,https://i.etsystatic.com/3955804777/r/il/c573ff/3955804777/il_170x135.3955804777_hcux.jpg,"Hellfire Club Retro Shirt, Hellfire Club Shirt, Hellfire Club Tank Top, Hellfire Club Homage Shirt, Hellfire Club Gift for fan"
https://i.etsystatic.com/site-assets/images/avatars/default_avatar.png?width=75,"on Jul 3, 2022",Etsy buyer,https://www.etsy.com/people/sarocarlo?ref=shop_review,5 out of 5 stars,,https://www.etsy.com/listing/1192937070/princess-diana-retro-shirt-princess?ref=shop_review,https://i.etsystatic.com/3824318637/r/il/39482f/3824318637/il_170x135.3824318637_dn7s.jpg,"Princess Diana Retro Shirt, Princess Diana Fan Shirt, Princess Diana Shirt, Princess Diana Unisex Shirt, Princess Diana Public Figure Tee"
https://i.etsystatic.com/site-assets/images/avatars/default_avatar.png?width=75,"on Jun 24, 2022",Sarah,https://www.etsy.com/people/8dau2eli?ref=shop_review,5 out of 5 stars,I love this shirt! So comfy and cute. I ordered a Large because I wanted the shirt to be bigger as opposed to fitted. I’ve gotten so many compliments. Shipping was super fast too!,https://www.etsy.com/listing/1192937070/princess-diana-retro-shirt-princess?ref=shop_review,https://i.etsystatic.com/3824318637/r/il/39482f/3824318637/il_170x135.3824318637_dn7s.jpg,"Princess Diana Retro Shirt, Princess Diana Fan Shirt, Princess Diana Shirt, Princess Diana Unisex Shirt, Princess Diana Public Figure Tee"
https://i.etsystatic.com/site-assets/images/avatars/default_avatar.png?width=75,"on Jun 23, 2022",Ellen,https://www.etsy.com/people/eepj?ref=shop_review,5 out of 5 stars,The shirt was exactly as promised and arrived very quickly!,https://www.etsy.com/listing/1193966398/jared-leto-retro-shirt-jared-leto-homage?ref=shop_review,https://i.etsystatic.com/3780480450/r/il/aa8b16/3780480450/il_170x135.3780480450_45ia.jpg,"Jared Leto Retro Shirt, Jared Leto Homage Shirt, Jared Leto Shirt, Jared Leto Funny Shirt, Unisex Shirt, Jared Leto Actor Singer Tee"
https://i.etsystatic.com/site-assets/images/avatars/default_avatar.png?width=75,"on Jun 23, 2022",Angelica,https://www.etsy.com/people/f022ox9exdpd2yje?ref=shop_review,5 out of 5 stars,Great Print quality and quick shipping,https://www.etsy.com/listing/1188411882/jack-harlow-homage-shirt-rapper-hip-hop?ref=shop_review,https://i.etsystatic.com/3759506488/r/il/ecc352/3759506488/il_170x135.3759506488_163c.jpg,"Jack Harlow Homage Shirt, Rapper Hip Hop Style 90s Shirt, Industry Baby Shirt, Jack Harlow Gift For Him Her Tees, Jack Harlow Tshirt"
https://i.etsystatic.com/site-assets/images/avatars/default_avatar.png?width=75,"on Jun 23, 2022",Sam,https://www.etsy.com/people/eytv5m6tspu6hvrl?ref=shop_review,5 out of 5 stars,Great shirt and the seller sent updates on when it entered production and when it was shipped. Can’t wait to wear this out!,https://www.etsy.com/listing/1241698549/kate-bush-retro-shirt-kate-bush-shirt?ref=shop_review,https://i.etsystatic.com/3953618817/r/il/1a202e/3953618817/il_170x135.3953618817_1uoc.jpg,"Kate Bush Retro Shirt, Kate Bush Shirt, Kate Bush Retro Shirt, Kate Bush 90's Vintage Homage Shirt, Kate Bush Gift for fan"
https://i.etsystatic.com/site-assets/images/avatars/default_avatar.png?width=75,"on Jun 25, 2022",Etsy buyer,https://www.etsy.com/people/bmountz103?ref=shop_review,5 out of 5 stars,,https://www.etsy.com/listing/1228300532/hellfire-club-retro-shirt-hellfire-club?ref=shop_review,https://i.etsystatic.com/3955804773/r/il/41e47f/3955804773/il_170x135.3955804773_m2gw.jpg,"Hellfire Club Retro Shirt, Hellfire Club Shirt, Hellfire Club Tank Top, Hellfire Club Homage Shirt, Hellfire Club Gift for fan"
https://i.etsystatic.com/site-assets/images/avatars/default_avatar.png?width=75,"on Jun 24, 2022",Adriana,https://www.etsy.com/people/yhm5rwrz?ref=shop_review,5 out of 5 stars,,https://www.etsy.com/listing/1195816022/michael-b-jordan-retro-shirt-michael-b?ref=shop_review,https://i.etsystatic.com/3787448204/r/il/ba49f8/3787448204/il_170x135.3787448204_rgep.jpg,"Michael B. Jordan Retro Shirt, Michael B. Jordan Homage Shirt, Michael B. Jordan Shirt, Unisex Shirt, Michael B. Jordan Actor Shirt Tee"
https://i.etsystatic.com/iusa/e67fd8/111624922/iusa_75x75.111624922_jzea.jpg?version=0,"on Jun 24, 2022",Rylie,https://www.etsy.com/people/4ogsgiv6?ref=shop_review,5 out of 5 stars,,https://www.etsy.com/listing/1205450557/rex-orange-county-retro-shirt-rex-orange?ref=shop_review,https://i.etsystatic.com/3818806699/r/il/d868e3/3818806699/il_170x135.3818806699_2762.jpg,"Rex Orange County Retro Shirt, Rex Orange County Shirt, Rex Orange County Shirt, Rex Orange County 90's Vintage Homage Shirt, Gift for fan"
https://i.etsystatic.com/site-assets/images/avatars/default_avatar.png?width=75,"on Jun 22, 2022",Etsy buyer,https://www.etsy.com/people/margaritavil85?ref=shop_review,5 out of 5 stars,,,,
https://i.etsystatic.com/site-assets/images/avatars/default_avatar.png?width=75,"on Jun 22, 2022",Addison,https://www.etsy.com/people/3q0yqxeril2hop6b?ref=shop_review,5 out of 5 stars,,,,
https://i.etsystatic.com/iusa/1ac479/75100510/iusa_75x75.75100510_h5xz.jpg?version=0,"on Jun 21, 2022",Bridget,https://www.etsy.com/people/kh1vi1zq?ref=shop_review,5 out of 5 stars,,https://www.etsy.com/listing/1237255925/custom-order-vintage-shirt-up-to-you?ref=shop_review,https://i.etsystatic.com/3889504952/r/il/1908ec/3889504952/il_170x135.3889504952_muab.jpg,"Custom Order Vintage Shirt, Up to You Shirt, Insert Your Design, Personalized Shirt, Customized Shirt, Change Your Design Here Shirt"
https://i.etsystatic.com/iusa/9e29a4/22082438/iusa_75x75.22082438_qh72.jpg?version=0,"on Jun 11, 2022",Ashley,https://www.etsy.com/people/LaGator?ref=shop_review,5 out of 5 stars,"FANTASTIC! Looks great, shipped fast, couldn’t ask for better. My Stranger-Things fan daughter loves it ❤️",https://www.etsy.com/listing/1228300532/hellfire-club-retro-shirt-hellfire-club?ref=shop_review,https://i.etsystatic.com/3955804773/r/il/41e47f/3955804773/il_170x135.3955804773_m2gw.jpg,"Hellfire Club Retro Shirt, Hellfire Club Shirt, Hellfire Club Tank Top, Hellfire Club Homage Shirt, Hellfire Club Gift for fan"
https://i.etsystatic.com/site-assets/images/avatars/default_avatar.png?width=75,"on Jun 9, 2022",Isabella,https://www.etsy.com/people/isabellaceleste?ref=shop_review,5 out of 5 stars,"Super fast shipping, the seller was super nice and communicated with me throughout the whole process. Would definitely buy from them again :)",https://www.etsy.com/listing/1208542565/nicolas-cage-retro-shirt-nicolas-cage?ref=shop_review,https://i.etsystatic.com/3830370967/r/il/9fb621/3830370967/il_170x135.3830370967_lozw.jpg,"Nicolas Cage Retro Shirt, Nicolas Cage Homage Shirt, Nicolas Cage Shirt, Nicolas Cage Actor Shirt, Unisex Shirt, Nicolas Cage Actor Tee"
https://i.etsystatic.com/iusa/45918e/58229186/iusa_75x75.58229186_jhn5.jpg?version=0,"on Jun 7, 2022",Etsy buyer,https://www.etsy.com/people/BgReilly?ref=shop_review,5 out of 5 stars,Great product and fast shipping!,https://www.etsy.com/listing/1192937070/princess-diana-retro-shirt-princess?ref=shop_review,https://i.etsystatic.com/3824318635/r/il/845fc0/3824318635/il_170x135.3824318635_r8u5.jpg,"Princess Diana Retro Shirt, Princess Diana Fan Shirt, Princess Diana Shirt, Princess Diana Unisex Shirt, Princess Diana Public Figure Tee"
https://i.etsystatic.com/site-assets/images/avatars/default_avatar.png?width=75,"on Jun 10, 2022",Christen,https://www.etsy.com/people/ifapg04bqmzagcpy?ref=shop_review,5 out of 5 stars,,https://www.etsy.com/listing/1194005986/glass-animals-glass-animals-heat-waves?ref=shop_review,https://i.etsystatic.com/3828212375/r/il/b94921/3828212375/il_170x135.3828212375_83ai.jpg,"Glass Animals, Glass Animals  Heat Waves Shirt, Glass Animals Shirt, Glass Animals Homage Shirt, Glass Animals Heat Waaves Tour Merch Shirt"
https://i.etsystatic.com/iusa/e6c70e/108019271/iusa_75x75.108019271_n3mr.jpg?version=0,"on Jun 10, 2022",Sydney,https://www.etsy.com/people/sydneyybaileyy?ref=shop_review,5 out of 5 stars,,https://www.etsy.com/listing/1205450557/rex-orange-county-retro-shirt-rex-orange?ref=shop_review,https://i.etsystatic.com/3818806699/r/il/d868e3/3818806699/il_170x135.3818806699_2762.jpg,"Rex Orange County Retro Shirt, Rex Orange County Shirt, Rex Orange County Shirt, Rex Orange County 90's Vintage Homage Shirt, Gift for fan"
https://i.etsystatic.com/site-assets/images/avatars/default_avatar.png?width=75,"on Jun 10, 2022",Amari,https://www.etsy.com/people/rzb4h88r?ref=shop_review,5 out of 5 stars,,https://www.etsy.com/listing/1226931599/giveon-heartbreak-anniversary-sweatshirt?ref=shop_review,https://i.etsystatic.com/3852759102/r/il/6a3ad1/3852759102/il_170x135.3852759102_2mrp.jpg,"Giveon Heartbreak Anniversary Sweatshirt, Giveon Vintage Sweatshirt, GIVEON Rap Hip Hop 90s Sweater, Gift for Men and Women, Unisex Clothes"
https://i.etsystatic.com/site-assets/images/avatars/default_avatar.png?width=75,"on Jun 9, 2022",isabella,https://www.etsy.com/people/s0ca2vk3?ref=shop_review,4 out of 5 stars,,https://www.etsy.com/listing/1228300532/hellfire-club-retro-shirt-hellfire-club?ref=shop_review,https://i.etsystatic.com/3955804773/r/il/41e47f/3955804773/il_170x135.3955804773_m2gw.jpg,"Hellfire Club Retro Shirt, Hellfire Club Shirt, Hellfire Club Tank Top, Hellfire Club Homage Shirt, Hellfire Club Gift for fan"
https://i.etsystatic.com/iusa/ba01e6/98233411/iusa_75x75.98233411_d4ev.jpg?version=0,"on Jun 9, 2022",jolie,https://www.etsy.com/people/lzctzla9?ref=shop_review,5 out of 5 stars,,https://www.etsy.com/listing/1214632679/adele-retro-shirt-adele-shirt-adele-easy?ref=shop_review,https://i.etsystatic.com/3853341029/r/il/753c35/3853341029/il_170x135.3853341029_7aes.jpg,"Adele Retro Shirt, Adele Shirt, Adele Easy On Me Shirt, Adele 90's Vintage Shirt, Adele Gift for fan, Adele Tour Merch Shirt, Adele Tshirt"
https://i.etsystatic.com/site-assets/images/avatars/default_avatar.png?width=75,"on Jun 8, 2022",mariah,https://www.etsy.com/people/jc67jpcf?ref=shop_review,5 out of 5 stars,,https://www.etsy.com/listing/1207980837/adam-sandler-retro-sweatshirt-adam?ref=shop_review,https://i.etsystatic.com/3780663864/r/il/13f7f5/3780663864/il_170x135.3780663864_3vt5.jpg,"Adam Sandler Retro Sweatshirt, Adam Sandler Homage Sweatshirt, Adam Sandler Sweatshirt, Adam Sandler Unisex Sweatshirt, Adam Sandler Unisex"
https://i.etsystatic.com/site-assets/images/avatars/default_avatar.png?width=75,"on Jun 7, 2022",Abigail,https://www.etsy.com/people/nkjxv7obkm93ygaa?ref=shop_review,5 out of 5 stars,,https://www.etsy.com/listing/1194192724/johnny-depp-retro-shirt-johnny-depp?ref=shop_review,https://i.etsystatic.com/3828986907/r/il/6e2fb6/3828986907/il_170x135.3828986907_1q94.jpg,"Johnny Depp Retro Shirt, Johnny Depp Homage Shirt, Johnny Depp Shirt, Johnny Depp Funny Shirt, Unisex Shirt, Johnny Depp Actor Tee"
https://i.etsystatic.com/iusa/8b2e09/82760670/iusa_75x75.82760670_578s.jpg?version=0,"on May 26, 2022",Alivia,https://www.etsy.com/people/u9beelbt?ref=shop_review,5 out of 5 stars,I’m so happy with my purchase!,https://www.etsy.com/listing/1201894091/michael-scott-retro-shirt-michael-scott?ref=shop_review,https://i.etsystatic.com/3805552511/r/il/9afdbe/3805552511/il_170x135.3805552511_pw6t.jpg,"Michael Scott Retro Shirt, Michael Scott Homage Shirt US Office TV Show Retro 90's Vintage Funny, Michael Scott Fan Shirt"
https://i.etsystatic.com/site-assets/images/avatars/default_avatar.png?width=75,"on May 26, 2022",breanna,https://www.etsy.com/people/g42d9reh75q0w8t3?ref=shop_review,5 out of 5 stars,"10/10 Customer service was great, the shirt was exactly as pictured with a light fit (great for an upcoming concert!) I will definitely be purchasing again from this shop in the future! Thank you!",https://www.etsy.com/listing/1197914406/dave-grohl-homage-shirt-dave-grohl?ref=shop_review,https://i.etsystatic.com/3843014961/r/il/7ae56d/3843014961/il_170x135.3843014961_41m9.jpg,"Dave Grohl Homage Shirt, Dave Grohl Vintage Shirt, Dave Grohl Fan Shirt, Dave Grohl Gift For Him Her Tees, Dave Grohl Tee, Rock Band Shirt"
https://i.etsystatic.com/site-assets/images/avatars/default_avatar.png?width=75,"Etsy buyer on May 27, 2022",,,5 out of 5 stars,,https://www.etsy.com/listing/1205450557/rex-orange-county-retro-shirt-rex-orange?ref=shop_review,https://i.etsystatic.com/3771207898/r/il/9c38d1/3771207898/il_170x135.3771207898_7p53.jpg,"Rex Orange County Retro Shirt, Rex Orange County Shirt, Rex Orange County Shirt, Rex Orange County 90's Vintage Homage Shirt, Gift for fan"
https://i.etsystatic.com/site-assets/images/avatars/default_avatar.png?width=75,"on May 27, 2022",Mandy,https://www.etsy.com/people/mjlaffartha328?ref=shop_review,5 out of 5 stars,,https://www.etsy.com/listing/1187145730/tom-hardy-vintage-retro-shirt-tom-hardy?ref=shop_review,https://i.etsystatic.com/3754707948/r/il/335947/3754707948/il_170x135.3754707948_i7np.jpg,"Tom Hardy Vintage Retro Shirt, Tom Hardy Shirt Vintage, Tom Hardy Fan Shirt, Tom Hardy Unisex Shirt , Tom Hardy Tee"
https://i.etsystatic.com/iusa/f252a6/69938062/iusa_75x75.69938062_mawv.jpg?version=0,"on May 27, 2022",Sarah,https://www.etsy.com/people/xc9f45lc?ref=shop_review,5 out of 5 stars,,https://www.etsy.com/listing/1188411882/jack-harlow-homage-shirt-rapper-hip-hop?ref=shop_review,https://i.etsystatic.com/3759506492/r/il/23805c/3759506492/il_170x135.3759506492_el0p.jpg,"Jack Harlow Homage Shirt, Rapper Hip Hop Style 90s Shirt, Industry Baby Shirt, Jack Harlow Gift For Him Her Tees, Jack Harlow Tshirt"
https://i.etsystatic.com/iusa/b3d9d0/52623164/iusa_75x75.52623164_atmw.jpg?version=0,"on May 27, 2022",Robert,https://www.etsy.com/people/robertdeannola?ref=shop_review,5 out of 5 stars,,https://www.etsy.com/listing/1183081174/fugazi-shirt-fugazi-indie-rock-shirt?ref=shop_review,https://i.etsystatic.com/3738813194/r/il/c7d474/3738813194/il_170x135.3738813194_1jzi.jpg,"FUGAZI Shirt, Fugazi Indie Rock Shirt, Unisex T-Shirt , Fugazi Band Shirt, Vintage Shirt, Fan Gift, Fugazi Vintage Retro Gift, Rock Shirt"
https://i.etsystatic.com/site-assets/images/avatars/default_avatar.png?width=75,"on May 25, 2022",Rachel,https://www.etsy.com/people/vpjhvefo?ref=shop_review,5 out of 5 stars,,https://www.etsy.com/listing/1201857619/boy-pablo-retro-shirt-boy-pablo-homage?ref=shop_review,https://i.etsystatic.com/3757613728/r/il/00e332/3757613728/il_170x135.3757613728_2ets.jpg,"Boy Pablo Retro Shirt, Boy Pablo Homage Shirt, Boy Pablo Fan Shirt, Boy Pablo Unisex Shirt, Boy Pablo 90's Vintage Homage Shirt"
https://i.etsystatic.com/iusa/c56839/97289505/iusa_75x75.97289505_f37y.jpg?version=0,"on May 25, 2022",Tracy,https://www.etsy.com/people/j6gjscg1918a5br7?ref=shop_review,5 out of 5 stars,,https://www.etsy.com/listing/1190783764/jim-carrey-retro-shirt-jim-carrey-homage?ref=shop_review,https://i.etsystatic.com/3816180991/r/il/b2142b/3816180991/il_170x135.3816180991_gy6v.jpg,"Jim Carrey Retro Shirt, Jim Carrey Homage Shirt, Jim Carrey Shirt, Jim Carrey Funny Shirt, Unisex Shirt, Jim Carrey Actor Comedian Tee"
https://i.etsystatic.com/iusa/78c828/90939969/iusa_75x75.90939969_ab2s.jpg?version=0,"on May 23, 2022",Angelica,https://www.etsy.com/people/angiefelds?ref=shop_review,5 out of 5 stars,,https://www.etsy.com/listing/1188411882/jack-harlow-homage-shirt-rapper-hip-hop?ref=shop_review,https://i.etsystatic.com/3807108849/r/il/bf02a2/3807108849/il_170x135.3807108849_c7on.jpg,"Jack Harlow Homage Shirt, Rapper Hip Hop Style 90s Shirt, Industry Baby Shirt, Jack Harlow Gift For Him Her Tees, Jack Harlow Tshirt"
https://i.etsystatic.com/site-assets/images/avatars/default_avatar.png?width=75,"on May 22, 2022",Kelsey,https://www.etsy.com/people/2ommnxok?ref=shop_review,5 out of 5 stars,,https://www.etsy.com/listing/1205450557/rex-orange-county-retro-shirt-rex-orange?ref=shop_review,https://i.etsystatic.com/3818806699/r/il/d868e3/3818806699/il_170x135.3818806699_2762.jpg,"Rex Orange County Retro Shirt, Rex Orange County Shirt, Rex Orange County Shirt, Rex Orange County 90's Vintage Homage Shirt, Gift for fan"
https://i.etsystatic.com/iusa/30b92e/82649050/iusa_75x75.82649050_prqu.jpg?version=0,"on May 15, 2022",Simone,https://www.etsy.com/people/simone1912?ref=shop_review,5 out of 5 stars,I love it (: 10/10,https://www.etsy.com/listing/1205450557/rex-orange-county-retro-shirt-rex-orange?ref=shop_review,https://i.etsystatic.com/3818806699/r/il/d868e3/3818806699/il_170x135.3818806699_2762.jpg,"Rex Orange County Retro Shirt, Rex Orange County Shirt, Rex Orange County Shirt, Rex Orange County 90's Vintage Homage Shirt, Gift for fan"
https://i.etsystatic.com/iusa/d8459d/55617004/iusa_75x75.55617004_1d6a.jpg?version=0,"on May 11, 2022",Christine,https://www.etsy.com/people/6la8e8c0?ref=shop_review,5 out of 5 stars,"love the printing, ty dear!",https://www.etsy.com/listing/1188721970/bretman-rock-retro-shirt-bretman-rock?ref=shop_review,https://i.etsystatic.com/3808441887/r/il/78b28f/3808441887/il_170x135.3808441887_6px7.jpg,"Bretman Rock Retro Shirt, Bretman Rock Influencer Shirt, Bretman Rock Fan Shirt, Bretman Rock Unisex Shirt, Bretman Rock Comedian Tee"
https://i.etsystatic.com/iusa/bf0adf/100737296/iusa_75x75.100737296_mpfi.jpg?version=0,"on May 9, 2022",Emily,https://www.etsy.com/people/emilyraebales?ref=shop_review,5 out of 5 stars,Absolutely LOVE the shirt it’s so old school I’m in love,https://www.etsy.com/listing/1188411882/jack-harlow-homage-shirt-rapper-hip-hop?ref=shop_review,https://i.etsystatic.com/3807108855/r/il/92c019/3807108855/il_170x135.3807108855_narb.jpg,"Jack Harlow Homage Shirt, Rapper Hip Hop Style 90s Shirt, Industry Baby Shirt, Jack Harlow Gift For Him Her Tees, Jack Harlow Tshirt"
https://i.etsystatic.com/iusa/5093c8/86921337/iusa_75x75.86921337_qr52.jpg?version=0,"on May 9, 2022",Michelle,https://www.etsy.com/people/o36cbk7s?ref=shop_review,5 out of 5 stars,I’m so happy with my Fugazi t-shirt! It’s so cool! Yay!,https://www.etsy.com/listing/1183081174/fugazi-shirt-fugazi-indie-rock-shirt?ref=shop_review,https://i.etsystatic.com/3786400655/r/il/28fa63/3786400655/il_170x135.3786400655_qkid.jpg,"FUGAZI Shirt, Fugazi Indie Rock Shirt, Unisex T-Shirt , Fugazi Band Shirt, Vintage Shirt, Fan Gift, Fugazi Vintage Retro Gift, Rock Shirt"
https://i.etsystatic.com/iusa/c25a1e/76450164/iusa_75x75.76450164_k7lx.jpg?version=0,"on May 17, 2022",Yolanda,https://www.etsy.com/people/yolandarobinson619?ref=shop_review,5 out of 5 stars,,https://www.etsy.com/listing/1192111872/tom-misch-retro-shirt-tom-misch-movie?ref=shop_review,https://i.etsystatic.com/3773463724/r/il/8c21ee/3773463724/il_170x135.3773463724_tpk5.jpg,"Tom Misch Retro Shirt, Tom Misch Movie Shirt, Tom Misch Shirt, Tom Misch 90's Vintage Homage Shirt, Tom Misch Gift for fan, Tom Misch Movie"
https://i.etsystatic.com/iusa/1bd1a1/41947424/iusa_75x75.41947424_d32s.jpg?version=0,"on May 15, 2022",Etsy buyer,https://www.etsy.com/people/cattr21?ref=shop_review,5 out of 5 stars,,https://www.etsy.com/listing/1214636149/leonardo-dicaprio-retro-shirt-leonardo?ref=shop_review,https://i.etsystatic.com/3853361339/r/il/3dda98/3853361339/il_170x135.3853361339_apvu.jpg,"Leonardo DiCaprio Retro Shirt, Leonardo DiCaprio Shirt, Leonardo Di Caprio Vintage Shirt, Leonardo Di Caprio Gift for fan, DiCaprio Shirt"
https://i.etsystatic.com/iusa/478ea8/50025252/iusa_75x75.50025252_n2ul.jpg?version=0,"on May 14, 2022",Katherine,https://www.etsy.com/people/katherinemcdermott2?ref=shop_review,5 out of 5 stars,,https://www.etsy.com/listing/1204107132/alex-turner-retro-shirt-alex-turner?ref=shop_review,https://i.etsystatic.com/3819947534/r/il/849302/3819947534/il_170x135.3819947534_hq4g.jpg,"Alex Turner Retro Shirt, Alex Turner Homage Shirt, Alex Turner Fan Shirt, Alex Turner Unisex Shirt, Alex Turner 505 Tee, Alex Turner Tee"
https://i.etsystatic.com/iusa/bae983/83651140/iusa_75x75.83651140_4tim.jpg?version=0,"on May 11, 2022",Dani,https://www.etsy.com/people/danicalhoon?ref=shop_review,5 out of 5 stars,,https://www.etsy.com/listing/1198920310/raccoon-homage-shirt-raccoon-hip-hop?ref=shop_review,https://i.etsystatic.com/3799090884/r/il/825913/3799090884/il_170x135.3799090884_d4pg.jpg,"Raccoon Homage Shirt, Raccoon Hip Hop Style 90s Shirt, Raccoon Shirt, Raccoon Funny Gift For Him Her Tees, Cute Raccoon Tshirt"
https://i.etsystatic.com/iusa/d10abb/102615669/iusa_75x75.102615669_2v8d.jpg?version=0,"on May 11, 2022",Allison,https://www.etsy.com/people/m4ys7wmv0gmhq58i?ref=shop_review,5 out of 5 stars,,https://www.etsy.com/listing/1204182645/pavement-vintage-t-shirt-pavement-shirt?ref=shop_review,https://i.etsystatic.com/3813924909/r/il/143901/3813924909/il_170x135.3813924909_5e1t.jpg,"Pavement Vintage T-Shirt - Pavement Shirt, Pavement Band Shirt, Rock Music, Gift Music Lovers, Pavement Band Rock Merch, Pavement Merch"
https://i.etsystatic.com/iusa/164c86/92868369/iusa_75x75.92868369_e9ec.jpg?version=0,"on May 10, 2022",Yuliana,https://www.etsy.com/people/ci90twih3bmlnskx?ref=shop_review,4 out of 5 stars,,https://www.etsy.com/listing/1187145730/tom-hardy-vintage-retro-shirt-tom-hardy?ref=shop_review,https://i.etsystatic.com/3754707948/r/il/335947/3754707948/il_170x135.3754707948_i7np.jpg,"Tom Hardy Vintage Retro Shirt, Tom Hardy Shirt Vintage, Tom Hardy Fan Shirt, Tom Hardy Unisex Shirt , Tom Hardy Tee"
https://i.etsystatic.com/site-assets/images/avatars/default_avatar.png?width=75,"Inactive account on Apr 26, 2022",,,5 out of 5 stars,Obsessed,https://www.etsy.com/listing/1188411882/jack-harlow-homage-shirt-rapper-hip-hop?ref=shop_review,https://i.etsystatic.com/3759506492/r/il/23805c/3759506492/il_170x135.3759506492_el0p.jpg,"Jack Harlow Homage Shirt, Rapper Hip Hop Style 90s Shirt, Industry Baby Shirt, Jack Harlow Gift For Him Her Tees, Jack Harlow Tshirt"
https://i.etsystatic.com/iusa/c7f13a/93680008/iusa_75x75.93680008_kqht.jpg?version=0,"on Apr 29, 2022",sarah,https://www.etsy.com/people/sarahefird00?ref=shop_review,5 out of 5 stars,,https://www.etsy.com/listing/1188411882/jack-harlow-homage-shirt-rapper-hip-hop?ref=shop_review,https://i.etsystatic.com/3759506492/r/il/23805c/3759506492/il_170x135.3759506492_el0p.jpg,"Jack Harlow Homage Shirt, Rapper Hip Hop Style 90s Shirt, Industry Baby Shirt, Jack Harlow Gift For Him Her Tees, Jack Harlow Tshirt"
https://i.etsystatic.com/site-assets/images/avatars/default_avatar.png?width=75,"on Apr 23, 2022",Kevin,https://www.etsy.com/people/kyfhomam?ref=shop_review,5 out of 5 stars,,https://www.etsy.com/listing/1192937070/princess-diana-retro-shirt-princess?ref=shop_review,https://i.etsystatic.com/3824318635/r/il/845fc0/3824318635/il_170x135.3824318635_r8u5.jpg,"Princess Diana Retro Shirt, Princess Diana Fan Shirt, Princess Diana Shirt, Princess Diana Unisex Shirt, Princess Diana Public Figure Tee"
https://i.etsystatic.com/iusa/066fe6/71731723/iusa_75x75.71731723_t1r5.jpg?version=0,"on Apr 17, 2022",Deja,https://www.etsy.com/people/qfzh14wy?ref=shop_review,5 out of 5 stars,,https://www.etsy.com/listing/1188411882/jack-harlow-homage-shirt-rapper-hip-hop?ref=shop_review,https://i.etsystatic.com/3759506922/r/il/1cb0ee/3759506922/il_170x135.3759506922_4y25.jpg,"Jack Harlow Homage Shirt, Rapper Hip Hop Style 90s Shirt, Industry Baby Shirt, Jack Harlow Gift For Him Her Tees, Jack Harlow Tshirt"
https://i.etsystatic.com/site-assets/images/avatars/default_avatar.png?width=75,"on Apr 4, 2022",gianna,https://www.etsy.com/people/vyln5ots?ref=shop_review,5 out of 5 stars,,https://www.etsy.com/listing/1190249192/adam-sandler-retro-shirtadam-sandler?ref=shop_review,https://i.etsystatic.com/3814003285/r/il/3dc044/3814003285/il_170x135.3814003285_rugj.jpg,"Adam Sandler Retro Shirt,Adam Sandler Homage Shirt, Adam Sandler Fan Shirt, Adam Sandler Unisex Shirt, Adam Sandler Actor Comedian Tee"
